[21Mar2026 17:48:55.550] [main/INFO] [cpw.mods.modlauncher.Launcher/MODLAUNCHER]: ModLauncher running: args [--launchTarget, forgeclientuserdev, --version, MOD_DEV, --assetIndex, 5, --assetsDir, C:\Users\ashwa\.gradle\caches\forge_gradle\assets, --gameDir, ., --fml.forgeVersion, 47.4.15, --fml.mcVersion, 1.20.1, --fml.forgeGroup, net.minecraftforge, --fml.mcpVersion, 20230612.114412, --mixin.config, oneironaut.mixins.json]
[21Mar2026 17:48:55.577] [main/INFO] [cpw.mods.modlauncher.Launcher/MODLAUNCHER]: ModLauncher 10.0.9+10.0.9+main.dcd20f30 starting: java version 17.0.17 by Eclipse Adoptium; OS Windows 11 arch amd64 version 10.0
[21Mar2026 17:48:55.623] [main/DEBUG] [cpw.mods.modlauncher.LaunchServiceHandler/MODLAUNCHER]: Found launch services [fmlclientdev,forgeclient,minecraft,forgegametestserverdev,fmlserveruserdev,fmlclient,fmldatauserdev,forgeserverdev,forgeserveruserdev,forgeclientdev,forgeclientuserdev,forgeserver,forgedatadev,fmlserver,fmlclientuserdev,fmlserverdev,forgedatauserdev,testharness,forgegametestserveruserdev]
[21Mar2026 17:48:55.645] [main/DEBUG] [cpw.mods.modlauncher.NameMappingServiceHandler/MODLAUNCHER]: Found naming services : [srgtomcp]
[21Mar2026 17:48:55.658] [main/DEBUG] [cpw.mods.modlauncher.LaunchPluginHandler/MODLAUNCHER]: Found launch plugins: [mixin,eventbus,slf4jfixer,object_holder_definalize,runtime_enum_extender,capability_token_subclass,accesstransformer,runtimedistcleaner]
[21Mar2026 17:48:55.668] [main/DEBUG] [cpw.mods.modlauncher.TransformationServicesHandler/MODLAUNCHER]: Discovering transformation services
[21Mar2026 17:48:55.675] [main/DEBUG] [net.minecraftforge.fml.loading.FMLPaths/CORE]: Path GAMEDIR is D:\Intelij Projects\oneironautfinal\run
[21Mar2026 17:48:55.676] [main/DEBUG] [net.minecraftforge.fml.loading.FMLPaths/CORE]: Path MODSDIR is D:\Intelij Projects\oneironautfinal\run\mods
[21Mar2026 17:48:55.676] [main/DEBUG] [net.minecraftforge.fml.loading.FMLPaths/CORE]: Path CONFIGDIR is D:\Intelij Projects\oneironautfinal\run\config
[21Mar2026 17:48:55.677] [main/DEBUG] [net.minecraftforge.fml.loading.FMLPaths/CORE]: Path FMLCONFIG is D:\Intelij Projects\oneironautfinal\run\config\fml.toml
[21Mar2026 17:48:55.725] [main/DEBUG] [cpw.mods.modlauncher.TransformationServicesHandler/MODLAUNCHER]: Found additional transformation services from discovery services: 
[21Mar2026 17:48:55.729] [main/INFO] [net.minecraftforge.fml.loading.ImmediateWindowHandler/]: Loading ImmediateWindowProvider fmlearlywindow
[21Mar2026 17:48:55.927] [main/INFO] [EARLYDISPLAY/]: Trying GL version 4.6
[21Mar2026 17:48:56.186] [main/INFO] [EARLYDISPLAY/]: Requested GL version 4.6 got version 4.6
[21Mar2026 17:48:56.263] [main/DEBUG] [cpw.mods.modlauncher.TransformationServicesHandler/MODLAUNCHER]: Found transformer services : [mixin,fml]
[21Mar2026 17:48:56.264] [main/DEBUG] [cpw.mods.modlauncher.TransformationServicesHandler/MODLAUNCHER]: Transformation services loading
[21Mar2026 17:48:56.264] [main/DEBUG] [cpw.mods.modlauncher.TransformationServiceDecorator/MODLAUNCHER]: Loading service mixin
[21Mar2026 17:48:56.265] [main/DEBUG] [cpw.mods.modlauncher.TransformationServiceDecorator/MODLAUNCHER]: Loaded service mixin
[21Mar2026 17:48:56.265] [main/DEBUG] [cpw.mods.modlauncher.TransformationServiceDecorator/MODLAUNCHER]: Loading service fml
[21Mar2026 17:48:56.266] [main/DEBUG] [net.minecraftforge.fml.loading.LauncherVersion/CORE]: Found FMLLauncher version 1.0
[21Mar2026 17:48:56.266] [main/DEBUG] [net.minecraftforge.fml.loading.FMLLoader/CORE]: FML 1.0 loading
[21Mar2026 17:48:56.266] [main/DEBUG] [net.minecraftforge.fml.loading.FMLLoader/CORE]: FML found ModLauncher version : 10.0.9+10.0.9+main.dcd20f30
[21Mar2026 17:48:56.266] [main/DEBUG] [net.minecraftforge.fml.loading.FMLLoader/CORE]: Requesting CoreMods to not apply the fix for ASMAPI.findFirstInstructionBefore by default
[21Mar2026 17:48:56.267] [main/DEBUG] [net.minecraftforge.fml.loading.FMLLoader/CORE]: FML found AccessTransformer version : 8.0.4+66+master.c09db6d7
[21Mar2026 17:48:56.267] [main/DEBUG] [net.minecraftforge.fml.loading.FMLLoader/CORE]: FML found EventBus version : 6.0.5+6.0.5+master.eb8e549b
[21Mar2026 17:48:56.267] [main/DEBUG] [net.minecraftforge.fml.loading.FMLLoader/CORE]: Found Runtime Dist Cleaner
[21Mar2026 17:48:56.269] [main/DEBUG] [net.minecraftforge.coremod.CoreModEngine/]: CoreMods will preserve legacy behavior of ASMAPI.findFirstInstructionBefore for backwards-compatibility
[21Mar2026 17:48:56.270] [main/DEBUG] [net.minecraftforge.fml.loading.FMLLoader/CORE]: FML found CoreMod version : 5.2.4
[21Mar2026 17:48:56.270] [main/DEBUG] [net.minecraftforge.fml.loading.FMLLoader/CORE]: Found ForgeSPI package implementation version 7.0.1+7.0.1+master.d2b38bf6
[21Mar2026 17:48:56.270] [main/DEBUG] [net.minecraftforge.fml.loading.FMLLoader/CORE]: Found ForgeSPI package specification 5
[21Mar2026 17:48:56.271] [main/DEBUG] [cpw.mods.modlauncher.TransformationServiceDecorator/MODLAUNCHER]: Loaded service fml
[21Mar2026 17:48:56.271] [main/DEBUG] [cpw.mods.modlauncher.TransformationServicesHandler/MODLAUNCHER]: Configuring option handling for services
[21Mar2026 17:48:56.275] [main/DEBUG] [cpw.mods.modlauncher.TransformationServicesHandler/MODLAUNCHER]: Transformation services initializing
[21Mar2026 17:48:56.275] [main/DEBUG] [cpw.mods.modlauncher.TransformationServiceDecorator/MODLAUNCHER]: Initializing transformation service mixin
[21Mar2026 17:48:56.287] [main/DEBUG] [mixin/]: MixinService [ModLauncher] was successfully booted in cpw.mods.cl.ModuleClassLoader@6a28ffa4
[21Mar2026 17:48:56.296] [main/INFO] [mixin/]: SpongePowered MIXIN Subsystem Version=0.8.5 Source=union:/C:/Users/ashwa/.gradle/caches/modules-2/files-2.1/org.spongepowered/mixin/0.8.5/9d1c0c3a304ae6697ecd477218fa61b850bf57fc/mixin-0.8.5.jar%23129!/ Service=ModLauncher Env=CLIENT
[21Mar2026 17:48:56.298] [main/DEBUG] [mixin/]: Initialising Mixin Platform Manager
[21Mar2026 17:48:56.298] [main/DEBUG] [mixin/]: Adding mixin platform agents for container ModLauncher Root Container(ModLauncher:4f56a0a2)
[21Mar2026 17:48:56.299] [main/DEBUG] [mixin/]: Instancing new MixinPlatformAgentMinecraftForge for ModLauncher Root Container(ModLauncher:4f56a0a2)
[21Mar2026 17:48:56.299] [main/DEBUG] [mixin/]: MixinPlatformAgentMinecraftForge rejected container ModLauncher Root Container(ModLauncher:4f56a0a2)
[21Mar2026 17:48:56.299] [main/DEBUG] [mixin/]: Instancing new MixinPlatformAgentDefault for ModLauncher Root Container(ModLauncher:4f56a0a2)
[21Mar2026 17:48:56.300] [main/DEBUG] [mixin/]: MixinPlatformAgentDefault accepted container ModLauncher Root Container(ModLauncher:4f56a0a2)
[21Mar2026 17:48:56.301] [main/DEBUG] [cpw.mods.modlauncher.TransformationServiceDecorator/MODLAUNCHER]: Initialized transformation service mixin
[21Mar2026 17:48:56.301] [main/DEBUG] [cpw.mods.modlauncher.TransformationServiceDecorator/MODLAUNCHER]: Initializing transformation service fml
[21Mar2026 17:48:56.301] [main/DEBUG] [net.minecraftforge.fml.loading.FMLServiceProvider/CORE]: Setting up basic FML game directories
[21Mar2026 17:48:56.301] [main/DEBUG] [net.minecraftforge.fml.loading.FMLPaths/CORE]: Path GAMEDIR is D:\Intelij Projects\oneironautfinal\run
[21Mar2026 17:48:56.301] [main/DEBUG] [net.minecraftforge.fml.loading.FMLPaths/CORE]: Path MODSDIR is D:\Intelij Projects\oneironautfinal\run\mods
[21Mar2026 17:48:56.302] [main/DEBUG] [net.minecraftforge.fml.loading.FMLPaths/CORE]: Path CONFIGDIR is D:\Intelij Projects\oneironautfinal\run\config
[21Mar2026 17:48:56.302] [main/DEBUG] [net.minecraftforge.fml.loading.FMLPaths/CORE]: Path FMLCONFIG is D:\Intelij Projects\oneironautfinal\run\config\fml.toml
[21Mar2026 17:48:56.302] [main/DEBUG] [net.minecraftforge.fml.loading.FMLServiceProvider/CORE]: Loading configuration
[21Mar2026 17:48:56.303] [main/DEBUG] [net.minecraftforge.fml.loading.FMLServiceProvider/CORE]: Preparing ModFile
[21Mar2026 17:48:56.305] [main/DEBUG] [net.minecraftforge.fml.loading.FMLServiceProvider/CORE]: Preparing launch handler
[21Mar2026 17:48:56.306] [main/DEBUG] [net.minecraftforge.fml.loading.FMLLoader/CORE]: Using forgeclientuserdev as launch service
[21Mar2026 17:48:56.317] [main/DEBUG] [net.minecraftforge.fml.loading.FMLLoader/CORE]: Received command line version data  : VersionInfo[forgeVersion=47.4.15, mcVersion=1.20.1, mcpVersion=20230612.114412, forgeGroup=net.minecraftforge]
[21Mar2026 17:48:56.318] [main/DEBUG] [cpw.mods.modlauncher.TransformationServiceDecorator/MODLAUNCHER]: Initialized transformation service fml
[21Mar2026 17:48:56.319] [main/DEBUG] [cpw.mods.modlauncher.NameMappingServiceHandler/MODLAUNCHER]: Current naming domain is 'mcp'
[21Mar2026 17:48:56.319] [main/DEBUG] [cpw.mods.modlauncher.NameMappingServiceHandler/MODLAUNCHER]: Identified name mapping providers {srg=srgtomcp:1234}
[21Mar2026 17:48:56.319] [main/DEBUG] [cpw.mods.modlauncher.TransformationServicesHandler/MODLAUNCHER]: Transformation services begin scanning
[21Mar2026 17:48:56.320] [main/DEBUG] [cpw.mods.modlauncher.TransformationServiceDecorator/MODLAUNCHER]: Beginning scan trigger - transformation service mixin
[21Mar2026 17:48:56.320] [main/DEBUG] [cpw.mods.modlauncher.TransformationServiceDecorator/MODLAUNCHER]: End scan trigger - transformation service mixin
[21Mar2026 17:48:56.320] [main/DEBUG] [cpw.mods.modlauncher.TransformationServiceDecorator/MODLAUNCHER]: Beginning scan trigger - transformation service fml
[21Mar2026 17:48:56.320] [main/DEBUG] [net.minecraftforge.fml.loading.FMLServiceProvider/CORE]: Initiating mod scan
[21Mar2026 17:48:56.325] [main/DEBUG] [net.minecraftforge.fml.loading.moddiscovery.ModListHandler/CORE]: Found mod coordinates from lists: []
[21Mar2026 17:48:56.327] [main/DEBUG] [net.minecraftforge.fml.loading.moddiscovery.ModDiscoverer/CORE]: Found Mod Locators : (mods folder:null),(maven libs:null),(exploded directory:null),(minecraft:null),(userdev classpath:null)
[21Mar2026 17:48:56.328] [main/DEBUG] [net.minecraftforge.fml.loading.moddiscovery.ModDiscoverer/CORE]: Found Dependency Locators : (JarInJar:null)
[21Mar2026 17:48:56.332] [main/DEBUG] [net.minecraftforge.fml.loading.targets.CommonLaunchHandler/CORE]: Got mod coordinates oneironaut%%D:\Intelij Projects\oneironautfinal\build\resources\main;oneironaut%%D:\Intelij Projects\oneironautfinal\build\classes\java\main;oneironaut%%D:\Intelij Projects\oneironautfinal\build\classes\kotlin\main from env
[21Mar2026 17:48:56.333] [main/DEBUG] [net.minecraftforge.fml.loading.targets.CommonLaunchHandler/CORE]: Found supplied mod coordinates [{oneironaut=[D:\Intelij Projects\oneironautfinal\build\resources\main, D:\Intelij Projects\oneironautfinal\build\classes\java\main, D:\Intelij Projects\oneironautfinal\build\classes\kotlin\main]}]
[21Mar2026 17:48:56.455] [pool-2-thread-1/INFO] [EARLYDISPLAY/]: GL info: NVIDIA GeForce RTX 5070 Laptop GPU/PCIe/SSE2 GL version 4.6.0 NVIDIA 595.79, NVIDIA Corporation
[21Mar2026 17:48:56.524] [main/DEBUG] [net.minecraftforge.fml.loading.moddiscovery.ModFileInfo/LOADING]: Found valid mod file forge-1.20.1-47.4.15_mapped_parchment_2023.09.03-1.20.1.jar with {minecraft} mods - versions {1.20.1}
[21Mar2026 17:48:56.527] [main/DEBUG] [net.minecraftforge.fml.loading.moddiscovery.ModFileParser/LOADING]: Considering mod file candidate C:\Users\ashwa\.gradle\caches\modules-2\files-2.1\net.minecraftforge\javafmllanguage\1.20.1-47.4.15\1836c8e1ded76289dc139f501ed1ac21a538c020\javafmllanguage-1.20.1-47.4.15.jar
[21Mar2026 17:48:56.528] [main/WARN] [net.minecraftforge.fml.loading.moddiscovery.ModFileParser/LOADING]: Mod file C:\Users\ashwa\.gradle\caches\modules-2\files-2.1\net.minecraftforge\javafmllanguage\1.20.1-47.4.15\1836c8e1ded76289dc139f501ed1ac21a538c020\javafmllanguage-1.20.1-47.4.15.jar is missing mods.toml file
[21Mar2026 17:48:56.529] [main/DEBUG] [net.minecraftforge.fml.loading.moddiscovery.ModFileParser/LOADING]: Considering mod file candidate C:\Users\ashwa\.gradle\caches\modules-2\files-2.1\net.minecraftforge\lowcodelanguage\1.20.1-47.4.15\fe3f9c4e82f1278f42ae0355aefa17de2eb27571\lowcodelanguage-1.20.1-47.4.15.jar
[21Mar2026 17:48:56.530] [main/WARN] [net.minecraftforge.fml.loading.moddiscovery.ModFileParser/LOADING]: Mod file C:\Users\ashwa\.gradle\caches\modules-2\files-2.1\net.minecraftforge\lowcodelanguage\1.20.1-47.4.15\fe3f9c4e82f1278f42ae0355aefa17de2eb27571\lowcodelanguage-1.20.1-47.4.15.jar is missing mods.toml file
[21Mar2026 17:48:56.531] [main/DEBUG] [net.minecraftforge.fml.loading.moddiscovery.ModFileParser/LOADING]: Considering mod file candidate C:\Users\ashwa\.gradle\caches\modules-2\files-2.1\net.minecraftforge\mclanguage\1.20.1-47.4.15\86c819d356825d7878f9d1d2dc63c0fe43bf6073\mclanguage-1.20.1-47.4.15.jar
[21Mar2026 17:48:56.532] [main/WARN] [net.minecraftforge.fml.loading.moddiscovery.ModFileParser/LOADING]: Mod file C:\Users\ashwa\.gradle\caches\modules-2\files-2.1\net.minecraftforge\mclanguage\1.20.1-47.4.15\86c819d356825d7878f9d1d2dc63c0fe43bf6073\mclanguage-1.20.1-47.4.15.jar is missing mods.toml file
[21Mar2026 17:48:56.533] [main/DEBUG] [net.minecraftforge.fml.loading.moddiscovery.ModFileParser/LOADING]: Considering mod file candidate C:\Users\ashwa\.gradle\caches\modules-2\files-2.1\net.minecraftforge\fmlcore\1.20.1-47.4.15\19aa2647b4e4f5188ec96eb96657b028af852cef\fmlcore-1.20.1-47.4.15.jar
[21Mar2026 17:48:56.534] [main/WARN] [net.minecraftforge.fml.loading.moddiscovery.ModFileParser/LOADING]: Mod file C:\Users\ashwa\.gradle\caches\modules-2\files-2.1\net.minecraftforge\fmlcore\1.20.1-47.4.15\19aa2647b4e4f5188ec96eb96657b028af852cef\fmlcore-1.20.1-47.4.15.jar is missing mods.toml file
[21Mar2026 17:48:56.536] [main/DEBUG] [net.minecraftforge.fml.loading.moddiscovery.ModFileParser/LOADING]: Considering mod file candidate D:\Intelij Projects\oneironautfinal\build\resources\main
[21Mar2026 17:48:56.547] [main/DEBUG] [net.minecraftforge.fml.loading.moddiscovery.ModFileInfo/LOADING]: Found valid mod file main with {oneironaut} mods - versions {1.0.4}
[21Mar2026 17:48:56.547] [main/DEBUG] [net.minecraftforge.fml.loading.moddiscovery.ModFileParser/LOADING]: Considering mod file candidate /
[21Mar2026 17:48:56.548] [main/DEBUG] [net.minecraftforge.fml.loading.moddiscovery.ModFileInfo/LOADING]: Found valid mod file  with {forge} mods - versions {47.4.15}
[21Mar2026 17:48:56.563] [main/DEBUG] [net.minecraftforge.fml.loading.moddiscovery.ModFileParser/LOADING]: Considering mod file candidate C:\Users\ashwa\.gradle\caches\forge_gradle\deobf_dependencies\at\petra-k\hexcasting\hexcasting-forge-1.20.1\0.11.3_mapped_parchment_2023.09.03-1.20.1\hexcasting-forge-1.20.1-0.11.3_mapped_parchment_2023.09.03-1.20.1.jar
[21Mar2026 17:48:56.586] [main/DEBUG] [net.minecraftforge.fml.loading.moddiscovery.ModFileInfo/LOADING]: Found valid mod file hexcasting-forge-1.20.1-0.11.3_mapped_parchment_2023.09.03-1.20.1.jar with {hexcasting} mods - versions {0.11.3}
[21Mar2026 17:48:56.588] [main/DEBUG] [net.minecraftforge.fml.loading.moddiscovery.ModFileParser/LOADING]: Considering mod file candidate C:\Users\ashwa\.gradle\caches\forge_gradle\deobf_dependencies\curse\maven\inline-971167\6556850_mapped_parchment_2023.09.03-1.20.1\inline-971167-6556850_mapped_parchment_2023.09.03-1.20.1.jar
[21Mar2026 17:48:56.588] [main/DEBUG] [net.minecraftforge.fml.loading.moddiscovery.ModFileInfo/LOADING]: Found valid mod file inline-971167-6556850_mapped_parchment_2023.09.03-1.20.1.jar with {inline} mods - versions {1.20.1-1.2.2}
[21Mar2026 17:48:56.590] [main/DEBUG] [net.minecraftforge.fml.loading.moddiscovery.ModFileParser/LOADING]: Considering mod file candidate C:\Users\ashwa\.gradle\caches\forge_gradle\deobf_dependencies\curse\maven\paucal-597824\5687007_mapped_parchment_2023.09.03-1.20.1\paucal-597824-5687007_mapped_parchment_2023.09.03-1.20.1.jar
[21Mar2026 17:48:56.591] [main/DEBUG] [net.minecraftforge.fml.loading.moddiscovery.ModFileInfo/LOADING]: Found valid mod file paucal-597824-5687007_mapped_parchment_2023.09.03-1.20.1.jar with {paucal} mods - versions {0.6.0+1.20.1-forge}
[21Mar2026 17:48:56.592] [main/DEBUG] [net.minecraftforge.fml.loading.moddiscovery.ModFileParser/LOADING]: Considering mod file candidate C:\Users\ashwa\.gradle\caches\forge_gradle\deobf_dependencies\curse\maven\hexal-824725\7168104_mapped_parchment_2023.09.03-1.20.1\hexal-824725-7168104_mapped_parchment_2023.09.03-1.20.1.jar
[21Mar2026 17:48:56.593] [main/DEBUG] [net.minecraftforge.fml.loading.moddiscovery.ModFileInfo/LOADING]: Found valid mod file hexal-824725-7168104_mapped_parchment_2023.09.03-1.20.1.jar with {hexal} mods - versions {0.3.1}
[21Mar2026 17:48:56.594] [main/DEBUG] [net.minecraftforge.fml.loading.moddiscovery.ModFileParser/LOADING]: Considering mod file candidate C:\Users\ashwa\.gradle\caches\forge_gradle\deobf_dependencies\curse\maven\moreiotas-824728\7027592_mapped_parchment_2023.09.03-1.20.1\moreiotas-824728-7027592_mapped_parchment_2023.09.03-1.20.1.jar
[21Mar2026 17:48:56.594] [main/DEBUG] [net.minecraftforge.fml.loading.moddiscovery.ModFileInfo/LOADING]: Found valid mod file moreiotas-824728-7027592_mapped_parchment_2023.09.03-1.20.1.jar with {moreiotas} mods - versions {0.1.1}
[21Mar2026 17:48:56.596] [main/DEBUG] [net.minecraftforge.fml.loading.moddiscovery.ModFileParser/LOADING]: Considering mod file candidate C:\Users\ashwa\.gradle\caches\forge_gradle\deobf_dependencies\curse\maven\geckolib-388172\7025129_mapped_parchment_2023.09.03-1.20.1\geckolib-388172-7025129_mapped_parchment_2023.09.03-1.20.1.jar
[21Mar2026 17:48:56.597] [main/DEBUG] [net.minecraftforge.fml.loading.moddiscovery.ModFileInfo/LOADING]: Found valid mod file geckolib-388172-7025129_mapped_parchment_2023.09.03-1.20.1.jar with {geckolib} mods - versions {4.8.2}
[21Mar2026 17:48:56.598] [main/DEBUG] [net.minecraftforge.fml.loading.moddiscovery.ModFileParser/LOADING]: Considering mod file candidate C:\Users\ashwa\.gradle\caches\forge_gradle\deobf_dependencies\curse\maven\caelus-308989\5281700_mapped_parchment_2023.09.03-1.20.1\caelus-308989-5281700_mapped_parchment_2023.09.03-1.20.1.jar
[21Mar2026 17:48:56.598] [main/DEBUG] [net.minecraftforge.fml.loading.moddiscovery.ModFileInfo/LOADING]: Found valid mod file caelus-308989-5281700_mapped_parchment_2023.09.03-1.20.1.jar with {caelus} mods - versions {3.2.0+1.20.1}
[21Mar2026 17:48:56.600] [main/DEBUG] [net.minecraftforge.fml.loading.moddiscovery.ModFileParser/LOADING]: Considering mod file candidate C:\Users\ashwa\.gradle\caches\forge_gradle\deobf_dependencies\vazkii\patchouli\Patchouli\1.20.1-80-FORGE_mapped_parchment_2023.09.03-1.20.1\Patchouli-1.20.1-80-FORGE_mapped_parchment_2023.09.03-1.20.1.jar
[21Mar2026 17:48:56.600] [main/DEBUG] [net.minecraftforge.fml.loading.moddiscovery.ModFileInfo/LOADING]: Found valid mod file Patchouli-1.20.1-80-FORGE_mapped_parchment_2023.09.03-1.20.1.jar with {patchouli} mods - versions {1.20.1-80-FORGE}
[21Mar2026 17:48:56.602] [main/DEBUG] [net.minecraftforge.fml.loading.moddiscovery.ModFileParser/LOADING]: Considering mod file candidate C:\Users\ashwa\.gradle\caches\modules-2\files-2.1\me.shedaniel.cloth\cloth-config-forge\11.1.136\c65d07748acc57ceb45d53b3964368b84f34d54f\cloth-config-forge-11.1.136.jar
[21Mar2026 17:48:56.602] [main/DEBUG] [net.minecraftforge.fml.loading.moddiscovery.ModFileInfo/LOADING]: Found valid mod file cloth-config-forge-11.1.136.jar with {cloth_config} mods - versions {11.1.136}
[21Mar2026 17:48:56.612] [main/DEBUG] [net.minecraftforge.fml.loading.moddiscovery.ModFileParser/LOADING]: Considering mod file candidate C:\Users\ashwa\.gradle\caches\forge_gradle\deobf_dependencies\at\petra-k\hexcasting\hexcasting-forge-1.20.1\0.11.3_mapped_parchment_2023.09.03-1.20.1\hexcasting-forge-1.20.1-0.11.3_mapped_parchment_2023.09.03-1.20.1.jar
[21Mar2026 17:48:56.613] [main/DEBUG] [net.minecraftforge.fml.loading.moddiscovery.ModFileInfo/LOADING]: Found valid mod file hexcasting-forge-1.20.1-0.11.3_mapped_parchment_2023.09.03-1.20.1.jar with {hexcasting} mods - versions {0.11.3}
[21Mar2026 17:48:56.615] [main/DEBUG] [net.minecraftforge.fml.loading.moddiscovery.ModFileParser/LOADING]: Considering mod file candidate C:\Users\ashwa\.gradle\caches\forge_gradle\deobf_dependencies\curse\maven\inline-971167\6556850_mapped_parchment_2023.09.03-1.20.1\inline-971167-6556850_mapped_parchment_2023.09.03-1.20.1.jar
[21Mar2026 17:48:56.615] [main/DEBUG] [net.minecraftforge.fml.loading.moddiscovery.ModFileInfo/LOADING]: Found valid mod file inline-971167-6556850_mapped_parchment_2023.09.03-1.20.1.jar with {inline} mods - versions {1.20.1-1.2.2}
[21Mar2026 17:48:56.617] [main/DEBUG] [net.minecraftforge.fml.loading.moddiscovery.ModFileParser/LOADING]: Considering mod file candidate C:\Users\ashwa\.gradle\caches\forge_gradle\deobf_dependencies\curse\maven\paucal-597824\5687007_mapped_parchment_2023.09.03-1.20.1\paucal-597824-5687007_mapped_parchment_2023.09.03-1.20.1.jar
[21Mar2026 17:48:56.617] [main/DEBUG] [net.minecraftforge.fml.loading.moddiscovery.ModFileInfo/LOADING]: Found valid mod file paucal-597824-5687007_mapped_parchment_2023.09.03-1.20.1.jar with {paucal} mods - versions {0.6.0+1.20.1-forge}
[21Mar2026 17:48:56.619] [main/DEBUG] [net.minecraftforge.fml.loading.moddiscovery.ModFileParser/LOADING]: Considering mod file candidate C:\Users\ashwa\.gradle\caches\forge_gradle\deobf_dependencies\curse\maven\hexal-824725\7168104_mapped_parchment_2023.09.03-1.20.1\hexal-824725-7168104_mapped_parchment_2023.09.03-1.20.1.jar
[21Mar2026 17:48:56.619] [main/DEBUG] [net.minecraftforge.fml.loading.moddiscovery.ModFileInfo/LOADING]: Found valid mod file hexal-824725-7168104_mapped_parchment_2023.09.03-1.20.1.jar with {hexal} mods - versions {0.3.1}
[21Mar2026 17:48:56.621] [main/DEBUG] [net.minecraftforge.fml.loading.moddiscovery.ModFileParser/LOADING]: Considering mod file candidate C:\Users\ashwa\.gradle\caches\forge_gradle\deobf_dependencies\curse\maven\moreiotas-824728\7027592_mapped_parchment_2023.09.03-1.20.1\moreiotas-824728-7027592_mapped_parchment_2023.09.03-1.20.1.jar
[21Mar2026 17:48:56.621] [main/DEBUG] [net.minecraftforge.fml.loading.moddiscovery.ModFileInfo/LOADING]: Found valid mod file moreiotas-824728-7027592_mapped_parchment_2023.09.03-1.20.1.jar with {moreiotas} mods - versions {0.1.1}
[21Mar2026 17:48:56.623] [main/DEBUG] [net.minecraftforge.fml.loading.moddiscovery.ModFileParser/LOADING]: Considering mod file candidate C:\Users\ashwa\.gradle\caches\forge_gradle\deobf_dependencies\curse\maven\geckolib-388172\7025129_mapped_parchment_2023.09.03-1.20.1\geckolib-388172-7025129_mapped_parchment_2023.09.03-1.20.1.jar
[21Mar2026 17:48:56.623] [main/DEBUG] [net.minecraftforge.fml.loading.moddiscovery.ModFileInfo/LOADING]: Found valid mod file geckolib-388172-7025129_mapped_parchment_2023.09.03-1.20.1.jar with {geckolib} mods - versions {4.8.2}
[21Mar2026 17:48:56.854] [main/DEBUG] [net.minecraftforge.fml.loading.moddiscovery.ModFileParser/LOADING]: Considering mod file candidate C:\Users\ashwa\.gradle\caches\forge_gradle\deobf_dependencies\curse\maven\caelus-308989\5281700_mapped_parchment_2023.09.03-1.20.1\caelus-308989-5281700_mapped_parchment_2023.09.03-1.20.1.jar
[21Mar2026 17:48:56.855] [main/DEBUG] [net.minecraftforge.fml.loading.moddiscovery.ModFileInfo/LOADING]: Found valid mod file caelus-308989-5281700_mapped_parchment_2023.09.03-1.20.1.jar with {caelus} mods - versions {3.2.0+1.20.1}
[21Mar2026 17:48:56.857] [main/DEBUG] [net.minecraftforge.fml.loading.moddiscovery.ModFileParser/LOADING]: Considering mod file candidate C:\Users\ashwa\.gradle\caches\forge_gradle\deobf_dependencies\vazkii\patchouli\Patchouli\1.20.1-80-FORGE_mapped_parchment_2023.09.03-1.20.1\Patchouli-1.20.1-80-FORGE_mapped_parchment_2023.09.03-1.20.1.jar
[21Mar2026 17:48:56.858] [main/DEBUG] [net.minecraftforge.fml.loading.moddiscovery.ModFileInfo/LOADING]: Found valid mod file Patchouli-1.20.1-80-FORGE_mapped_parchment_2023.09.03-1.20.1.jar with {patchouli} mods - versions {1.20.1-80-FORGE}
[21Mar2026 17:48:56.860] [main/DEBUG] [net.minecraftforge.fml.loading.moddiscovery.ModFileParser/LOADING]: Considering mod file candidate C:\Users\ashwa\.gradle\caches\modules-2\files-2.1\me.shedaniel.cloth\cloth-config-forge\11.1.136\c65d07748acc57ceb45d53b3964368b84f34d54f\cloth-config-forge-11.1.136.jar
[21Mar2026 17:48:56.860] [main/DEBUG] [net.minecraftforge.fml.loading.moddiscovery.ModFileInfo/LOADING]: Found valid mod file cloth-config-forge-11.1.136.jar with {cloth_config} mods - versions {11.1.136}
[21Mar2026 17:48:56.871] [main/DEBUG] [net.minecraftforge.fml.loading.UniqueModListBuilder/]: Found 2 mods for first modid paucal, selecting most recent based on version data
[21Mar2026 17:48:56.871] [main/DEBUG] [net.minecraftforge.fml.loading.UniqueModListBuilder/]: Selected file paucal-597824-5687007_mapped_parchment_2023.09.03-1.20.1.jar for modid paucal with version 0.6.0+1.20.1-forge
[21Mar2026 17:48:56.872] [main/DEBUG] [net.minecraftforge.fml.loading.UniqueModListBuilder/]: Found 2 mods for first modid geckolib, selecting most recent based on version data
[21Mar2026 17:48:56.872] [main/DEBUG] [net.minecraftforge.fml.loading.UniqueModListBuilder/]: Selected file geckolib-388172-7025129_mapped_parchment_2023.09.03-1.20.1.jar for modid geckolib with version 4.8.2
[21Mar2026 17:48:56.872] [main/DEBUG] [net.minecraftforge.fml.loading.UniqueModListBuilder/]: Found 2 mods for first modid moreiotas, selecting most recent based on version data
[21Mar2026 17:48:56.872] [main/DEBUG] [net.minecraftforge.fml.loading.UniqueModListBuilder/]: Selected file moreiotas-824728-7027592_mapped_parchment_2023.09.03-1.20.1.jar for modid moreiotas with version 0.1.1
[21Mar2026 17:48:56.872] [main/DEBUG] [net.minecraftforge.fml.loading.UniqueModListBuilder/]: Found 2 mods for first modid hexal, selecting most recent based on version data
[21Mar2026 17:48:56.872] [main/DEBUG] [net.minecraftforge.fml.loading.UniqueModListBuilder/]: Selected file hexal-824725-7168104_mapped_parchment_2023.09.03-1.20.1.jar for modid hexal with version 0.3.1
[21Mar2026 17:48:56.872] [main/DEBUG] [net.minecraftforge.fml.loading.UniqueModListBuilder/]: Found 2 mods for first modid inline, selecting most recent based on version data
[21Mar2026 17:48:56.872] [main/DEBUG] [net.minecraftforge.fml.loading.UniqueModListBuilder/]: Selected file inline-971167-6556850_mapped_parchment_2023.09.03-1.20.1.jar for modid inline with version 1.20.1-1.2.2
[21Mar2026 17:48:56.872] [main/DEBUG] [net.minecraftforge.fml.loading.UniqueModListBuilder/]: Found 2 mods for first modid hexcasting, selecting most recent based on version data
[21Mar2026 17:48:56.872] [main/DEBUG] [net.minecraftforge.fml.loading.UniqueModListBuilder/]: Selected file hexcasting-forge-1.20.1-0.11.3_mapped_parchment_2023.09.03-1.20.1.jar for modid hexcasting with version 0.11.3
[21Mar2026 17:48:56.872] [main/DEBUG] [net.minecraftforge.fml.loading.UniqueModListBuilder/]: Found 2 mods for first modid cloth_config, selecting most recent based on version data
[21Mar2026 17:48:56.872] [main/DEBUG] [net.minecraftforge.fml.loading.UniqueModListBuilder/]: Selected file cloth-config-forge-11.1.136.jar for modid cloth_config with version 11.1.136
[21Mar2026 17:48:56.872] [main/DEBUG] [net.minecraftforge.fml.loading.UniqueModListBuilder/]: Found 2 mods for first modid caelus, selecting most recent based on version data
[21Mar2026 17:48:56.872] [main/DEBUG] [net.minecraftforge.fml.loading.UniqueModListBuilder/]: Selected file caelus-308989-5281700_mapped_parchment_2023.09.03-1.20.1.jar for modid caelus with version 3.2.0+1.20.1
[21Mar2026 17:48:56.872] [main/DEBUG] [net.minecraftforge.fml.loading.UniqueModListBuilder/]: Found 2 mods for first modid patchouli, selecting most recent based on version data
[21Mar2026 17:48:56.872] [main/DEBUG] [net.minecraftforge.fml.loading.UniqueModListBuilder/]: Selected file Patchouli-1.20.1-80-FORGE_mapped_parchment_2023.09.03-1.20.1.jar for modid patchouli with version 1.20.1-80-FORGE
[21Mar2026 17:48:56.881] [main/DEBUG] [net.minecraftforge.fml.loading.moddiscovery.AbstractJarFileDependencyLocator/]: Failed to load resource META-INF\jarjar\metadata.json from forge-1.20.1-47.4.15_mapped_parchment_2023.09.03-1.20.1.jar, it does not contain dependency information.
[21Mar2026 17:48:56.882] [main/DEBUG] [net.minecraftforge.fml.loading.moddiscovery.AbstractJarFileDependencyLocator/]: Failed to load resource META-INF\jarjar\metadata.json from paucal-597824-5687007_mapped_parchment_2023.09.03-1.20.1.jar, it does not contain dependency information.
[21Mar2026 17:48:56.882] [main/DEBUG] [net.minecraftforge.fml.loading.moddiscovery.AbstractJarFileDependencyLocator/]: Failed to load resource META-INF\jarjar\metadata.json from moreiotas-824728-7027592_mapped_parchment_2023.09.03-1.20.1.jar, it does not contain dependency information.
[21Mar2026 17:48:56.883] [main/DEBUG] [net.minecraftforge.fml.loading.moddiscovery.AbstractJarFileDependencyLocator/]: Failed to load resource META-INF\jarjar\metadata.json from main, it does not contain dependency information.
[21Mar2026 17:48:56.883] [main/DEBUG] [net.minecraftforge.fml.loading.moddiscovery.AbstractJarFileDependencyLocator/]: Failed to load resource META-INF\jarjar\metadata.json from hexal-824725-7168104_mapped_parchment_2023.09.03-1.20.1.jar, it does not contain dependency information.
[21Mar2026 17:48:56.883] [main/DEBUG] [net.minecraftforge.fml.loading.moddiscovery.AbstractJarFileDependencyLocator/]: Failed to load resource META-INF\jarjar\metadata.json from hexcasting-forge-1.20.1-0.11.3_mapped_parchment_2023.09.03-1.20.1.jar, it does not contain dependency information.
[21Mar2026 17:48:56.883] [main/DEBUG] [net.minecraftforge.fml.loading.moddiscovery.AbstractJarFileDependencyLocator/]: Failed to load resource META-INF\jarjar\metadata.json from cloth-config-forge-11.1.136.jar, it does not contain dependency information.
[21Mar2026 17:48:56.883] [main/DEBUG] [net.minecraftforge.fml.loading.moddiscovery.AbstractJarFileDependencyLocator/]: Failed to load resource META-INF\jarjar\metadata.json from caelus-308989-5281700_mapped_parchment_2023.09.03-1.20.1.jar, it does not contain dependency information.
[21Mar2026 17:48:56.885] [main/DEBUG] [net.minecraftforge.fml.loading.moddiscovery.AbstractJarFileDependencyLocator/]: Failed to load resource META-INF\jarjar\metadata.json from , it does not contain dependency information.
[21Mar2026 17:48:56.885] [main/DEBUG] [net.minecraftforge.fml.loading.moddiscovery.AbstractJarFileDependencyLocator/]: Failed to load resource META-INF\jarjar\metadata.json from Patchouli-1.20.1-80-FORGE_mapped_parchment_2023.09.03-1.20.1.jar, it does not contain dependency information.
[21Mar2026 17:48:56.885] [main/DEBUG] [net.minecraftforge.fml.loading.moddiscovery.AbstractJarFileDependencyLocator/]: Failed to load resource META-INF\jarjar\metadata.json from mclanguage-1.20.1-47.4.15.jar, it does not contain dependency information.
[21Mar2026 17:48:56.885] [main/DEBUG] [net.minecraftforge.fml.loading.moddiscovery.AbstractJarFileDependencyLocator/]: Failed to load resource META-INF\jarjar\metadata.json from javafmllanguage-1.20.1-47.4.15.jar, it does not contain dependency information.
[21Mar2026 17:48:56.886] [main/DEBUG] [net.minecraftforge.fml.loading.moddiscovery.AbstractJarFileDependencyLocator/]: Failed to load resource META-INF\jarjar\metadata.json from fmlcore-1.20.1-47.4.15.jar, it does not contain dependency information.
[21Mar2026 17:48:56.886] [main/DEBUG] [net.minecraftforge.fml.loading.moddiscovery.AbstractJarFileDependencyLocator/]: Failed to load resource META-INF\jarjar\metadata.json from lowcodelanguage-1.20.1-47.4.15.jar, it does not contain dependency information.
[21Mar2026 17:48:56.943] [main/DEBUG] [net.minecraftforge.fml.loading.moddiscovery.ModFileParser/LOADING]: Considering mod file candidate 
[21Mar2026 17:48:56.943] [main/DEBUG] [net.minecraftforge.fml.loading.moddiscovery.ModFileInfo/LOADING]: Found valid mod file kffmod-4.10.0.jar with {kotlinforforge} mods - versions {4.10.0}
[21Mar2026 17:48:56.957] [main/DEBUG] [net.minecraftforge.fml.loading.moddiscovery.ModFileParser/LOADING]: Considering mod file candidate 
[21Mar2026 17:48:56.958] [main/DEBUG] [net.minecraftforge.fml.loading.moddiscovery.ModFileInfo/LOADING]: Found valid mod file mixinextras-forge-0.3.6.jar with {mixinextras} mods - versions {0.3.6}
[21Mar2026 17:48:56.958] [main/DEBUG] [net.minecraftforge.fml.loading.moddiscovery.AbstractJarFileDependencyLocator/]: Failed to load resource META-INF\jarjar\metadata.json from mclib-20.jar, it does not contain dependency information.
[21Mar2026 17:48:56.958] [main/DEBUG] [net.minecraftforge.fml.loading.moddiscovery.AbstractJarFileDependencyLocator/]: Failed to load resource META-INF\jarjar\metadata.json from kfflang-4.10.0.jar, it does not contain dependency information.
[21Mar2026 17:48:56.959] [main/DEBUG] [net.minecraftforge.fml.loading.moddiscovery.AbstractJarFileDependencyLocator/]: Failed to load resource META-INF\jarjar\metadata.json from kfflib-4.10.0.jar, it does not contain dependency information.
[21Mar2026 17:48:56.959] [main/DEBUG] [net.minecraftforge.fml.loading.moddiscovery.AbstractJarFileDependencyLocator/]: Failed to load resource META-INF\jarjar\metadata.json from kffmod-4.10.0.jar, it does not contain dependency information.
[21Mar2026 17:48:56.959] [main/DEBUG] [net.minecraftforge.fml.loading.moddiscovery.AbstractJarFileDependencyLocator/]: Failed to load resource META-INF\jarjar\metadata.json from MixinExtras-0.5.3.jar, it does not contain dependency information.
[21Mar2026 17:48:56.962] [main/DEBUG] [net.minecraftforge.fml.loading.moddiscovery.AbstractJarFileDependencyLocator/]: Failed to load resource META-INF\jarjar\metadata.json from MixinExtras-0.3.6.jar, it does not contain dependency information.
[21Mar2026 17:48:56.986] [main/DEBUG] [net.minecraftforge.fml.loading.moddiscovery.ModFileParser/LOADING]: Considering mod file candidate 
[21Mar2026 17:48:56.987] [main/DEBUG] [net.minecraftforge.fml.loading.moddiscovery.ModFileInfo/LOADING]: Found valid mod file mixinextras-forge-0.3.6.jar with {mixinextras} mods - versions {0.3.6}
[21Mar2026 17:48:56.997] [main/DEBUG] [net.minecraftforge.fml.loading.moddiscovery.ModFileParser/LOADING]: Considering mod file candidate 
[21Mar2026 17:48:56.998] [main/DEBUG] [net.minecraftforge.fml.loading.moddiscovery.ModFileInfo/LOADING]: Found valid mod file kffmod-4.10.0.jar with {kotlinforforge} mods - versions {4.10.0}
[21Mar2026 17:48:57.000] [main/INFO] [net.minecraftforge.fml.loading.moddiscovery.JarInJarDependencyLocator/]: Found 6 dependencies adding them to mods collection
[21Mar2026 17:48:57.000] [main/DEBUG] [net.minecraftforge.fml.loading.UniqueModListBuilder/]: Found 2 mods for first modid mixinextras, selecting most recent based on version data
[21Mar2026 17:48:57.000] [main/DEBUG] [net.minecraftforge.fml.loading.UniqueModListBuilder/]: Selected file mixinextras-forge-0.5.3.jar for modid mixinextras with version 0.5.3
[21Mar2026 17:48:57.002] [main/DEBUG] [net.minecraftforge.fml.loading.moddiscovery.ModFileInfo/LOADING]: Found valid mod file forge-1.20.1-47.4.15_mapped_parchment_2023.09.03-1.20.1.jar with {minecraft} mods - versions {1.20.1}
[21Mar2026 17:48:57.004] [main/DEBUG] [net.minecraftforge.fml.loading.moddiscovery.ModFile/LOADING]: Loading mod file D:\Intelij Projects\oneironautfinal\build\fg_cache\net\minecraftforge\forge\1.20.1-47.4.15_mapped_parchment_2023.09.03-1.20.1\forge-1.20.1-47.4.15_mapped_parchment_2023.09.03-1.20.1.jar with languages [LanguageSpec[languageName=minecraft, acceptedVersions=1]]
[21Mar2026 17:48:57.004] [main/DEBUG] [net.minecraftforge.fml.loading.moddiscovery.ModFileParser/LOADING]: Considering mod file candidate C:\Users\ashwa\.gradle\caches\forge_gradle\deobf_dependencies\curse\maven\paucal-597824\5687007_mapped_parchment_2023.09.03-1.20.1\paucal-597824-5687007_mapped_parchment_2023.09.03-1.20.1.jar
[21Mar2026 17:48:57.005] [main/DEBUG] [net.minecraftforge.fml.loading.moddiscovery.ModFileInfo/LOADING]: Found valid mod file paucal-597824-5687007_mapped_parchment_2023.09.03-1.20.1.jar with {paucal} mods - versions {0.6.0+1.20.1-forge}
[21Mar2026 17:48:57.005] [main/DEBUG] [net.minecraftforge.fml.loading.moddiscovery.ModFile/LOADING]: Loading mod file C:\Users\ashwa\.gradle\caches\forge_gradle\deobf_dependencies\curse\maven\paucal-597824\5687007_mapped_parchment_2023.09.03-1.20.1\paucal-597824-5687007_mapped_parchment_2023.09.03-1.20.1.jar with languages [LanguageSpec[languageName=javafml, acceptedVersions=[47,)]]
[21Mar2026 17:48:57.005] [main/DEBUG] [net.minecraftforge.fml.loading.moddiscovery.ModFileParser/LOADING]: Considering mod file candidate C:\Users\ashwa\.gradle\caches\forge_gradle\deobf_dependencies\curse\maven\moreiotas-824728\7027592_mapped_parchment_2023.09.03-1.20.1\moreiotas-824728-7027592_mapped_parchment_2023.09.03-1.20.1.jar
[21Mar2026 17:48:57.005] [main/DEBUG] [net.minecraftforge.fml.loading.moddiscovery.ModFileInfo/LOADING]: Found valid mod file moreiotas-824728-7027592_mapped_parchment_2023.09.03-1.20.1.jar with {moreiotas} mods - versions {0.1.1}
[21Mar2026 17:48:57.005] [main/DEBUG] [net.minecraftforge.fml.loading.moddiscovery.ModFile/LOADING]: Loading mod file C:\Users\ashwa\.gradle\caches\forge_gradle\deobf_dependencies\curse\maven\moreiotas-824728\7027592_mapped_parchment_2023.09.03-1.20.1\moreiotas-824728-7027592_mapped_parchment_2023.09.03-1.20.1.jar with languages [LanguageSpec[languageName=kotlinforforge, acceptedVersions=[4,)]]
[21Mar2026 17:48:57.005] [main/DEBUG] [net.minecraftforge.fml.loading.moddiscovery.ModFileParser/LOADING]: Considering mod file candidate C:\Users\ashwa\.gradle\caches\forge_gradle\deobf_dependencies\curse\maven\geckolib-388172\7025129_mapped_parchment_2023.09.03-1.20.1\geckolib-388172-7025129_mapped_parchment_2023.09.03-1.20.1.jar
[21Mar2026 17:48:57.006] [main/DEBUG] [net.minecraftforge.fml.loading.moddiscovery.ModFileInfo/LOADING]: Found valid mod file geckolib-388172-7025129_mapped_parchment_2023.09.03-1.20.1.jar with {geckolib} mods - versions {4.8.2}
[21Mar2026 17:48:57.006] [main/DEBUG] [net.minecraftforge.fml.loading.moddiscovery.ModFile/LOADING]: Loading mod file C:\Users\ashwa\.gradle\caches\forge_gradle\deobf_dependencies\curse\maven\geckolib-388172\7025129_mapped_parchment_2023.09.03-1.20.1\geckolib-388172-7025129_mapped_parchment_2023.09.03-1.20.1.jar with languages [LanguageSpec[languageName=javafml, acceptedVersions=[47,)]]
[21Mar2026 17:48:57.006] [main/DEBUG] [net.minecraftforge.fml.loading.moddiscovery.ModFileParser/LOADING]: Considering mod file candidate D:\Intelij Projects\oneironautfinal\build\resources\main
[21Mar2026 17:48:57.007] [main/DEBUG] [net.minecraftforge.fml.loading.moddiscovery.ModFileInfo/LOADING]: Found valid mod file main with {oneironaut} mods - versions {1.0.4}
[21Mar2026 17:48:57.007] [main/DEBUG] [net.minecraftforge.fml.loading.moddiscovery.ModFile/LOADING]: Loading mod file D:\Intelij Projects\oneironautfinal\build\resources\main with languages [LanguageSpec[languageName=javafml, acceptedVersions=[47,)]]
[21Mar2026 17:48:57.007] [main/DEBUG] [net.minecraftforge.fml.loading.moddiscovery.ModFileParser/LOADING]: Considering mod file candidate C:\Users\ashwa\.gradle\caches\forge_gradle\deobf_dependencies\curse\maven\hexal-824725\7168104_mapped_parchment_2023.09.03-1.20.1\hexal-824725-7168104_mapped_parchment_2023.09.03-1.20.1.jar
[21Mar2026 17:48:57.008] [main/DEBUG] [net.minecraftforge.fml.loading.moddiscovery.ModFileInfo/LOADING]: Found valid mod file hexal-824725-7168104_mapped_parchment_2023.09.03-1.20.1.jar with {hexal} mods - versions {0.3.1}
[21Mar2026 17:48:57.008] [main/DEBUG] [net.minecraftforge.fml.loading.moddiscovery.ModFile/LOADING]: Loading mod file C:\Users\ashwa\.gradle\caches\forge_gradle\deobf_dependencies\curse\maven\hexal-824725\7168104_mapped_parchment_2023.09.03-1.20.1\hexal-824725-7168104_mapped_parchment_2023.09.03-1.20.1.jar with languages [LanguageSpec[languageName=kotlinforforge, acceptedVersions=[4,)]]
[21Mar2026 17:48:57.008] [main/DEBUG] [net.minecraftforge.fml.loading.moddiscovery.ModFileParser/LOADING]: Considering mod file candidate C:\Users\ashwa\.gradle\caches\forge_gradle\deobf_dependencies\at\petra-k\hexcasting\hexcasting-forge-1.20.1\0.11.3_mapped_parchment_2023.09.03-1.20.1\hexcasting-forge-1.20.1-0.11.3_mapped_parchment_2023.09.03-1.20.1.jar
[21Mar2026 17:48:57.008] [main/DEBUG] [net.minecraftforge.fml.loading.moddiscovery.ModFileInfo/LOADING]: Found valid mod file hexcasting-forge-1.20.1-0.11.3_mapped_parchment_2023.09.03-1.20.1.jar with {hexcasting} mods - versions {0.11.3}
[21Mar2026 17:48:57.008] [main/DEBUG] [net.minecraftforge.fml.loading.moddiscovery.ModFile/LOADING]: Loading mod file C:\Users\ashwa\.gradle\caches\forge_gradle\deobf_dependencies\at\petra-k\hexcasting\hexcasting-forge-1.20.1\0.11.3_mapped_parchment_2023.09.03-1.20.1\hexcasting-forge-1.20.1-0.11.3_mapped_parchment_2023.09.03-1.20.1.jar with languages [LanguageSpec[languageName=kotlinforforge, acceptedVersions=[4,)]]
[21Mar2026 17:48:57.008] [main/DEBUG] [net.minecraftforge.fml.loading.moddiscovery.ModFileParser/LOADING]: Considering mod file candidate C:\Users\ashwa\.gradle\caches\forge_gradle\deobf_dependencies\curse\maven\inline-971167\6556850_mapped_parchment_2023.09.03-1.20.1\inline-971167-6556850_mapped_parchment_2023.09.03-1.20.1.jar
[21Mar2026 17:48:57.008] [main/DEBUG] [net.minecraftforge.fml.loading.moddiscovery.ModFileInfo/LOADING]: Found valid mod file inline-971167-6556850_mapped_parchment_2023.09.03-1.20.1.jar with {inline} mods - versions {1.20.1-1.2.2}
[21Mar2026 17:48:57.008] [main/DEBUG] [net.minecraftforge.fml.loading.moddiscovery.ModFile/LOADING]: Loading mod file C:\Users\ashwa\.gradle\caches\forge_gradle\deobf_dependencies\curse\maven\inline-971167\6556850_mapped_parchment_2023.09.03-1.20.1\inline-971167-6556850_mapped_parchment_2023.09.03-1.20.1.jar with languages [LanguageSpec[languageName=javafml, acceptedVersions=[43,)]]
[21Mar2026 17:48:57.008] [main/DEBUG] [net.minecraftforge.fml.loading.moddiscovery.ModFileParser/LOADING]: Considering mod file candidate 
[21Mar2026 17:48:57.009] [main/DEBUG] [net.minecraftforge.fml.loading.moddiscovery.ModFileInfo/LOADING]: Found valid mod file kffmod-4.10.0.jar with {kotlinforforge} mods - versions {4.10.0}
[21Mar2026 17:48:57.009] [main/DEBUG] [net.minecraftforge.fml.loading.moddiscovery.ModFile/LOADING]: Loading mod file  with languages [LanguageSpec[languageName=kotlinforforge, acceptedVersions=[4,)]]
[21Mar2026 17:48:57.009] [main/DEBUG] [net.minecraftforge.fml.loading.moddiscovery.ModFileParser/LOADING]: Considering mod file candidate C:\Users\ashwa\.gradle\caches\forge_gradle\deobf_dependencies\curse\maven\caelus-308989\5281700_mapped_parchment_2023.09.03-1.20.1\caelus-308989-5281700_mapped_parchment_2023.09.03-1.20.1.jar
[21Mar2026 17:48:57.009] [main/DEBUG] [net.minecraftforge.fml.loading.moddiscovery.ModFileInfo/LOADING]: Found valid mod file caelus-308989-5281700_mapped_parchment_2023.09.03-1.20.1.jar with {caelus} mods - versions {3.2.0+1.20.1}
[21Mar2026 17:48:57.009] [main/DEBUG] [net.minecraftforge.fml.loading.moddiscovery.ModFile/LOADING]: Loading mod file C:\Users\ashwa\.gradle\caches\forge_gradle\deobf_dependencies\curse\maven\caelus-308989\5281700_mapped_parchment_2023.09.03-1.20.1\caelus-308989-5281700_mapped_parchment_2023.09.03-1.20.1.jar with languages [LanguageSpec[languageName=javafml, acceptedVersions=[46,)]]
[21Mar2026 17:48:57.009] [main/DEBUG] [net.minecraftforge.fml.loading.moddiscovery.ModFileParser/LOADING]: Considering mod file candidate C:\Users\ashwa\.gradle\caches\modules-2\files-2.1\me.shedaniel.cloth\cloth-config-forge\11.1.136\c65d07748acc57ceb45d53b3964368b84f34d54f\cloth-config-forge-11.1.136.jar
[21Mar2026 17:48:57.009] [main/DEBUG] [net.minecraftforge.fml.loading.moddiscovery.ModFileInfo/LOADING]: Found valid mod file cloth-config-forge-11.1.136.jar with {cloth_config} mods - versions {11.1.136}
[21Mar2026 17:48:57.010] [main/DEBUG] [net.minecraftforge.fml.loading.moddiscovery.ModFile/LOADING]: Loading mod file C:\Users\ashwa\.gradle\caches\modules-2\files-2.1\me.shedaniel.cloth\cloth-config-forge\11.1.136\c65d07748acc57ceb45d53b3964368b84f34d54f\cloth-config-forge-11.1.136.jar with languages [LanguageSpec[languageName=javafml, acceptedVersions=[34,)]]
[21Mar2026 17:48:57.010] [main/DEBUG] [net.minecraftforge.fml.loading.moddiscovery.ModFileParser/LOADING]: Considering mod file candidate /
[21Mar2026 17:48:57.010] [main/DEBUG] [net.minecraftforge.fml.loading.moddiscovery.ModFileInfo/LOADING]: Found valid mod file  with {forge} mods - versions {47.4.15}
[21Mar2026 17:48:57.010] [main/DEBUG] [net.minecraftforge.fml.loading.moddiscovery.ModFile/LOADING]: Loading mod file / with languages [LanguageSpec[languageName=javafml, acceptedVersions=[24,]]]
[21Mar2026 17:48:57.012] [main/DEBUG] [net.minecraftforge.fml.loading.moddiscovery.ModFileParser/LOADING]: Found coremod field_to_method with Javascript path coremods/field_to_method.js
[21Mar2026 17:48:57.012] [main/DEBUG] [net.minecraftforge.fml.loading.moddiscovery.ModFileParser/LOADING]: Found coremod field_to_instanceof with Javascript path coremods/field_to_instanceof.js
[21Mar2026 17:48:57.012] [main/DEBUG] [net.minecraftforge.fml.loading.moddiscovery.ModFileParser/LOADING]: Found coremod add_bouncer_method with Javascript path coremods/add_bouncer_method.js
[21Mar2026 17:48:57.012] [main/DEBUG] [net.minecraftforge.fml.loading.moddiscovery.ModFileParser/LOADING]: Found coremod method_redirector with Javascript path coremods/method_redirector.js
[21Mar2026 17:48:57.012] [main/DEBUG] [net.minecraftforge.fml.loading.moddiscovery.ModFile/LOADING]: Found coremod coremods/field_to_method.js
[21Mar2026 17:48:57.012] [main/DEBUG] [net.minecraftforge.fml.loading.moddiscovery.ModFile/LOADING]: Found coremod coremods/field_to_instanceof.js
[21Mar2026 17:48:57.012] [main/DEBUG] [net.minecraftforge.fml.loading.moddiscovery.ModFile/LOADING]: Found coremod coremods/add_bouncer_method.js
[21Mar2026 17:48:57.012] [main/DEBUG] [net.minecraftforge.fml.loading.moddiscovery.ModFile/LOADING]: Found coremod coremods/method_redirector.js
[21Mar2026 17:48:57.012] [main/DEBUG] [net.minecraftforge.fml.loading.moddiscovery.ModFileParser/LOADING]: Considering mod file candidate C:\Users\ashwa\.gradle\caches\forge_gradle\deobf_dependencies\vazkii\patchouli\Patchouli\1.20.1-80-FORGE_mapped_parchment_2023.09.03-1.20.1\Patchouli-1.20.1-80-FORGE_mapped_parchment_2023.09.03-1.20.1.jar
[21Mar2026 17:48:57.012] [main/DEBUG] [net.minecraftforge.fml.loading.moddiscovery.ModFileInfo/LOADING]: Found valid mod file Patchouli-1.20.1-80-FORGE_mapped_parchment_2023.09.03-1.20.1.jar with {patchouli} mods - versions {1.20.1-80-FORGE}
[21Mar2026 17:48:57.014] [main/DEBUG] [net.minecraftforge.fml.loading.moddiscovery.ModFile/LOADING]: Loading mod file C:\Users\ashwa\.gradle\caches\forge_gradle\deobf_dependencies\vazkii\patchouli\Patchouli\1.20.1-80-FORGE_mapped_parchment_2023.09.03-1.20.1\Patchouli-1.20.1-80-FORGE_mapped_parchment_2023.09.03-1.20.1.jar with languages [LanguageSpec[languageName=javafml, acceptedVersions=[47,)]]
[21Mar2026 17:48:57.014] [main/DEBUG] [net.minecraftforge.fml.loading.moddiscovery.ModFile/LOADING]: Loading mod file  with languages []
[21Mar2026 17:48:57.014] [main/DEBUG] [net.minecraftforge.fml.loading.moddiscovery.ModFile/LOADING]: Loading mod file C:\Users\ashwa\.gradle\caches\modules-2\files-2.1\io.github.llamalad7\mixinextras-forge\0.5.3\fe08b69a00bf9fe41dd37eab99b2661f655e23f0\mixinextras-forge-0.5.3.jar with languages []
[21Mar2026 17:48:57.014] [main/DEBUG] [net.minecraftforge.fml.loading.moddiscovery.ModFile/LOADING]: Loading mod file  with languages []
[21Mar2026 17:48:57.014] [main/DEBUG] [net.minecraftforge.fml.loading.moddiscovery.ModFile/LOADING]: Loading mod file  with languages []
[21Mar2026 17:48:57.014] [main/DEBUG] [net.minecraftforge.fml.loading.moddiscovery.ModFile/LOADING]: Loading mod file  with languages []
[21Mar2026 17:48:57.014] [main/DEBUG] [net.minecraftforge.fml.loading.moddiscovery.ModFile/LOADING]: Loading mod file C:\Users\ashwa\.gradle\caches\modules-2\files-2.1\io.github.llamalad7\mixinextras-forge\0.5.3\fe08b69a00bf9fe41dd37eab99b2661f655e23f0\mixinextras-forge-0.5.3.jar with languages []
[21Mar2026 17:48:57.014] [main/DEBUG] [net.minecraftforge.fml.loading.moddiscovery.ModFile/LOADING]: Loading mod file  with languages []
[21Mar2026 17:48:57.014] [main/DEBUG] [net.minecraftforge.fml.loading.moddiscovery.ModFile/LOADING]: Loading mod file  with languages []
[21Mar2026 17:48:57.015] [main/DEBUG] [cpw.mods.modlauncher.TransformationServiceDecorator/MODLAUNCHER]: End scan trigger - transformation service fml
[21Mar2026 17:48:57.025] [main/DEBUG] [net.minecraftforge.fml.loading.LanguageLoadingProvider/CORE]: Found 4 language providers
[21Mar2026 17:48:57.026] [main/DEBUG] [net.minecraftforge.fml.loading.LanguageLoadingProvider/CORE]: Found language provider minecraft, version 1.0
[21Mar2026 17:48:57.027] [main/DEBUG] [net.minecraftforge.fml.loading.LanguageLoadingProvider/CORE]: Found language provider javafml, version 47
[21Mar2026 17:48:57.027] [main/DEBUG] [net.minecraftforge.fml.loading.LanguageLoadingProvider/CORE]: Found language provider kotlinforforge, version 4.10.0
[21Mar2026 17:48:57.027] [main/DEBUG] [net.minecraftforge.fml.loading.LanguageLoadingProvider/CORE]: Found language provider lowcodefml, version 47
[21Mar2026 17:48:57.033] [main/DEBUG] [net.minecraftforge.fml.loading.UniqueModListBuilder/]: Found 2 mods for first modid mclib, selecting most recent based on version data
[21Mar2026 17:48:57.033] [main/DEBUG] [net.minecraftforge.fml.loading.UniqueModListBuilder/]: Selected file mclib-20.jar for modid mclib with version 0.0NONE
[21Mar2026 17:48:57.034] [main/DEBUG] [net.minecraftforge.fml.loading.UniqueModListBuilder/]: Found 2 mods for first modid mixinextras, selecting most recent based on version data
[21Mar2026 17:48:57.034] [main/DEBUG] [net.minecraftforge.fml.loading.UniqueModListBuilder/]: Selected file mixinextras-forge-0.5.3.jar for modid mixinextras with version 0.5.3
[21Mar2026 17:48:57.034] [main/DEBUG] [net.minecraftforge.fml.loading.UniqueModListBuilder/]: Found 2 mods for first modid MixinExtras, selecting most recent based on version data
[21Mar2026 17:48:57.034] [main/DEBUG] [net.minecraftforge.fml.loading.UniqueModListBuilder/]: Selected file MixinExtras-0.5.3.jar for modid MixinExtras with version 0.5.3
[21Mar2026 17:48:57.034] [main/DEBUG] [net.minecraftforge.fml.loading.UniqueModListBuilder/]: Found 2 mods for first modid thedarkcolour.kotlinforforge.lib, selecting most recent based on version data
[21Mar2026 17:48:57.034] [main/DEBUG] [net.minecraftforge.fml.loading.UniqueModListBuilder/]: Selected file kfflib-4.10.0.jar for modid thedarkcolour.kotlinforforge.lib with version 4.10.0
[21Mar2026 17:48:57.037] [main/DEBUG] [net.minecraftforge.fml.loading.ModSorter/]: Configured system mods: [minecraft, forge]
[21Mar2026 17:48:57.037] [main/DEBUG] [net.minecraftforge.fml.loading.ModSorter/]: Found system mod: minecraft
[21Mar2026 17:48:57.037] [main/DEBUG] [net.minecraftforge.fml.loading.ModSorter/]: Found system mod: forge
[21Mar2026 17:48:57.043] [main/DEBUG] [net.minecraftforge.fml.loading.ModSorter/LOADING]: Found 35 mod requirements (35 mandatory, 0 optional)
[21Mar2026 17:48:57.044] [main/DEBUG] [net.minecraftforge.fml.loading.ModSorter/LOADING]: Found 0 mod requirements missing (0 mandatory, 0 optional)
[21Mar2026 17:48:57.491] [main/DEBUG] [net.minecraftforge.fml.loading.MCPNamingService/CORE]: Loaded 34318 method mappings from methods.csv
[21Mar2026 17:48:57.513] [main/DEBUG] [net.minecraftforge.fml.loading.MCPNamingService/CORE]: Loaded 31014 field mappings from fields.csv
[21Mar2026 17:48:57.559] [main/DEBUG] [cpw.mods.modlauncher.TransformationServicesHandler/MODLAUNCHER]: Transformation services loading transformers
[21Mar2026 17:48:57.560] [main/DEBUG] [cpw.mods.modlauncher.TransformationServiceDecorator/MODLAUNCHER]: Initializing transformers for transformation service mixin
[21Mar2026 17:48:57.561] [main/DEBUG] [cpw.mods.modlauncher.TransformationServiceDecorator/MODLAUNCHER]: Initialized transformers for transformation service mixin
[21Mar2026 17:48:57.561] [main/DEBUG] [cpw.mods.modlauncher.TransformationServiceDecorator/MODLAUNCHER]: Initializing transformers for transformation service fml
[21Mar2026 17:48:57.561] [main/DEBUG] [net.minecraftforge.fml.loading.FMLServiceProvider/CORE]: Loading coremod transformers
[21Mar2026 17:48:57.562] [main/DEBUG] [net.minecraftforge.coremod.CoreModEngine/COREMOD]: Loading CoreMod from coremods/field_to_method.js
[21Mar2026 17:48:57.861] [main/DEBUG] [net.minecraftforge.coremod.CoreModEngine/COREMOD]: CoreMod loaded successfully
[21Mar2026 17:48:57.861] [main/DEBUG] [net.minecraftforge.coremod.CoreModEngine/COREMOD]: Loading CoreMod from coremods/field_to_instanceof.js
[21Mar2026 17:48:57.949] [main/DEBUG] [net.minecraftforge.coremod.CoreModEngine/COREMOD]: CoreMod loaded successfully
[21Mar2026 17:48:57.949] [main/DEBUG] [net.minecraftforge.coremod.CoreModEngine/COREMOD]: Loading CoreMod from coremods/add_bouncer_method.js
[21Mar2026 17:48:57.975] [main/DEBUG] [net.minecraftforge.coremod.CoreModEngine/COREMOD]: CoreMod loaded successfully
[21Mar2026 17:48:57.975] [main/DEBUG] [net.minecraftforge.coremod.CoreModEngine/COREMOD]: Loading CoreMod from coremods/method_redirector.js
[21Mar2026 17:48:58.028] [main/DEBUG] [net.minecraftforge.coremod.CoreModEngine/COREMOD]: CoreMod loaded successfully
[21Mar2026 17:48:58.044] [main/DEBUG] [cpw.mods.modlauncher.TransformStore/MODLAUNCHER]: Adding transformer net.minecraftforge.coremod.transformer.CoreModClassTransformer@73aeef7d to Target : CLASS {Lnet/minecraft/world/level/biome/Biome;} {} {V}
[21Mar2026 17:48:58.046] [main/DEBUG] [cpw.mods.modlauncher.TransformStore/MODLAUNCHER]: Adding transformer net.minecraftforge.coremod.transformer.CoreModClassTransformer@798256c5 to Target : CLASS {Lnet/minecraft/world/level/levelgen/structure/Structure;} {} {V}
[21Mar2026 17:48:58.046] [main/DEBUG] [cpw.mods.modlauncher.TransformStore/MODLAUNCHER]: Adding transformer net.minecraftforge.coremod.transformer.CoreModClassTransformer@7ec95456 to Target : CLASS {Lnet/minecraft/world/effect/MobEffectInstance;} {} {V}
[21Mar2026 17:48:58.046] [main/DEBUG] [cpw.mods.modlauncher.TransformStore/MODLAUNCHER]: Adding transformer net.minecraftforge.coremod.transformer.CoreModClassTransformer@748a654a to Target : CLASS {Lnet/minecraft/world/level/block/LiquidBlock;} {} {V}
[21Mar2026 17:48:58.046] [main/DEBUG] [cpw.mods.modlauncher.TransformStore/MODLAUNCHER]: Adding transformer net.minecraftforge.coremod.transformer.CoreModClassTransformer@1d8b0500 to Target : CLASS {Lnet/minecraft/world/item/BucketItem;} {} {V}
[21Mar2026 17:48:58.046] [main/DEBUG] [cpw.mods.modlauncher.TransformStore/MODLAUNCHER]: Adding transformer net.minecraftforge.coremod.transformer.CoreModClassTransformer@76544c0a to Target : CLASS {Lnet/minecraft/world/level/block/StairBlock;} {} {V}
[21Mar2026 17:48:58.046] [main/DEBUG] [cpw.mods.modlauncher.TransformStore/MODLAUNCHER]: Adding transformer net.minecraftforge.coremod.transformer.CoreModClassTransformer@428bdd72 to Target : CLASS {Lnet/minecraft/world/level/block/FlowerPotBlock;} {} {V}
[21Mar2026 17:48:58.046] [main/DEBUG] [cpw.mods.modlauncher.TransformStore/MODLAUNCHER]: Adding transformer net.minecraftforge.coremod.transformer.CoreModClassTransformer@650c405c to Target : CLASS {Lnet/minecraft/world/item/ItemStack;} {} {V}
[21Mar2026 17:48:58.046] [main/DEBUG] [cpw.mods.modlauncher.TransformStore/MODLAUNCHER]: Adding transformer net.minecraftforge.coremod.transformer.CoreModClassTransformer@20eaeaf8 to Target : CLASS {Lnet/minecraft/network/play/client/CClientSettingsPacket;} {} {V}
[21Mar2026 17:48:58.046] [main/DEBUG] [cpw.mods.modlauncher.TransformStore/MODLAUNCHER]: Adding transformer net.minecraftforge.coremod.transformer.CoreModClassTransformer@748ac6f3 to Target : CLASS {Lnet/minecraft/server/commands/RaidCommand;} {} {V}
[21Mar2026 17:48:58.047] [main/DEBUG] [cpw.mods.modlauncher.TransformStore/MODLAUNCHER]: Adding transformer net.minecraftforge.coremod.transformer.CoreModClassTransformer@748ac6f3 to Target : CLASS {Lnet/minecraft/world/entity/monster/Zombie;} {} {V}
[21Mar2026 17:48:58.047] [main/DEBUG] [cpw.mods.modlauncher.TransformStore/MODLAUNCHER]: Adding transformer net.minecraftforge.coremod.transformer.CoreModClassTransformer@748ac6f3 to Target : CLASS {Lnet/minecraft/world/entity/monster/Strider;} {} {V}
[21Mar2026 17:48:58.047] [main/DEBUG] [cpw.mods.modlauncher.TransformStore/MODLAUNCHER]: Adding transformer net.minecraftforge.coremod.transformer.CoreModClassTransformer@748ac6f3 to Target : CLASS {Lnet/minecraft/world/entity/monster/Spider;} {} {V}
[21Mar2026 17:48:58.047] [main/DEBUG] [cpw.mods.modlauncher.TransformStore/MODLAUNCHER]: Adding transformer net.minecraftforge.coremod.transformer.CoreModClassTransformer@748ac6f3 to Target : CLASS {Lnet/minecraft/world/level/NaturalSpawner;} {} {V}
[21Mar2026 17:48:58.047] [main/DEBUG] [cpw.mods.modlauncher.TransformStore/MODLAUNCHER]: Adding transformer net.minecraftforge.coremod.transformer.CoreModClassTransformer@748ac6f3 to Target : CLASS {Lnet/minecraft/world/entity/animal/frog/Tadpole;} {} {V}
[21Mar2026 17:48:58.047] [main/DEBUG] [cpw.mods.modlauncher.TransformStore/MODLAUNCHER]: Adding transformer net.minecraftforge.coremod.transformer.CoreModClassTransformer@748ac6f3 to Target : CLASS {Lnet/minecraft/world/level/levelgen/structure/structures/SwampHutPiece;} {} {V}
[21Mar2026 17:48:58.047] [main/DEBUG] [cpw.mods.modlauncher.TransformStore/MODLAUNCHER]: Adding transformer net.minecraftforge.coremod.transformer.CoreModClassTransformer@748ac6f3 to Target : CLASS {Lnet/minecraft/server/commands/SummonCommand;} {} {V}
[21Mar2026 17:48:58.047] [main/DEBUG] [cpw.mods.modlauncher.TransformStore/MODLAUNCHER]: Adding transformer net.minecraftforge.coremod.transformer.CoreModClassTransformer@748ac6f3 to Target : CLASS {Lnet/minecraft/world/entity/EntityType;} {} {V}
[21Mar2026 17:48:58.047] [main/DEBUG] [cpw.mods.modlauncher.TransformStore/MODLAUNCHER]: Adding transformer net.minecraftforge.coremod.transformer.CoreModClassTransformer@748ac6f3 to Target : CLASS {Lnet/minecraft/world/entity/raid/Raid;} {} {V}
[21Mar2026 17:48:58.047] [main/DEBUG] [cpw.mods.modlauncher.TransformStore/MODLAUNCHER]: Adding transformer net.minecraftforge.coremod.transformer.CoreModClassTransformer@748ac6f3 to Target : CLASS {Lnet/minecraft/world/entity/animal/horse/SkeletonTrapGoal;} {} {V}
[21Mar2026 17:48:58.047] [main/DEBUG] [cpw.mods.modlauncher.TransformStore/MODLAUNCHER]: Adding transformer net.minecraftforge.coremod.transformer.CoreModClassTransformer@748ac6f3 to Target : CLASS {Lnet/minecraft/world/entity/npc/CatSpawner;} {} {V}
[21Mar2026 17:48:58.047] [main/DEBUG] [cpw.mods.modlauncher.TransformStore/MODLAUNCHER]: Adding transformer net.minecraftforge.coremod.transformer.CoreModClassTransformer@748ac6f3 to Target : CLASS {Lnet/minecraft/world/level/levelgen/structure/structures/WoodlandMansionPieces$WoodlandMansionPiece;} {} {V}
[21Mar2026 17:48:58.047] [main/DEBUG] [cpw.mods.modlauncher.TransformStore/MODLAUNCHER]: Adding transformer net.minecraftforge.coremod.transformer.CoreModClassTransformer@748ac6f3 to Target : CLASS {Lnet/minecraft/world/entity/monster/ZombieVillager;} {} {V}
[21Mar2026 17:48:58.047] [main/DEBUG] [cpw.mods.modlauncher.TransformStore/MODLAUNCHER]: Adding transformer net.minecraftforge.coremod.transformer.CoreModClassTransformer@748ac6f3 to Target : CLASS {Lnet/minecraft/world/level/levelgen/PhantomSpawner;} {} {V}
[21Mar2026 17:48:58.047] [main/DEBUG] [cpw.mods.modlauncher.TransformStore/MODLAUNCHER]: Adding transformer net.minecraftforge.coremod.transformer.CoreModClassTransformer@748ac6f3 to Target : CLASS {Lnet/minecraft/world/level/levelgen/structure/templatesystem/StructureTemplate;} {} {V}
[21Mar2026 17:48:58.047] [main/DEBUG] [cpw.mods.modlauncher.TransformStore/MODLAUNCHER]: Adding transformer net.minecraftforge.coremod.transformer.CoreModClassTransformer@748ac6f3 to Target : CLASS {Lnet/minecraft/world/entity/ai/village/VillageSiege;} {} {V}
[21Mar2026 17:48:58.047] [main/DEBUG] [cpw.mods.modlauncher.TransformStore/MODLAUNCHER]: Adding transformer net.minecraftforge.coremod.transformer.CoreModClassTransformer@748ac6f3 to Target : CLASS {Lnet/minecraft/world/entity/monster/Evoker$EvokerSummonSpellGoal;} {} {V}
[21Mar2026 17:48:58.047] [main/DEBUG] [cpw.mods.modlauncher.TransformStore/MODLAUNCHER]: Adding transformer net.minecraftforge.coremod.transformer.CoreModClassTransformer@748ac6f3 to Target : CLASS {Lnet/minecraft/world/entity/npc/Villager;} {} {V}
[21Mar2026 17:48:58.047] [main/DEBUG] [cpw.mods.modlauncher.TransformStore/MODLAUNCHER]: Adding transformer net.minecraftforge.coremod.transformer.CoreModClassTransformer@748ac6f3 to Target : CLASS {Lnet/minecraft/world/level/levelgen/PatrolSpawner;} {} {V}
[21Mar2026 17:48:58.047] [main/DEBUG] [cpw.mods.modlauncher.TransformStore/MODLAUNCHER]: Adding transformer net.minecraftforge.coremod.transformer.CoreModClassTransformer@748ac6f3 to Target : CLASS {Lnet/minecraft/world/level/levelgen/structure/structures/OceanRuinPieces$OceanRuinPiece;} {} {V}
[21Mar2026 17:48:58.047] [main/DEBUG] [cpw.mods.modlauncher.TransformStore/MODLAUNCHER]: Adding transformer net.minecraftforge.coremod.transformer.CoreModClassTransformer@748ac6f3 to Target : CLASS {Lnet/minecraft/world/level/levelgen/structure/structures/OceanMonumentPieces$OceanMonumentPiece;} {} {V}
[21Mar2026 17:48:58.047] [main/DEBUG] [cpw.mods.modlauncher.TransformationServiceDecorator/MODLAUNCHER]: Initialized transformers for transformation service fml
[21Mar2026 17:48:58.726] [main/DEBUG] [mixin/]: Processing prepare() for PlatformAgent[MixinPlatformAgentDefault:ModLauncher Root Container(ModLauncher:4f56a0a2)]
[21Mar2026 17:48:58.727] [main/DEBUG] [mixin/]: Registering mixin config: oneironaut.mixins.json
[21Mar2026 17:48:58.755] [main/DEBUG] [mixin/]: Compatibility level JAVA_8 specified by oneironaut.mixins.json is lower than the default level supported by the current mixin service (JAVA_16).
[21Mar2026 17:48:58.758] [main/DEBUG] [mixin/]: Processing launch tasks for PlatformAgent[MixinPlatformAgentDefault:ModLauncher Root Container(ModLauncher:4f56a0a2)]
[21Mar2026 17:48:58.758] [main/DEBUG] [mixin/]: Adding mixin platform agents for container SecureJarResource(minecraft)
[21Mar2026 17:48:58.758] [main/DEBUG] [mixin/]: Instancing new MixinPlatformAgentMinecraftForge for SecureJarResource(minecraft)
[21Mar2026 17:48:58.758] [main/DEBUG] [mixin/]: MixinPlatformAgentMinecraftForge rejected container SecureJarResource(minecraft)
[21Mar2026 17:48:58.758] [main/DEBUG] [mixin/]: Instancing new MixinPlatformAgentDefault for SecureJarResource(minecraft)
[21Mar2026 17:48:58.758] [main/DEBUG] [mixin/]: MixinPlatformAgentDefault accepted container SecureJarResource(minecraft)
[21Mar2026 17:48:58.758] [main/DEBUG] [mixin/]: Processing prepare() for PlatformAgent[MixinPlatformAgentDefault:SecureJarResource(minecraft)]
[21Mar2026 17:48:58.758] [main/DEBUG] [mixin/]: Adding mixin platform agents for container SecureJarResource(paucal)
[21Mar2026 17:48:58.758] [main/DEBUG] [mixin/]: Instancing new MixinPlatformAgentMinecraftForge for SecureJarResource(paucal)
[21Mar2026 17:48:58.758] [main/DEBUG] [mixin/]: MixinPlatformAgentMinecraftForge rejected container SecureJarResource(paucal)
[21Mar2026 17:48:58.759] [main/DEBUG] [mixin/]: Instancing new MixinPlatformAgentDefault for SecureJarResource(paucal)
[21Mar2026 17:48:58.759] [main/DEBUG] [mixin/]: MixinPlatformAgentDefault accepted container SecureJarResource(paucal)
[21Mar2026 17:48:58.759] [main/DEBUG] [mixin/]: Processing prepare() for PlatformAgent[MixinPlatformAgentDefault:SecureJarResource(paucal)]
[21Mar2026 17:48:58.759] [main/DEBUG] [mixin/]: Registering mixin config: paucal_xplat.mixins.json
[21Mar2026 17:48:58.760] [main/DEBUG] [mixin/]: Compatibility level JAVA_17 specified by paucal_xplat.mixins.json is higher than the maximum level supported by this version of mixin (JAVA_13).
[21Mar2026 17:48:58.763] [main/INFO] [mixin/]: Compatibility level set to JAVA_17
[21Mar2026 17:48:58.763] [main/DEBUG] [mixin/]: Registering mixin config: paucal_forge.mixins.json
[21Mar2026 17:48:58.764] [main/DEBUG] [mixin/]: Adding mixin platform agents for container SecureJarResource(geckolib)
[21Mar2026 17:48:58.764] [main/DEBUG] [mixin/]: Instancing new MixinPlatformAgentMinecraftForge for SecureJarResource(geckolib)
[21Mar2026 17:48:58.764] [main/DEBUG] [mixin/]: MixinPlatformAgentMinecraftForge rejected container SecureJarResource(geckolib)
[21Mar2026 17:48:58.764] [main/DEBUG] [mixin/]: Instancing new MixinPlatformAgentDefault for SecureJarResource(geckolib)
[21Mar2026 17:48:58.764] [main/DEBUG] [mixin/]: MixinPlatformAgentDefault accepted container SecureJarResource(geckolib)
[21Mar2026 17:48:58.764] [main/DEBUG] [mixin/]: Processing prepare() for PlatformAgent[MixinPlatformAgentDefault:SecureJarResource(geckolib)]
[21Mar2026 17:48:58.764] [main/DEBUG] [mixin/]: Registering mixin config: geckolib.mixins.json
[21Mar2026 17:48:58.765] [main/DEBUG] [mixin/]: Adding mixin platform agents for container SecureJarResource(moreiotas)
[21Mar2026 17:48:58.765] [main/DEBUG] [mixin/]: Instancing new MixinPlatformAgentMinecraftForge for SecureJarResource(moreiotas)
[21Mar2026 17:48:58.766] [main/DEBUG] [mixin/]: MixinPlatformAgentMinecraftForge rejected container SecureJarResource(moreiotas)
[21Mar2026 17:48:58.766] [main/DEBUG] [mixin/]: Instancing new MixinPlatformAgentDefault for SecureJarResource(moreiotas)
[21Mar2026 17:48:58.766] [main/DEBUG] [mixin/]: MixinPlatformAgentDefault accepted container SecureJarResource(moreiotas)
[21Mar2026 17:48:58.766] [main/DEBUG] [mixin/]: Processing prepare() for PlatformAgent[MixinPlatformAgentDefault:SecureJarResource(moreiotas)]
[21Mar2026 17:48:58.766] [main/DEBUG] [mixin/]: Registering mixin config: moreiotasplat.mixins.json
[21Mar2026 17:48:58.766] [main/DEBUG] [mixin/]: Registering mixin config: moreiotas_forge.mixins.json
[21Mar2026 17:48:58.767] [main/DEBUG] [mixin/]: Adding mixin platform agents for container SecureJarResource(oneironaut)
[21Mar2026 17:48:58.767] [main/DEBUG] [mixin/]: Instancing new MixinPlatformAgentMinecraftForge for SecureJarResource(oneironaut)
[21Mar2026 17:48:58.767] [main/DEBUG] [mixin/]: MixinPlatformAgentMinecraftForge rejected container SecureJarResource(oneironaut)
[21Mar2026 17:48:58.767] [main/DEBUG] [mixin/]: Instancing new MixinPlatformAgentDefault for SecureJarResource(oneironaut)
[21Mar2026 17:48:58.767] [main/DEBUG] [mixin/]: MixinPlatformAgentDefault accepted container SecureJarResource(oneironaut)
[21Mar2026 17:48:58.767] [main/DEBUG] [mixin/]: Processing prepare() for PlatformAgent[MixinPlatformAgentDefault:SecureJarResource(oneironaut)]
[21Mar2026 17:48:58.767] [main/DEBUG] [mixin/]: Adding mixin platform agents for container SecureJarResource(hexal)
[21Mar2026 17:48:58.767] [main/DEBUG] [mixin/]: Instancing new MixinPlatformAgentMinecraftForge for SecureJarResource(hexal)
[21Mar2026 17:48:58.767] [main/DEBUG] [mixin/]: MixinPlatformAgentMinecraftForge rejected container SecureJarResource(hexal)
[21Mar2026 17:48:58.767] [main/DEBUG] [mixin/]: Instancing new MixinPlatformAgentDefault for SecureJarResource(hexal)
[21Mar2026 17:48:58.767] [main/DEBUG] [mixin/]: MixinPlatformAgentDefault accepted container SecureJarResource(hexal)
[21Mar2026 17:48:58.767] [main/DEBUG] [mixin/]: Processing prepare() for PlatformAgent[MixinPlatformAgentDefault:SecureJarResource(hexal)]
[21Mar2026 17:48:58.767] [main/DEBUG] [mixin/]: Registering mixin config: hexalplat.mixins.json
[21Mar2026 17:48:58.768] [main/DEBUG] [mixin/]: Registering mixin config: hexal_forge.mixins.json
[21Mar2026 17:48:58.769] [main/DEBUG] [mixin/]: Adding mixin platform agents for container SecureJarResource(inline)
[21Mar2026 17:48:58.769] [main/DEBUG] [mixin/]: Instancing new MixinPlatformAgentMinecraftForge for SecureJarResource(inline)
[21Mar2026 17:48:58.769] [main/DEBUG] [mixin/]: MixinPlatformAgentMinecraftForge rejected container SecureJarResource(inline)
[21Mar2026 17:48:58.769] [main/DEBUG] [mixin/]: Instancing new MixinPlatformAgentDefault for SecureJarResource(inline)
[21Mar2026 17:48:58.769] [main/DEBUG] [mixin/]: MixinPlatformAgentDefault accepted container SecureJarResource(inline)
[21Mar2026 17:48:58.769] [main/DEBUG] [mixin/]: Processing prepare() for PlatformAgent[MixinPlatformAgentDefault:SecureJarResource(inline)]
[21Mar2026 17:48:58.769] [main/DEBUG] [mixin/]: Registering mixin config: inline-forge.mixins.json
[21Mar2026 17:48:58.769] [main/DEBUG] [mixin/]: Registering mixin config: inline-common.mixins.json
[21Mar2026 17:48:58.770] [main/DEBUG] [mixin/]: Adding mixin platform agents for container SecureJarResource(hexcasting)
[21Mar2026 17:48:58.770] [main/DEBUG] [mixin/]: Instancing new MixinPlatformAgentMinecraftForge for SecureJarResource(hexcasting)
[21Mar2026 17:48:58.770] [main/DEBUG] [mixin/]: MixinPlatformAgentMinecraftForge rejected container SecureJarResource(hexcasting)
[21Mar2026 17:48:58.770] [main/DEBUG] [mixin/]: Instancing new MixinPlatformAgentDefault for SecureJarResource(hexcasting)
[21Mar2026 17:48:58.770] [main/DEBUG] [mixin/]: MixinPlatformAgentDefault accepted container SecureJarResource(hexcasting)
[21Mar2026 17:48:58.770] [main/DEBUG] [mixin/]: Processing prepare() for PlatformAgent[MixinPlatformAgentDefault:SecureJarResource(hexcasting)]
[21Mar2026 17:48:58.770] [main/DEBUG] [mixin/]: Registering mixin config: hexplat.mixins.json
[21Mar2026 17:48:58.771] [main/DEBUG] [mixin/]: Registering mixin config: hexcasting_forge.mixins.json
[21Mar2026 17:48:58.771] [main/DEBUG] [mixin/]: Adding mixin platform agents for container SecureJarResource(cloth_config)
[21Mar2026 17:48:58.772] [main/DEBUG] [mixin/]: Instancing new MixinPlatformAgentMinecraftForge for SecureJarResource(cloth_config)
[21Mar2026 17:48:58.772] [main/DEBUG] [mixin/]: MixinPlatformAgentMinecraftForge rejected container SecureJarResource(cloth_config)
[21Mar2026 17:48:58.772] [main/DEBUG] [mixin/]: Instancing new MixinPlatformAgentDefault for SecureJarResource(cloth_config)
[21Mar2026 17:48:58.772] [main/DEBUG] [mixin/]: MixinPlatformAgentDefault accepted container SecureJarResource(cloth_config)
[21Mar2026 17:48:58.772] [main/DEBUG] [mixin/]: Processing prepare() for PlatformAgent[MixinPlatformAgentDefault:SecureJarResource(cloth_config)]
[21Mar2026 17:48:58.772] [main/DEBUG] [mixin/]: Adding mixin platform agents for container SecureJarResource(caelus)
[21Mar2026 17:48:58.772] [main/DEBUG] [mixin/]: Instancing new MixinPlatformAgentMinecraftForge for SecureJarResource(caelus)
[21Mar2026 17:48:58.772] [main/DEBUG] [mixin/]: MixinPlatformAgentMinecraftForge rejected container SecureJarResource(caelus)
[21Mar2026 17:48:58.772] [main/DEBUG] [mixin/]: Instancing new MixinPlatformAgentDefault for SecureJarResource(caelus)
[21Mar2026 17:48:58.772] [main/DEBUG] [mixin/]: MixinPlatformAgentDefault accepted container SecureJarResource(caelus)
[21Mar2026 17:48:58.772] [main/DEBUG] [mixin/]: Processing prepare() for PlatformAgent[MixinPlatformAgentDefault:SecureJarResource(caelus)]
[21Mar2026 17:48:58.772] [main/DEBUG] [mixin/]: Registering mixin config: caelus.mixins.json
[21Mar2026 17:48:58.772] [main/DEBUG] [mixin/]: Adding mixin platform agents for container SecureJarResource(kotlinforforge)
[21Mar2026 17:48:58.772] [main/DEBUG] [mixin/]: Instancing new MixinPlatformAgentMinecraftForge for SecureJarResource(kotlinforforge)
[21Mar2026 17:48:58.772] [main/DEBUG] [mixin/]: MixinPlatformAgentMinecraftForge rejected container SecureJarResource(kotlinforforge)
[21Mar2026 17:48:58.772] [main/DEBUG] [mixin/]: Instancing new MixinPlatformAgentDefault for SecureJarResource(kotlinforforge)
[21Mar2026 17:48:58.772] [main/DEBUG] [mixin/]: MixinPlatformAgentDefault accepted container SecureJarResource(kotlinforforge)
[21Mar2026 17:48:58.772] [main/DEBUG] [mixin/]: Processing prepare() for PlatformAgent[MixinPlatformAgentDefault:SecureJarResource(kotlinforforge)]
[21Mar2026 17:48:58.772] [main/DEBUG] [mixin/]: Adding mixin platform agents for container SecureJarResource(forge)
[21Mar2026 17:48:58.772] [main/DEBUG] [mixin/]: Instancing new MixinPlatformAgentMinecraftForge for SecureJarResource(forge)
[21Mar2026 17:48:58.772] [main/DEBUG] [mixin/]: MixinPlatformAgentMinecraftForge rejected container SecureJarResource(forge)
[21Mar2026 17:48:58.772] [main/DEBUG] [mixin/]: Instancing new MixinPlatformAgentDefault for SecureJarResource(forge)
[21Mar2026 17:48:58.772] [main/DEBUG] [mixin/]: MixinPlatformAgentDefault accepted container SecureJarResource(forge)
[21Mar2026 17:48:58.772] [main/DEBUG] [mixin/]: Processing prepare() for PlatformAgent[MixinPlatformAgentDefault:SecureJarResource(forge)]
[21Mar2026 17:48:58.772] [main/DEBUG] [mixin/]: Adding mixin platform agents for container SecureJarResource(patchouli)
[21Mar2026 17:48:58.772] [main/DEBUG] [mixin/]: Instancing new MixinPlatformAgentMinecraftForge for SecureJarResource(patchouli)
[21Mar2026 17:48:58.772] [main/DEBUG] [mixin/]: MixinPlatformAgentMinecraftForge rejected container SecureJarResource(patchouli)
[21Mar2026 17:48:58.772] [main/DEBUG] [mixin/]: Instancing new MixinPlatformAgentDefault for SecureJarResource(patchouli)
[21Mar2026 17:48:58.772] [main/DEBUG] [mixin/]: MixinPlatformAgentDefault accepted container SecureJarResource(patchouli)
[21Mar2026 17:48:58.772] [main/DEBUG] [mixin/]: Processing prepare() for PlatformAgent[MixinPlatformAgentDefault:SecureJarResource(patchouli)]
[21Mar2026 17:48:58.774] [main/DEBUG] [mixin/]: Registering mixin config: patchouli_xplat.mixins.json
[21Mar2026 17:48:58.775] [main/DEBUG] [mixin/]: Adding mixin platform agents for container SecureJarResource(mclib)
[21Mar2026 17:48:58.775] [main/DEBUG] [mixin/]: Instancing new MixinPlatformAgentMinecraftForge for SecureJarResource(mclib)
[21Mar2026 17:48:58.775] [main/DEBUG] [mixin/]: MixinPlatformAgentMinecraftForge rejected container SecureJarResource(mclib)
[21Mar2026 17:48:58.775] [main/DEBUG] [mixin/]: Instancing new MixinPlatformAgentDefault for SecureJarResource(mclib)
[21Mar2026 17:48:58.775] [main/DEBUG] [mixin/]: MixinPlatformAgentDefault accepted container SecureJarResource(mclib)
[21Mar2026 17:48:58.775] [main/DEBUG] [mixin/]: Processing prepare() for PlatformAgent[MixinPlatformAgentDefault:SecureJarResource(mclib)]
[21Mar2026 17:48:58.775] [main/DEBUG] [mixin/]: Adding mixin platform agents for container SecureJarResource(mixinextras)
[21Mar2026 17:48:58.775] [main/DEBUG] [mixin/]: Instancing new MixinPlatformAgentMinecraftForge for SecureJarResource(mixinextras)
[21Mar2026 17:48:58.776] [main/DEBUG] [mixin/]: MixinPlatformAgentMinecraftForge rejected container SecureJarResource(mixinextras)
[21Mar2026 17:48:58.776] [main/DEBUG] [mixin/]: Instancing new MixinPlatformAgentDefault for SecureJarResource(mixinextras)
[21Mar2026 17:48:58.776] [main/DEBUG] [mixin/]: MixinPlatformAgentDefault accepted container SecureJarResource(mixinextras)
[21Mar2026 17:48:58.776] [main/DEBUG] [mixin/]: Processing prepare() for PlatformAgent[MixinPlatformAgentDefault:SecureJarResource(mixinextras)]
[21Mar2026 17:48:58.776] [main/DEBUG] [mixin/]: Registering mixin config: mixinextras.init.mixins.json
[21Mar2026 17:48:58.778] [main/DEBUG] [mixin/]: Adding mixin platform agents for container SecureJarResource(MixinExtras)
[21Mar2026 17:48:58.778] [main/DEBUG] [mixin/]: Instancing new MixinPlatformAgentMinecraftForge for SecureJarResource(MixinExtras)
[21Mar2026 17:48:58.778] [main/DEBUG] [mixin/]: MixinPlatformAgentMinecraftForge rejected container SecureJarResource(MixinExtras)
[21Mar2026 17:48:58.778] [main/DEBUG] [mixin/]: Instancing new MixinPlatformAgentDefault for SecureJarResource(MixinExtras)
[21Mar2026 17:48:58.779] [main/DEBUG] [mixin/]: MixinPlatformAgentDefault accepted container SecureJarResource(MixinExtras)
[21Mar2026 17:48:58.779] [main/DEBUG] [mixin/]: Processing prepare() for PlatformAgent[MixinPlatformAgentDefault:SecureJarResource(MixinExtras)]
[21Mar2026 17:48:58.779] [main/DEBUG] [mixin/]: Adding mixin platform agents for container SecureJarResource(thedarkcolour.kotlinforforge.lib)
[21Mar2026 17:48:58.779] [main/DEBUG] [mixin/]: Instancing new MixinPlatformAgentMinecraftForge for SecureJarResource(thedarkcolour.kotlinforforge.lib)
[21Mar2026 17:48:58.779] [main/DEBUG] [mixin/]: MixinPlatformAgentMinecraftForge rejected container SecureJarResource(thedarkcolour.kotlinforforge.lib)
[21Mar2026 17:48:58.779] [main/DEBUG] [mixin/]: Instancing new MixinPlatformAgentDefault for SecureJarResource(thedarkcolour.kotlinforforge.lib)
[21Mar2026 17:48:58.779] [main/DEBUG] [mixin/]: MixinPlatformAgentDefault accepted container SecureJarResource(thedarkcolour.kotlinforforge.lib)
[21Mar2026 17:48:58.779] [main/DEBUG] [mixin/]: Processing prepare() for PlatformAgent[MixinPlatformAgentDefault:SecureJarResource(thedarkcolour.kotlinforforge.lib)]
[21Mar2026 17:48:58.779] [main/DEBUG] [mixin/]: inject() running with 18 agents
[21Mar2026 17:48:58.779] [main/DEBUG] [mixin/]: Processing inject() for PlatformAgent[MixinPlatformAgentDefault:ModLauncher Root Container(ModLauncher:4f56a0a2)]
[21Mar2026 17:48:58.780] [main/DEBUG] [mixin/]: Processing inject() for PlatformAgent[MixinPlatformAgentDefault:SecureJarResource(minecraft)]
[21Mar2026 17:48:58.780] [main/DEBUG] [mixin/]: Processing inject() for PlatformAgent[MixinPlatformAgentDefault:SecureJarResource(paucal)]
[21Mar2026 17:48:58.780] [main/DEBUG] [mixin/]: Processing inject() for PlatformAgent[MixinPlatformAgentDefault:SecureJarResource(geckolib)]
[21Mar2026 17:48:58.780] [main/DEBUG] [mixin/]: Processing inject() for PlatformAgent[MixinPlatformAgentDefault:SecureJarResource(moreiotas)]
[21Mar2026 17:48:58.780] [main/DEBUG] [mixin/]: Processing inject() for PlatformAgent[MixinPlatformAgentDefault:SecureJarResource(oneironaut)]
[21Mar2026 17:48:58.780] [main/DEBUG] [mixin/]: Processing inject() for PlatformAgent[MixinPlatformAgentDefault:SecureJarResource(hexal)]
[21Mar2026 17:48:58.780] [main/DEBUG] [mixin/]: Processing inject() for PlatformAgent[MixinPlatformAgentDefault:SecureJarResource(inline)]
[21Mar2026 17:48:58.780] [main/DEBUG] [mixin/]: Processing inject() for PlatformAgent[MixinPlatformAgentDefault:SecureJarResource(hexcasting)]
[21Mar2026 17:48:58.780] [main/DEBUG] [mixin/]: Processing inject() for PlatformAgent[MixinPlatformAgentDefault:SecureJarResource(cloth_config)]
[21Mar2026 17:48:58.780] [main/DEBUG] [mixin/]: Processing inject() for PlatformAgent[MixinPlatformAgentDefault:SecureJarResource(caelus)]
[21Mar2026 17:48:58.781] [main/DEBUG] [mixin/]: Processing inject() for PlatformAgent[MixinPlatformAgentDefault:SecureJarResource(kotlinforforge)]
[21Mar2026 17:48:58.781] [main/DEBUG] [mixin/]: Processing inject() for PlatformAgent[MixinPlatformAgentDefault:SecureJarResource(forge)]
[21Mar2026 17:48:58.781] [main/DEBUG] [mixin/]: Processing inject() for PlatformAgent[MixinPlatformAgentDefault:SecureJarResource(patchouli)]
[21Mar2026 17:48:58.781] [main/DEBUG] [mixin/]: Processing inject() for PlatformAgent[MixinPlatformAgentDefault:SecureJarResource(mclib)]
[21Mar2026 17:48:58.781] [main/DEBUG] [mixin/]: Processing inject() for PlatformAgent[MixinPlatformAgentDefault:SecureJarResource(mixinextras)]
[21Mar2026 17:48:58.781] [main/DEBUG] [mixin/]: Processing inject() for PlatformAgent[MixinPlatformAgentDefault:SecureJarResource(MixinExtras)]
[21Mar2026 17:48:58.781] [main/DEBUG] [mixin/]: Processing inject() for PlatformAgent[MixinPlatformAgentDefault:SecureJarResource(thedarkcolour.kotlinforforge.lib)]
[21Mar2026 17:48:58.781] [main/INFO] [cpw.mods.modlauncher.LaunchServiceHandler/MODLAUNCHER]: Launching target 'forgeclientuserdev' with arguments [--version, MOD_DEV, --gameDir, ., --assetsDir, C:\Users\ashwa\.gradle\caches\forge_gradle\assets, --assetIndex, 5]
[21Mar2026 17:48:58.862] [main/DEBUG] [mixin/]: Error cleaning class output directory: .mixin.out
[21Mar2026 17:48:58.865] [main/DEBUG] [mixin/]: Preparing mixins for MixinEnvironment[DEFAULT]
[21Mar2026 17:48:58.865] [main/DEBUG] [mixin/]: Selecting config oneironaut.mixins.json
[21Mar2026 17:48:58.870] [main/WARN] [mixin/]: Reference map 'oneironaut.refmap.json' for oneironaut.mixins.json could not be read. If this is a development environment you can ignore this message
[21Mar2026 17:48:58.871] [main/DEBUG] [mixin/]: Selecting config paucal_xplat.mixins.json
[21Mar2026 17:48:59.038] [main/INFO] [mixin/]: Remapping refMap paucal.mixins.refmap.json using D:\Intelij Projects\oneironautfinal\build\createSrgToMcp\output.srg
[21Mar2026 17:48:59.038] [main/DEBUG] [mixin/]: Selecting config paucal_forge.mixins.json
[21Mar2026 17:48:59.038] [main/INFO] [mixin/]: Remapping refMap paucal.mixins.refmap.json using D:\Intelij Projects\oneironautfinal\build\createSrgToMcp\output.srg
[21Mar2026 17:48:59.038] [main/DEBUG] [mixin/]: Selecting config geckolib.mixins.json
[21Mar2026 17:48:59.039] [main/INFO] [mixin/]: Remapping refMap geckolib.refmap.json using D:\Intelij Projects\oneironautfinal\build\createSrgToMcp\output.srg
[21Mar2026 17:48:59.039] [main/DEBUG] [mixin/]: Selecting config moreiotasplat.mixins.json
[21Mar2026 17:48:59.040] [main/WARN] [mixin/]: Reference map 'moreiotas.mixins.refmap.json' for moreiotasplat.mixins.json could not be read. If this is a development environment you can ignore this message
[21Mar2026 17:48:59.040] [main/DEBUG] [mixin/]: Selecting config moreiotas_forge.mixins.json
[21Mar2026 17:48:59.040] [main/WARN] [mixin/]: Reference map 'moreiotas.mixins.refmap.json' for moreiotas_forge.mixins.json could not be read. If this is a development environment you can ignore this message
[21Mar2026 17:48:59.040] [main/DEBUG] [mixin/]: Selecting config hexalplat.mixins.json
[21Mar2026 17:48:59.041] [main/INFO] [mixin/]: Remapping refMap hexal.mixins.refmap.json using D:\Intelij Projects\oneironautfinal\build\createSrgToMcp\output.srg
[21Mar2026 17:48:59.041] [main/DEBUG] [mixin/]: Selecting config hexal_forge.mixins.json
[21Mar2026 17:48:59.041] [main/INFO] [mixin/]: Remapping refMap hexal.mixins.refmap.json using D:\Intelij Projects\oneironautfinal\build\createSrgToMcp\output.srg
[21Mar2026 17:48:59.041] [main/DEBUG] [mixin/]: Selecting config inline-forge.mixins.json
[21Mar2026 17:48:59.042] [main/DEBUG] [mixin/]: Selecting config inline-common.mixins.json
[21Mar2026 17:48:59.042] [main/INFO] [mixin/]: Remapping refMap common.refmap.json using D:\Intelij Projects\oneironautfinal\build\createSrgToMcp\output.srg
[21Mar2026 17:48:59.042] [main/DEBUG] [mixin/]: Selecting config hexplat.mixins.json
[21Mar2026 17:48:59.043] [main/INFO] [mixin/]: Remapping refMap hexcasting.mixins.refmap.json using D:\Intelij Projects\oneironautfinal\build\createSrgToMcp\output.srg
[21Mar2026 17:48:59.043] [main/DEBUG] [mixin/]: Selecting config hexcasting_forge.mixins.json
[21Mar2026 17:48:59.043] [main/INFO] [mixin/]: Remapping refMap hexcasting.mixins.refmap.json using D:\Intelij Projects\oneironautfinal\build\createSrgToMcp\output.srg
[21Mar2026 17:48:59.043] [main/DEBUG] [mixin/]: Selecting config caelus.mixins.json
[21Mar2026 17:48:59.044] [main/INFO] [mixin/]: Remapping refMap caelus.refmap.json using D:\Intelij Projects\oneironautfinal\build\createSrgToMcp\output.srg
[21Mar2026 17:48:59.044] [main/DEBUG] [mixin/]: Selecting config patchouli_xplat.mixins.json
[21Mar2026 17:48:59.045] [main/INFO] [mixin/]: Remapping refMap patchouli.refmap.json using D:\Intelij Projects\oneironautfinal\build\createSrgToMcp\output.srg
[21Mar2026 17:48:59.045] [main/DEBUG] [mixin/]: Selecting config mixinextras.init.mixins.json
[21Mar2026 17:48:59.123] [main/DEBUG] [MixinExtras|Service/]: com.llamalad7.mixinextras.service.MixinExtrasServiceImpl(version=0.5.3) is taking over from null
[21Mar2026 17:48:59.176] [main/DEBUG] [mixin/]: Registering new injector for @Inject with org.spongepowered.asm.mixin.injection.struct.CallbackInjectionInfo
[21Mar2026 17:48:59.177] [main/DEBUG] [mixin/]: Registering new injector for @ModifyArg with org.spongepowered.asm.mixin.injection.struct.ModifyArgInjectionInfo
[21Mar2026 17:48:59.178] [main/DEBUG] [mixin/]: Registering new injector for @ModifyArgs with org.spongepowered.asm.mixin.injection.struct.ModifyArgsInjectionInfo
[21Mar2026 17:48:59.180] [main/DEBUG] [mixin/]: Registering new injector for @Redirect with org.spongepowered.asm.mixin.injection.struct.RedirectInjectionInfo
[21Mar2026 17:48:59.181] [main/DEBUG] [mixin/]: Registering new injector for @ModifyVariable with org.spongepowered.asm.mixin.injection.struct.ModifyVariableInjectionInfo
[21Mar2026 17:48:59.183] [main/DEBUG] [mixin/]: Registering new injector for @ModifyConstant with org.spongepowered.asm.mixin.injection.struct.ModifyConstantInjectionInfo
[21Mar2026 17:48:59.190] [main/DEBUG] [mixin/]: Preparing oneironaut.mixins.json (18)
[21Mar2026 17:48:59.245] [main/DEBUG] [mixin/]: @Mixin target ram.talia.hexal.api.casting.mishaps.MishapIllegalInterworldIota$Companion is public in oneironaut.mixins.json:IllegalIotasMixin and should be specified in value
[21Mar2026 17:48:59.250] [main/DEBUG] [mixin/]: Preparing paucal_xplat.mixins.json (2)
[21Mar2026 17:48:59.264] [main/DEBUG] [mixin/]: Preparing paucal_forge.mixins.json (0)
[21Mar2026 17:48:59.264] [main/DEBUG] [mixin/]: Preparing geckolib.mixins.json (1)
[21Mar2026 17:48:59.265] [main/DEBUG] [mixin/]: Preparing moreiotasplat.mixins.json (0)
[21Mar2026 17:48:59.265] [main/DEBUG] [mixin/]: Preparing moreiotas_forge.mixins.json (0)
[21Mar2026 17:48:59.265] [main/DEBUG] [mixin/]: Preparing hexalplat.mixins.json (3)
[21Mar2026 17:48:59.267] [main/DEBUG] [mixin/]: Preparing hexal_forge.mixins.json (2)
[21Mar2026 17:48:59.268] [main/DEBUG] [mixin/]: Preparing inline-forge.mixins.json (0)
[21Mar2026 17:48:59.268] [main/DEBUG] [mixin/]: Preparing inline-common.mixins.json (20)
[21Mar2026 17:48:59.346] [main/DEBUG] [net.minecraftforge.coremod.transformer.CoreModBaseTransformer/COREMOD]: Transforming net/minecraft/world/item/ItemStack
[21Mar2026 17:48:59.382] [main/WARN] [mixin/]: Error loading class: com/simibubi/create/content/trains/display/FlapDisplayRenderer$FlapDisplayRenderOutput (java.lang.ClassNotFoundException: com.simibubi.create.content.trains.display.FlapDisplayRenderer$FlapDisplayRenderOutput)
[21Mar2026 17:48:59.382] [main/DEBUG] [mixin/]: Skipping virtual target com.simibubi.create.content.trains.display.FlapDisplayRenderer$FlapDisplayRenderOutput for inline-common.mixins.json:interop.MixinCreateDisplayRendering
[21Mar2026 17:48:59.383] [main/WARN] [mixin/]: Error loading class: com/simibubi/create/content/trains/display/FlapDisplaySection (java.lang.ClassNotFoundException: com.simibubi.create.content.trains.display.FlapDisplaySection)
[21Mar2026 17:48:59.383] [main/DEBUG] [mixin/]: Skipping virtual target com.simibubi.create.content.trains.display.FlapDisplaySection for inline-common.mixins.json:interop.MixinCreateMakeBoardsRightLength
[21Mar2026 17:48:59.383] [main/WARN] [mixin/]: Error loading class: com/simibubi/create/content/trains/display/FlapDisplayRenderer (java.lang.ClassNotFoundException: com.simibubi.create.content.trains.display.FlapDisplayRenderer)
[21Mar2026 17:48:59.384] [main/DEBUG] [mixin/]: Skipping virtual target com.simibubi.create.content.trains.display.FlapDisplayRenderer for inline-common.mixins.json:interop.MixinCreateMakeDisplaySectionsNotTooLong
[21Mar2026 17:48:59.386] [main/WARN] [mixin/]: Error loading class: com/hrznstudio/emojiful/ClientEmojiHandler (java.lang.ClassNotFoundException: com.hrznstudio.emojiful.ClientEmojiHandler)
[21Mar2026 17:48:59.386] [main/DEBUG] [mixin/]: Skipping virtual target com.hrznstudio.emojiful.ClientEmojiHandler for inline-common.mixins.json:interop.MixinInjectHeadCancelEmojiful
[21Mar2026 17:48:59.387] [main/DEBUG] [mixin/]: Preparing hexplat.mixins.json (22)
[21Mar2026 17:48:59.395] [main/DEBUG] [net.minecraftforge.coremod.transformer.CoreModBaseTransformer/COREMOD]: Transforming net/minecraft/world/entity/npc/Villager
[21Mar2026 17:48:59.605] [main/DEBUG] [mixin/]: Preparing hexcasting_forge.mixins.json (5)
[21Mar2026 17:48:59.611] [main/DEBUG] [mixin/]: Preparing caelus.mixins.json (4)
[21Mar2026 17:48:59.619] [main/DEBUG] [mixin/]: Preparing patchouli_xplat.mixins.json (10)
[21Mar2026 17:48:59.647] [main/DEBUG] [mixin/]: Preparing mixinextras.init.mixins.json (0)
[21Mar2026 17:48:59.677] [main/DEBUG] [mixin/]: Prepared 83 mixins in 0.811 sec (9.8ms avg) (0ms load, 0ms transform, 0ms plugin)
[21Mar2026 17:48:59.706] [main/INFO] [MixinExtras|Service/]: Initializing MixinExtras via com.llamalad7.mixinextras.service.MixinExtrasServiceImpl(version=0.5.3).
[21Mar2026 17:48:59.709] [main/DEBUG] [mixin/]: Registering new injector for @SugarWrapper with com.llamalad7.mixinextras.sugar.impl.SugarWrapperInjectionInfo
[21Mar2026 17:48:59.710] [main/DEBUG] [mixin/]: Registering new injector for @FactoryRedirectWrapper with com.llamalad7.mixinextras.wrapper.factory.FactoryRedirectWrapperInjectionInfo
[21Mar2026 17:48:59.711] [main/DEBUG] [mixin/]: Registering new injector for @ExpressionInjectorWrapper with com.llamalad7.mixinextras.expression.impl.wrapper.ExpressionInjectorWrapperInjectionInfo
[21Mar2026 17:48:59.751] [main/DEBUG] [mixin/]: Mixing feature.playerskins.MixinClientAccessor from inline-common.mixins.json into net.minecraft.client.Minecraft
[21Mar2026 17:49:00.188] [main/DEBUG] [io.netty.util.internal.logging.InternalLoggerFactory/]: Using SLF4J as the default logging framework
[21Mar2026 17:49:00.190] [main/DEBUG] [io.netty.util.ResourceLeakDetector/]: -Dio.netty.leakDetection.level: simple
[21Mar2026 17:49:00.190] [main/DEBUG] [io.netty.util.ResourceLeakDetector/]: -Dio.netty.leakDetection.targetRecords: 4
[21Mar2026 17:49:00.202] [main/DEBUG] [mixin/]: Mixing core.MixinInlineStyle from inline-common.mixins.json into net.minecraft.network.chat.Style
[21Mar2026 17:49:00.455] [main/DEBUG] [mixin/]: Mixing client.MixinSystemReport from patchouli_xplat.mixins.json into net.minecraft.SystemReport
[21Mar2026 17:49:00.509] [main/DEBUG] [oshi.util.FileUtil/]: No oshi.properties file found from ClassLoader cpw.mods.modlauncher.TransformingClassLoader@7cfac39f
[21Mar2026 17:49:00.806] [main/DEBUG] [oshi.util.FileUtil/]: No oshi.architecture.properties file found from ClassLoader cpw.mods.modlauncher.TransformingClassLoader@7cfac39f
[21Mar2026 17:49:01.091] [main/DEBUG] [mixin/]: Mixing client.AccessorScreen from patchouli_xplat.mixins.json into net.minecraft.client.gui.screens.Screen
[21Mar2026 17:49:01.108] [main/DEBUG] [mixin/]: Mixing prompts.MixinSuggestInChat from inline-common.mixins.json into net.minecraft.client.gui.screens.ChatScreen
[21Mar2026 17:49:01.155] [main/DEBUG] [mixin/]: Mixing client.MixinClientLevel from hexplat.mixins.json into net.minecraft.client.multiplayer.ClientLevel
[21Mar2026 17:49:01.220] [main/DEBUG] [mixin/]: Mixing feature.playerskins.MixinAccessPlayerModelParts from inline-common.mixins.json into net.minecraft.world.entity.player.Player
[21Mar2026 17:49:01.221] [main/DEBUG] [mixin/]: Renaming @Accessor method getPlayerModelParts()Lnet/minecraft/network/syncher/EntityDataAccessor; to getPlayerModelParts_$md$e518a5$0 in inline-common.mixins.json:feature.playerskins.MixinAccessPlayerModelParts
[21Mar2026 17:49:01.250] [main/DEBUG] [mixin/]: Mixing accessor.AccessorLivingEntity from hexplat.mixins.json into net.minecraft.world.entity.LivingEntity
[21Mar2026 17:49:01.314] [main/DEBUG] [mixin/]: Mixing MixinLivingEntity from caelus.mixins.json into net.minecraft.world.entity.LivingEntity
[21Mar2026 17:49:01.319] [main/DEBUG] [net.minecraftforge.coremod.transformer.CoreModBaseTransformer/COREMOD]: Transforming net/minecraft/world/entity/EntityType
[21Mar2026 17:49:01.438] [main/DEBUG] [mixin/]: Mixing accessor.AccessorEntity from hexplat.mixins.json into net.minecraft.world.entity.Entity
[21Mar2026 17:49:01.463] [main/DEBUG] [mixin/]: Mixing MixinLocalPlayer from caelus.mixins.json into net.minecraft.client.player.LocalPlayer
[21Mar2026 17:49:01.509] [main/DEBUG] [mixin/]: Mixing feature.playerskins.MixinOfflinePlayerSkins from inline-common.mixins.json into net.minecraft.client.player.AbstractClientPlayer
[21Mar2026 17:49:01.524] [main/DEBUG] [mixin/]: Mixing client.MixinInventoryScreen from patchouli_xplat.mixins.json into net.minecraft.client.gui.screens.inventory.InventoryScreen
[21Mar2026 17:49:01.605] [pool-4-thread-1/DEBUG] [mixin/]: Mixing ForgeAccessorBuiltInRegistries from hexcasting_forge.mixins.json into net.minecraft.core.registries.BuiltInRegistries
[21Mar2026 17:49:01.605] [pool-4-thread-1/DEBUG] [mixin/]: Renaming @Invoker method hex$registerDefaulted(Lnet/minecraft/resources/ResourceKey;Ljava/lang/String;Lnet/minecraft/core/registries/BuiltInRegistries$RegistryBootstrap;)Lnet/minecraft/core/DefaultedRegistry; to hex$registerDefaulted_$md$e518a5$0 in hexcasting_forge.mixins.json:ForgeAccessorBuiltInRegistries
[21Mar2026 17:49:01.609] [pool-4-thread-1/DEBUG] [mixin/]: Renaming @Invoker method hex$registerSimple(Lnet/minecraft/resources/ResourceKey;Lnet/minecraft/core/registries/BuiltInRegistries$RegistryBootstrap;)Lnet/minecraft/core/Registry; to hex$registerSimple_$md$e518a5$1 in hexcasting_forge.mixins.json:ForgeAccessorBuiltInRegistries
[21Mar2026 17:49:01.732] [pool-4-thread-1/DEBUG] [mixin/]: Mixing MixinItem from hexal_forge.mixins.json into net.minecraft.world.item.Item
[21Mar2026 17:49:01.746] [pool-4-thread-1/DEBUG] [net.minecraftforge.coremod.transformer.CoreModBaseTransformer/COREMOD]: Transforming net/minecraft/world/entity/EntityType
[21Mar2026 17:49:02.301] [pool-4-thread-1/DEBUG] [net.minecraftforge.coremod.transformer.CoreModBaseTransformer/COREMOD]: Transforming net/minecraft/world/level/block/LiquidBlock
[21Mar2026 17:49:02.321] [pool-4-thread-1/DEBUG] [net.minecraftforge.coremod.transformer.CoreModBaseTransformer/COREMOD]: Transforming net/minecraft/world/level/block/StairBlock
[21Mar2026 17:49:02.400] [pool-4-thread-1/DEBUG] [net.minecraftforge.coremod.transformer.CoreModBaseTransformer/COREMOD]: Transforming net/minecraft/world/level/block/FlowerPotBlock
[21Mar2026 17:49:02.791] [pool-4-thread-1/DEBUG] [mixin/]: Mixing accessor.AccessorAbstractArrow from hexplat.mixins.json into net.minecraft.world.entity.projectile.AbstractArrow
[21Mar2026 17:49:02.810] [pool-4-thread-1/DEBUG] [mixin/]: Mixing MixinMob from hexplat.mixins.json into net.minecraft.world.entity.Mob
[21Mar2026 17:49:02.868] [pool-4-thread-1/DEBUG] [net.minecraftforge.coremod.transformer.CoreModBaseTransformer/COREMOD]: Transforming net/minecraft/world/item/ItemStack
[21Mar2026 17:49:02.869] [pool-4-thread-1/DEBUG] [mixin/]: Mixing feature.MixinHijackFeatherForTooltip from inline-common.mixins.json into net.minecraft.world.item.ItemStack
[21Mar2026 17:49:02.870] [pool-4-thread-1/DEBUG] [mixin/]: Mixing feature.MixinAddModIconToTooltip from inline-common.mixins.json into net.minecraft.world.item.ItemStack
[21Mar2026 17:49:02.952] [pool-4-thread-1/DEBUG] [mixin/]: Mixing feature.playerskins.MixinClientHeadChecker from inline-common.mixins.json into net.minecraft.world.level.block.entity.SkullBlockEntity
[21Mar2026 17:49:02.953] [pool-4-thread-1/DEBUG] [mixin/]: Renaming @Accessor method getSessionService()Lcom/mojang/authlib/minecraft/MinecraftSessionService; to getSessionService_$md$e518a5$0 in inline-common.mixins.json:feature.playerskins.MixinClientHeadChecker
[21Mar2026 17:49:03.313] [pool-4-thread-1/DEBUG] [net.minecraftforge.coremod.transformer.CoreModBaseTransformer/COREMOD]: Transforming net/minecraft/world/entity/animal/frog/Tadpole
[21Mar2026 17:49:03.338] [pool-4-thread-1/DEBUG] [net.minecraftforge.coremod.transformer.CoreModBaseTransformer/COREMOD]: Transforming net/minecraft/world/item/BucketItem
[21Mar2026 17:49:03.998] [pool-4-thread-1/DEBUG] [net.minecraftforge.coremod.transformer.CoreModBaseTransformer/COREMOD]: Transforming net/minecraft/world/entity/monster/Spider
[21Mar2026 17:49:04.061] [Datafixer Bootstrap/INFO] [com.mojang.datafixers.DataFixerBuilder/]: 188 Datafixer optimizations took 153 milliseconds
[21Mar2026 17:49:04.075] [pool-4-thread-1/DEBUG] [net.minecraftforge.coremod.transformer.CoreModBaseTransformer/COREMOD]: Transforming net/minecraft/world/entity/monster/Zombie
[21Mar2026 17:49:04.094] [pool-4-thread-1/DEBUG] [net.minecraftforge.coremod.transformer.CoreModBaseTransformer/COREMOD]: Transforming net/minecraft/world/entity/monster/ZombieVillager
[21Mar2026 17:49:04.178] [pool-4-thread-1/DEBUG] [mixin/]: Mixing MixinRaider from hexplat.mixins.json into net.minecraft.world.entity.raid.Raider
[21Mar2026 17:49:04.193] [pool-4-thread-1/DEBUG] [net.minecraftforge.coremod.transformer.CoreModBaseTransformer/COREMOD]: Transforming net/minecraft/world/entity/monster/Evoker$EvokerSummonSpellGoal
[21Mar2026 17:49:04.210] [pool-4-thread-1/DEBUG] [mixin/]: Mixing accessor.AccessorUseOnContext from hexplat.mixins.json into net.minecraft.world.item.context.UseOnContext
[21Mar2026 17:49:04.210] [pool-4-thread-1/DEBUG] [mixin/]: Renaming @Invoker method hex$new(Lnet/minecraft/world/level/Level;Lnet/minecraft/world/entity/player/Player;Lnet/minecraft/world/InteractionHand;Lnet/minecraft/world/item/ItemStack;Lnet/minecraft/world/phys/BlockHitResult;)Lnet/minecraft/world/item/context/UseOnContext; to hex$new_$md$e518a5$0 in hexplat.mixins.json:accessor.AccessorUseOnContext
[21Mar2026 17:49:04.300] [pool-4-thread-1/DEBUG] [net.minecraftforge.coremod.transformer.CoreModBaseTransformer/COREMOD]: Transforming net/minecraft/world/entity/animal/horse/SkeletonTrapGoal
[21Mar2026 17:49:04.312] [pool-4-thread-1/DEBUG] [net.minecraftforge.coremod.transformer.CoreModBaseTransformer/COREMOD]: Transforming net/minecraft/world/entity/monster/Strider
[21Mar2026 17:49:04.391] [pool-4-thread-1/DEBUG] [net.minecraftforge.coremod.transformer.CoreModBaseTransformer/COREMOD]: Transforming net/minecraft/world/entity/npc/Villager
[21Mar2026 17:49:04.403] [pool-4-thread-1/DEBUG] [mixin/]: Mixing MixinVillager from hexplat.mixins.json into net.minecraft.world.entity.npc.Villager
[21Mar2026 17:49:04.405] [pool-4-thread-1/DEBUG] [mixin/]: Mixing accessor.AccessorVillager from hexplat.mixins.json into net.minecraft.world.entity.npc.Villager
[21Mar2026 17:49:04.420] [pool-4-thread-1/DEBUG] [mixin/]: Mixing MixinAbstractVillager from hexplat.mixins.json into net.minecraft.world.entity.npc.AbstractVillager
[21Mar2026 17:49:04.431] [pool-4-thread-1/DEBUG] [mixin/]: Mixing MixinWitch from hexplat.mixins.json into net.minecraft.world.entity.monster.Witch
[21Mar2026 17:49:04.441] [pool-4-thread-1/DEBUG] [mixin/]: Mixing MixinWanderingTrader from hexplat.mixins.json into net.minecraft.world.entity.npc.WanderingTrader
[21Mar2026 17:49:04.500] [pool-4-thread-1/DEBUG] [net.minecraftforge.coremod.transformer.CoreModBaseTransformer/COREMOD]: Transforming net/minecraft/world/effect/MobEffectInstance
[21Mar2026 17:49:04.537] [pool-4-thread-1/DEBUG] [mixin/]: Mixing accessor.AccessorPotionBrewing from hexplat.mixins.json into net.minecraft.world.item.alchemy.PotionBrewing
[21Mar2026 17:49:04.537] [pool-4-thread-1/DEBUG] [mixin/]: Renaming @Invoker method addMix(Lnet/minecraft/world/item/alchemy/Potion;Lnet/minecraft/world/item/Item;Lnet/minecraft/world/item/alchemy/Potion;)V to addMix_$md$e518a5$0 in hexplat.mixins.json:accessor.AccessorPotionBrewing
[21Mar2026 17:49:04.799] [pool-4-thread-1/DEBUG] [net.minecraftforge.coremod.transformer.CoreModBaseTransformer/COREMOD]: Transforming net/minecraft/world/level/levelgen/structure/Structure
[21Mar2026 17:49:04.877] [pool-4-thread-1/DEBUG] [net.minecraftforge.coremod.transformer.CoreModBaseTransformer/COREMOD]: Transforming net/minecraft/world/level/levelgen/structure/structures/OceanRuinPieces$OceanRuinPiece
[21Mar2026 17:49:04.890] [pool-4-thread-1/DEBUG] [net.minecraftforge.coremod.transformer.CoreModBaseTransformer/COREMOD]: Transforming net/minecraft/world/level/levelgen/structure/structures/SwampHutPiece
[21Mar2026 17:49:04.898] [pool-4-thread-1/DEBUG] [net.minecraftforge.coremod.transformer.CoreModBaseTransformer/COREMOD]: Transforming net/minecraft/world/level/levelgen/structure/structures/OceanMonumentPieces$OceanMonumentPiece
[21Mar2026 17:49:04.930] [pool-4-thread-1/DEBUG] [net.minecraftforge.coremod.transformer.CoreModBaseTransformer/COREMOD]: Transforming net/minecraft/world/level/levelgen/structure/structures/WoodlandMansionPieces$WoodlandMansionPiece
[21Mar2026 17:49:05.003] [pool-4-thread-1/DEBUG] [net.minecraftforge.coremod.transformer.CoreModBaseTransformer/COREMOD]: Transforming net/minecraft/world/level/biome/Biome
[21Mar2026 17:49:05.112] [pool-4-thread-1/DEBUG] [net.minecraftforge.registries.GameData/REGISTRIES]: Creating vanilla freeze snapshot
[21Mar2026 17:49:05.115] [pool-4-thread-1/DEBUG] [net.minecraftforge.registries.ForgeRegistry/REGISTRIES]: Registry minecraft:block Sync: VANILLA -> ACTIVE
[21Mar2026 17:49:05.121] [pool-4-thread-1/DEBUG] [net.minecraftforge.registries.ForgeRegistry/REGISTRIES]: Registry minecraft:fluid Sync: VANILLA -> ACTIVE
[21Mar2026 17:49:05.122] [pool-4-thread-1/DEBUG] [net.minecraftforge.registries.ForgeRegistry/REGISTRIES]: Registry minecraft:item Sync: VANILLA -> ACTIVE
[21Mar2026 17:49:05.125] [pool-4-thread-1/DEBUG] [net.minecraftforge.registries.ForgeRegistry/REGISTRIES]: Registry minecraft:mob_effect Sync: VANILLA -> ACTIVE
[21Mar2026 17:49:05.125] [pool-4-thread-1/DEBUG] [net.minecraftforge.registries.ForgeRegistry/REGISTRIES]: Registry minecraft:sound_event Sync: VANILLA -> ACTIVE
[21Mar2026 17:49:05.128] [pool-4-thread-1/DEBUG] [net.minecraftforge.registries.ForgeRegistry/REGISTRIES]: Registry minecraft:potion Sync: VANILLA -> ACTIVE
[21Mar2026 17:49:05.128] [pool-4-thread-1/DEBUG] [net.minecraftforge.registries.ForgeRegistry/REGISTRIES]: Registry minecraft:enchantment Sync: VANILLA -> ACTIVE
[21Mar2026 17:49:05.128] [pool-4-thread-1/DEBUG] [net.minecraftforge.registries.ForgeRegistry/REGISTRIES]: Registry minecraft:entity_type Sync: VANILLA -> ACTIVE
[21Mar2026 17:49:05.129] [pool-4-thread-1/DEBUG] [net.minecraftforge.registries.ForgeRegistry/REGISTRIES]: Registry minecraft:block_entity_type Sync: VANILLA -> ACTIVE
[21Mar2026 17:49:05.129] [pool-4-thread-1/DEBUG] [net.minecraftforge.registries.ForgeRegistry/REGISTRIES]: Registry minecraft:particle_type Sync: VANILLA -> ACTIVE
[21Mar2026 17:49:05.129] [pool-4-thread-1/DEBUG] [net.minecraftforge.registries.ForgeRegistry/REGISTRIES]: Registry minecraft:menu Sync: VANILLA -> ACTIVE
[21Mar2026 17:49:05.129] [pool-4-thread-1/DEBUG] [net.minecraftforge.registries.ForgeRegistry/REGISTRIES]: Registry minecraft:painting_variant Sync: VANILLA -> ACTIVE
[21Mar2026 17:49:05.129] [pool-4-thread-1/DEBUG] [net.minecraftforge.registries.ForgeRegistry/REGISTRIES]: Registry minecraft:recipe_type Sync: VANILLA -> ACTIVE
[21Mar2026 17:49:05.129] [pool-4-thread-1/DEBUG] [net.minecraftforge.registries.ForgeRegistry/REGISTRIES]: Registry minecraft:recipe_serializer Sync: VANILLA -> ACTIVE
[21Mar2026 17:49:05.130] [pool-4-thread-1/DEBUG] [net.minecraftforge.registries.ForgeRegistry/REGISTRIES]: Registry minecraft:attribute Sync: VANILLA -> ACTIVE
[21Mar2026 17:49:05.130] [pool-4-thread-1/DEBUG] [net.minecraftforge.registries.ForgeRegistry/REGISTRIES]: Registry minecraft:stat_type Sync: VANILLA -> ACTIVE
[21Mar2026 17:49:05.130] [pool-4-thread-1/DEBUG] [net.minecraftforge.registries.ForgeRegistry/REGISTRIES]: Registry minecraft:command_argument_type Sync: VANILLA -> ACTIVE
[21Mar2026 17:49:05.130] [pool-4-thread-1/DEBUG] [net.minecraftforge.registries.ForgeRegistry/REGISTRIES]: Registry minecraft:villager_profession Sync: VANILLA -> ACTIVE
[21Mar2026 17:49:05.130] [pool-4-thread-1/DEBUG] [net.minecraftforge.registries.ForgeRegistry/REGISTRIES]: Registry minecraft:point_of_interest_type Sync: VANILLA -> ACTIVE
[21Mar2026 17:49:05.131] [pool-4-thread-1/DEBUG] [net.minecraftforge.registries.ForgeRegistry/REGISTRIES]: Registry minecraft:memory_module_type Sync: VANILLA -> ACTIVE
[21Mar2026 17:49:05.132] [pool-4-thread-1/DEBUG] [net.minecraftforge.registries.ForgeRegistry/REGISTRIES]: Registry minecraft:sensor_type Sync: VANILLA -> ACTIVE
[21Mar2026 17:49:05.132] [pool-4-thread-1/DEBUG] [net.minecraftforge.registries.ForgeRegistry/REGISTRIES]: Registry minecraft:schedule Sync: VANILLA -> ACTIVE
[21Mar2026 17:49:05.132] [pool-4-thread-1/DEBUG] [net.minecraftforge.registries.ForgeRegistry/REGISTRIES]: Registry minecraft:activity Sync: VANILLA -> ACTIVE
[21Mar2026 17:49:05.132] [pool-4-thread-1/DEBUG] [net.minecraftforge.registries.ForgeRegistry/REGISTRIES]: Registry minecraft:worldgen/carver Sync: VANILLA -> ACTIVE
[21Mar2026 17:49:05.132] [pool-4-thread-1/DEBUG] [net.minecraftforge.registries.ForgeRegistry/REGISTRIES]: Registry minecraft:worldgen/feature Sync: VANILLA -> ACTIVE
[21Mar2026 17:49:05.132] [pool-4-thread-1/DEBUG] [net.minecraftforge.registries.ForgeRegistry/REGISTRIES]: Registry minecraft:chunk_status Sync: VANILLA -> ACTIVE
[21Mar2026 17:49:05.132] [pool-4-thread-1/DEBUG] [net.minecraftforge.registries.ForgeRegistry/REGISTRIES]: Registry minecraft:worldgen/block_state_provider_type Sync: VANILLA -> ACTIVE
[21Mar2026 17:49:05.132] [pool-4-thread-1/DEBUG] [net.minecraftforge.registries.ForgeRegistry/REGISTRIES]: Registry minecraft:worldgen/foliage_placer_type Sync: VANILLA -> ACTIVE
[21Mar2026 17:49:05.132] [pool-4-thread-1/DEBUG] [net.minecraftforge.registries.ForgeRegistry/REGISTRIES]: Registry minecraft:worldgen/tree_decorator_type Sync: VANILLA -> ACTIVE
[21Mar2026 17:49:05.132] [pool-4-thread-1/DEBUG] [net.minecraftforge.registries.ForgeRegistry/REGISTRIES]: Registry minecraft:worldgen/biome Sync: VANILLA -> ACTIVE
[21Mar2026 17:49:05.136] [pool-4-thread-1/DEBUG] [net.minecraftforge.registries.GameData/REGISTRIES]: Vanilla freeze snapshot created
[21Mar2026 17:49:05.161] [pool-4-thread-1/DEBUG] [io.netty.util.internal.PlatformDependent0/]: -Dio.netty.noUnsafe: false
[21Mar2026 17:49:05.161] [pool-4-thread-1/DEBUG] [io.netty.util.internal.PlatformDependent0/]: Java version: 17
[21Mar2026 17:49:05.163] [pool-4-thread-1/DEBUG] [io.netty.util.internal.PlatformDependent0/]: sun.misc.Unsafe.theUnsafe: available
[21Mar2026 17:49:05.164] [pool-4-thread-1/DEBUG] [io.netty.util.internal.PlatformDependent0/]: sun.misc.Unsafe.copyMemory: available
[21Mar2026 17:49:05.165] [pool-4-thread-1/DEBUG] [io.netty.util.internal.PlatformDependent0/]: sun.misc.Unsafe.storeFence: available
[21Mar2026 17:49:05.165] [pool-4-thread-1/DEBUG] [io.netty.util.internal.PlatformDependent0/]: java.nio.Buffer.address: available
[21Mar2026 17:49:05.167] [pool-4-thread-1/DEBUG] [io.netty.util.internal.PlatformDependent0/]: direct buffer constructor: unavailable
java.lang.UnsupportedOperationException: Reflective setAccessible(true) disabled
	at io.netty.util.internal.ReflectionUtil.trySetAccessible(ReflectionUtil.java:31) ~[netty-common-4.1.82.Final.jar%23151!/:4.1.82.Final]
	at io.netty.util.internal.PlatformDependent0$5.run(PlatformDependent0.java:288) ~[netty-common-4.1.82.Final.jar%23151!/:4.1.82.Final]
	at java.security.AccessController.doPrivileged(AccessController.java:318) ~[?:?]
	at io.netty.util.internal.PlatformDependent0.<clinit>(PlatformDependent0.java:282) ~[netty-common-4.1.82.Final.jar%23151!/:4.1.82.Final]
	at io.netty.util.internal.PlatformDependent.isAndroid(PlatformDependent.java:333) ~[netty-common-4.1.82.Final.jar%23151!/:4.1.82.Final]
	at io.netty.util.internal.PlatformDependent.<clinit>(PlatformDependent.java:88) ~[netty-common-4.1.82.Final.jar%23151!/:4.1.82.Final]
	at io.netty.util.ConstantPool.<init>(ConstantPool.java:34) ~[netty-common-4.1.82.Final.jar%23151!/:4.1.82.Final]
	at io.netty.util.AttributeKey$1.<init>(AttributeKey.java:27) ~[netty-common-4.1.82.Final.jar%23151!/:4.1.82.Final]
	at io.netty.util.AttributeKey.<clinit>(AttributeKey.java:27) ~[netty-common-4.1.82.Final.jar%23151!/:4.1.82.Final]
	at net.minecraftforge.network.NetworkConstants.<clinit>(NetworkConstants.java:34) ~[forge-1.20.1-47.4.15_mapped_parchment_2023.09.03-1.20.1.jar%23190%23197!/:?]
	at net.minecraftforge.network.NetworkHooks.init(NetworkHooks.java:52) ~[forge-1.20.1-47.4.15_mapped_parchment_2023.09.03-1.20.1.jar%23190%23197!/:?]
	at net.minecraft.server.Bootstrap.bootStrap(Bootstrap.java:62) ~[forge-1.20.1-47.4.15_mapped_parchment_2023.09.03-1.20.1.jar%23191!/:?]
	at net.minecraft.client.main.Main.lambda$main$0(Main.java:151) ~[forge-1.20.1-47.4.15_mapped_parchment_2023.09.03-1.20.1.jar%23191!/:?]
	at java.util.concurrent.Executors$RunnableAdapter.call(Executors.java:539) ~[?:?]
	at java.util.concurrent.FutureTask.run(FutureTask.java:264) ~[?:?]
	at java.util.concurrent.ThreadPoolExecutor.runWorker(ThreadPoolExecutor.java:1136) ~[?:?]
	at java.util.concurrent.ThreadPoolExecutor$Worker.run(ThreadPoolExecutor.java:635) ~[?:?]
	at java.lang.Thread.run(Thread.java:840) ~[?:?]
[21Mar2026 17:49:05.169] [pool-4-thread-1/DEBUG] [io.netty.util.internal.PlatformDependent0/]: java.nio.Bits.unaligned: available, true
[21Mar2026 17:49:05.170] [pool-4-thread-1/DEBUG] [io.netty.util.internal.PlatformDependent0/]: jdk.internal.misc.Unsafe.allocateUninitializedArray(int): unavailable
java.lang.IllegalAccessException: class io.netty.util.internal.PlatformDependent0$7 (in module io.netty.common) cannot access class jdk.internal.misc.Unsafe (in module java.base) because module java.base does not export jdk.internal.misc to module io.netty.common
	at jdk.internal.reflect.Reflection.newIllegalAccessException(Reflection.java:392) ~[?:?]
	at java.lang.reflect.AccessibleObject.checkAccess(AccessibleObject.java:674) ~[?:?]
	at java.lang.reflect.Method.invoke(Method.java:561) ~[?:?]
	at io.netty.util.internal.PlatformDependent0$7.run(PlatformDependent0.java:410) ~[netty-common-4.1.82.Final.jar%23151!/:4.1.82.Final]
	at java.security.AccessController.doPrivileged(AccessController.java:318) ~[?:?]
	at io.netty.util.internal.PlatformDependent0.<clinit>(PlatformDependent0.java:401) ~[netty-common-4.1.82.Final.jar%23151!/:4.1.82.Final]
	at io.netty.util.internal.PlatformDependent.isAndroid(PlatformDependent.java:333) ~[netty-common-4.1.82.Final.jar%23151!/:4.1.82.Final]
	at io.netty.util.internal.PlatformDependent.<clinit>(PlatformDependent.java:88) ~[netty-common-4.1.82.Final.jar%23151!/:4.1.82.Final]
	at io.netty.util.ConstantPool.<init>(ConstantPool.java:34) ~[netty-common-4.1.82.Final.jar%23151!/:4.1.82.Final]
	at io.netty.util.AttributeKey$1.<init>(AttributeKey.java:27) ~[netty-common-4.1.82.Final.jar%23151!/:4.1.82.Final]
	at io.netty.util.AttributeKey.<clinit>(AttributeKey.java:27) ~[netty-common-4.1.82.Final.jar%23151!/:4.1.82.Final]
	at net.minecraftforge.network.NetworkConstants.<clinit>(NetworkConstants.java:34) ~[forge-1.20.1-47.4.15_mapped_parchment_2023.09.03-1.20.1.jar%23190%23197!/:?]
	at net.minecraftforge.network.NetworkHooks.init(NetworkHooks.java:52) ~[forge-1.20.1-47.4.15_mapped_parchment_2023.09.03-1.20.1.jar%23190%23197!/:?]
	at net.minecraft.server.Bootstrap.bootStrap(Bootstrap.java:62) ~[forge-1.20.1-47.4.15_mapped_parchment_2023.09.03-1.20.1.jar%23191!/:?]
	at net.minecraft.client.main.Main.lambda$main$0(Main.java:151) ~[forge-1.20.1-47.4.15_mapped_parchment_2023.09.03-1.20.1.jar%23191!/:?]
	at java.util.concurrent.Executors$RunnableAdapter.call(Executors.java:539) ~[?:?]
	at java.util.concurrent.FutureTask.run(FutureTask.java:264) ~[?:?]
	at java.util.concurrent.ThreadPoolExecutor.runWorker(ThreadPoolExecutor.java:1136) ~[?:?]
	at java.util.concurrent.ThreadPoolExecutor$Worker.run(ThreadPoolExecutor.java:635) ~[?:?]
	at java.lang.Thread.run(Thread.java:840) ~[?:?]
[21Mar2026 17:49:05.170] [pool-4-thread-1/DEBUG] [io.netty.util.internal.PlatformDependent0/]: java.nio.DirectByteBuffer.<init>(long, int): unavailable
[21Mar2026 17:49:05.170] [pool-4-thread-1/DEBUG] [io.netty.util.internal.PlatformDependent/]: sun.misc.Unsafe: available
[21Mar2026 17:49:05.171] [pool-4-thread-1/DEBUG] [io.netty.util.internal.PlatformDependent/]: maxDirectMemory: 8589934592 bytes (maybe)
[21Mar2026 17:49:05.171] [pool-4-thread-1/DEBUG] [io.netty.util.internal.PlatformDependent/]: -Dio.netty.tmpdir: C:\Users\ashwa\AppData\Local\Temp (java.io.tmpdir)
[21Mar2026 17:49:05.171] [pool-4-thread-1/DEBUG] [io.netty.util.internal.PlatformDependent/]: -Dio.netty.bitMode: 64 (sun.arch.data.model)
[21Mar2026 17:49:05.171] [pool-4-thread-1/DEBUG] [io.netty.util.internal.PlatformDependent/]: Platform: Windows
[21Mar2026 17:49:05.172] [pool-4-thread-1/DEBUG] [io.netty.util.internal.PlatformDependent/]: -Dio.netty.maxDirectMemory: -1 bytes
[21Mar2026 17:49:05.172] [pool-4-thread-1/DEBUG] [io.netty.util.internal.PlatformDependent/]: -Dio.netty.uninitializedArrayAllocationThreshold: -1
[21Mar2026 17:49:05.174] [pool-4-thread-1/DEBUG] [io.netty.util.internal.CleanerJava9/]: java.nio.ByteBuffer.cleaner(): available
[21Mar2026 17:49:05.174] [pool-4-thread-1/DEBUG] [io.netty.util.internal.PlatformDependent/]: -Dio.netty.noPreferDirect: false
[21Mar2026 17:49:05.223] [pool-4-thread-1/DEBUG] [net.minecraftforge.network.NetworkHooks/]: Loading Network data for FML net version: FML3
[21Mar2026 17:49:05.246] [Render thread/DEBUG] [mixin/]: Mixing core.MixinSetTessBuffer from inline-common.mixins.json into com.mojang.blaze3d.vertex.Tesselator
[21Mar2026 17:49:05.246] [Render thread/DEBUG] [mixin/]: Renaming @Accessor method setInstance(Lcom/mojang/blaze3d/vertex/Tesselator;)V to setInstance_$md$e518a5$0 in inline-common.mixins.json:core.MixinSetTessBuffer
[21Mar2026 17:49:05.329] [Render thread/WARN] [net.minecraft.server.packs.VanillaPackResourcesBuilder/]: Assets URL 'union:/D:/Intelij%20Projects/oneironautfinal/build/fg_cache/net/minecraftforge/forge/1.20.1-47.4.15_mapped_parchment_2023.09.03-1.20.1/forge-1.20.1-47.4.15_mapped_parchment_2023.09.03-1.20.1.jar%23191!/assets/.mcassetsroot' uses unexpected schema
[21Mar2026 17:49:05.329] [Render thread/WARN] [net.minecraft.server.packs.VanillaPackResourcesBuilder/]: Assets URL 'union:/D:/Intelij%20Projects/oneironautfinal/build/fg_cache/net/minecraftforge/forge/1.20.1-47.4.15_mapped_parchment_2023.09.03-1.20.1/forge-1.20.1-47.4.15_mapped_parchment_2023.09.03-1.20.1.jar%23191!/data/.mcassetsroot' uses unexpected schema
[21Mar2026 17:49:05.349] [Render thread/INFO] [com.mojang.authlib.yggdrasil.YggdrasilAuthenticationService/]: Environment: authHost='https://authserver.mojang.com', accountsHost='https://api.mojang.com', sessionHost='https://sessionserver.mojang.com', servicesHost='https://api.minecraftservices.com', name='PROD'
[21Mar2026 17:49:05.354] [Render thread/INFO] [net.minecraft.client.Minecraft/]: Setting user: Dev
[21Mar2026 17:49:05.355] [Render thread/DEBUG] [mixin/]: Mixing client.AccessorKeyMapping from patchouli_xplat.mixins.json into net.minecraft.client.KeyMapping
[21Mar2026 17:49:05.355] [Render thread/DEBUG] [mixin/]: Renaming @Accessor method getAllKeyMappings()Ljava/util/Map; to getAllKeyMappings_$md$e518a5$0 in patchouli_xplat.mixins.json:client.AccessorKeyMapping
[21Mar2026 17:49:05.467] [Render thread/INFO] [net.minecraft.client.Minecraft/]: Backend library: LWJGL version 3.3.1 build 7
[21Mar2026 17:49:05.503] [Render thread/DEBUG] [mixin/]: Mixing core.NativeImageAccessor from inline-common.mixins.json into com.mojang.blaze3d.platform.NativeImage
[21Mar2026 17:49:05.518] [Render thread/DEBUG] [mixin/]: Mixing accessor.client.AccessorMouseHandler from hexplat.mixins.json into net.minecraft.client.MouseHandler
[21Mar2026 17:49:05.629] [Render thread/DEBUG] [net.minecraftforge.common.ForgeI18n/CORE]: Loading I18N data entries: 6434
[21Mar2026 17:49:05.642] [Render thread/DEBUG] [net.minecraftforge.fml.ModWorkManager/LOADING]: Using 20 threads for parallel mod-loading
[21Mar2026 17:49:05.648] [Render thread/DEBUG] [net.minecraftforge.fml.javafmlmod.FMLJavaModLanguageProvider/LOADING]: Loading FMLModContainer from classloader cpw.mods.modlauncher.TransformingClassLoader@7cfac39f - got cpw.mods.cl.ModuleClassLoader@64aad6db
[21Mar2026 17:49:05.649] [Render thread/DEBUG] [net.minecraftforge.fml.javafmlmod.FMLModContainer/LOADING]: Creating FMLModContainer instance for at.petrak.paucal.ForgePaucalInit
[21Mar2026 17:49:05.650] [Render thread/DEBUG] [net.minecraftforge.fml.javafmlmod.FMLJavaModLanguageProvider/LOADING]: Loading FMLModContainer from classloader cpw.mods.modlauncher.TransformingClassLoader@7cfac39f - got cpw.mods.cl.ModuleClassLoader@64aad6db
[21Mar2026 17:49:05.651] [Render thread/DEBUG] [net.minecraftforge.fml.javafmlmod.FMLModContainer/LOADING]: Creating FMLModContainer instance for software.bernie.example.GeckoLibMod
[21Mar2026 17:49:05.652] [Render thread/DEBUG] [thedarkcolour.kotlinforforge.LoggerKt/LOADING]: Loading KotlinModContainer from classloader cpw.mods.modlauncher.TransformingClassLoader@7cfac39f - got cpw.mods.cl.ModuleClassLoader@64aad6db}
[21Mar2026 17:49:05.652] [Render thread/DEBUG] [thedarkcolour.kotlinforforge.LoggerKt/LOADING]: Creating KotlinModContainer instance for ram.talia.moreiotas.forge.ForgeMoreIotasInitializer
[21Mar2026 17:49:05.653] [Render thread/DEBUG] [net.minecraftforge.fml.javafmlmod.FMLJavaModLanguageProvider/LOADING]: Loading FMLModContainer from classloader cpw.mods.modlauncher.TransformingClassLoader@7cfac39f - got cpw.mods.cl.ModuleClassLoader@64aad6db
[21Mar2026 17:49:05.654] [Render thread/DEBUG] [net.minecraftforge.fml.javafmlmod.FMLModContainer/LOADING]: Creating FMLModContainer instance for org.arcticquests.dev.oneironaut.oneironautt.Oneironaut
[21Mar2026 17:49:05.654] [Render thread/DEBUG] [thedarkcolour.kotlinforforge.LoggerKt/LOADING]: Loading KotlinModContainer from classloader cpw.mods.modlauncher.TransformingClassLoader@7cfac39f - got cpw.mods.cl.ModuleClassLoader@64aad6db}
[21Mar2026 17:49:05.654] [Render thread/DEBUG] [thedarkcolour.kotlinforforge.LoggerKt/LOADING]: Creating KotlinModContainer instance for ram.talia.hexal.forge.ForgeHexalInitializer
[21Mar2026 17:49:05.655] [Render thread/DEBUG] [net.minecraftforge.fml.javafmlmod.FMLJavaModLanguageProvider/LOADING]: Loading FMLModContainer from classloader cpw.mods.modlauncher.TransformingClassLoader@7cfac39f - got cpw.mods.cl.ModuleClassLoader@64aad6db
[21Mar2026 17:49:05.655] [Render thread/DEBUG] [net.minecraftforge.fml.javafmlmod.FMLModContainer/LOADING]: Creating FMLModContainer instance for com.samsthenerd.inline.forge.InlineForge
[21Mar2026 17:49:05.655] [Render thread/DEBUG] [thedarkcolour.kotlinforforge.LoggerKt/LOADING]: Loading KotlinModContainer from classloader cpw.mods.modlauncher.TransformingClassLoader@7cfac39f - got cpw.mods.cl.ModuleClassLoader@64aad6db}
[21Mar2026 17:49:05.655] [Render thread/DEBUG] [thedarkcolour.kotlinforforge.LoggerKt/LOADING]: Creating KotlinModContainer instance for at.petrak.hexcasting.forge.ForgeHexInitializer
[21Mar2026 17:49:05.656] [Render thread/DEBUG] [net.minecraftforge.fml.javafmlmod.FMLJavaModLanguageProvider/LOADING]: Loading FMLModContainer from classloader cpw.mods.modlauncher.TransformingClassLoader@7cfac39f - got cpw.mods.cl.ModuleClassLoader@64aad6db
[21Mar2026 17:49:05.656] [Render thread/DEBUG] [net.minecraftforge.fml.javafmlmod.FMLModContainer/LOADING]: Creating FMLModContainer instance for me.shedaniel.clothconfig.ClothConfigForge
[21Mar2026 17:49:05.656] [Render thread/DEBUG] [net.minecraftforge.fml.javafmlmod.FMLJavaModLanguageProvider/LOADING]: Loading FMLModContainer from classloader cpw.mods.modlauncher.TransformingClassLoader@7cfac39f - got cpw.mods.cl.ModuleClassLoader@64aad6db
[21Mar2026 17:49:05.657] [Render thread/DEBUG] [net.minecraftforge.fml.javafmlmod.FMLModContainer/LOADING]: Creating FMLModContainer instance for top.theillusivec4.caelus.Caelus
[21Mar2026 17:49:05.657] [Render thread/DEBUG] [thedarkcolour.kotlinforforge.LoggerKt/LOADING]: Loading KotlinModContainer from classloader cpw.mods.modlauncher.TransformingClassLoader@7cfac39f - got cpw.mods.cl.ModuleClassLoader@64aad6db}
[21Mar2026 17:49:05.657] [Render thread/DEBUG] [thedarkcolour.kotlinforforge.LoggerKt/LOADING]: Creating KotlinModContainer instance for thedarkcolour.kotlinforforge.test.KotlinForForge
[21Mar2026 17:49:05.658] [Render thread/DEBUG] [net.minecraftforge.fml.javafmlmod.FMLJavaModLanguageProvider/LOADING]: Loading FMLModContainer from classloader cpw.mods.modlauncher.TransformingClassLoader@7cfac39f - got cpw.mods.cl.ModuleClassLoader@64aad6db
[21Mar2026 17:49:05.658] [Render thread/DEBUG] [net.minecraftforge.fml.javafmlmod.FMLModContainer/LOADING]: Creating FMLModContainer instance for net.minecraftforge.common.ForgeMod
[21Mar2026 17:49:05.662] [Render thread/DEBUG] [net.minecraftforge.fml.javafmlmod.FMLJavaModLanguageProvider/LOADING]: Loading FMLModContainer from classloader cpw.mods.modlauncher.TransformingClassLoader@7cfac39f - got cpw.mods.cl.ModuleClassLoader@64aad6db
[21Mar2026 17:49:05.662] [Render thread/DEBUG] [net.minecraftforge.fml.javafmlmod.FMLModContainer/LOADING]: Creating FMLModContainer instance for vazkii.patchouli.forge.common.ForgeModInitializer
[21Mar2026 17:49:05.685] [modloading-worker-0/DEBUG] [paucal/]: Instantiating xplat impl: at.petrak.paucal.forge.xplat.ForgeXplatImpl
[21Mar2026 17:49:05.685] [modloading-worker-0/INFO] [paucal/]: Hello PAUCAL! This is FORGE!
[21Mar2026 17:49:05.695] [modloading-worker-0/DEBUG] [mixin/]: Mixing MixinCaelusApi from caelus.mixins.json into top.theillusivec4.caelus.api.CaelusApi
[21Mar2026 17:49:05.707] [modloading-worker-0/DEBUG] [net.minecraftforge.fml.javafmlmod.AutomaticEventSubscriber/LOADING]: Attempting to inject @EventBusSubscriber classes into the eventbus for cloth_config
[21Mar2026 17:49:05.720] [modloading-worker-0/DEBUG] [net.minecraftforge.fml.config.ConfigTracker/CONFIG]: Config file paucal-common.toml for paucal tracking
[21Mar2026 17:49:05.721] [modloading-worker-0/DEBUG] [net.minecraftforge.fml.config.ConfigTracker/CONFIG]: Config file patchouli-client.toml for patchouli tracking
[21Mar2026 17:49:05.724] [modloading-worker-0/DEBUG] [net.minecraftforge.fml.javafmlmod.AutomaticEventSubscriber/LOADING]: Attempting to inject @EventBusSubscriber classes into the eventbus for patchouli
[21Mar2026 17:49:05.729] [modloading-worker-0/DEBUG] [mixin/]: Mixing AccessorCriteriaTriggers from paucal_xplat.mixins.json into net.minecraft.advancements.CriteriaTriggers
[21Mar2026 17:49:05.729] [modloading-worker-0/DEBUG] [net.minecraftforge.fml.javafmlmod.AutomaticEventSubscriber/LOADING]: Attempting to inject @EventBusSubscriber classes into the eventbus for caelus
[21Mar2026 17:49:05.730] [modloading-worker-0/DEBUG] [net.minecraftforge.versions.forge.ForgeVersion/CORE]: Forge Version package package net.minecraftforge.versions.forge, Forge, version 47.4 from cpw.mods.modlauncher.TransformingClassLoader@7cfac39f
[21Mar2026 17:49:05.730] [modloading-worker-0/DEBUG] [net.minecraftforge.versions.forge.ForgeVersion/CORE]: Found Forge version 47.4.15
[21Mar2026 17:49:05.730] [modloading-worker-0/DEBUG] [net.minecraftforge.versions.forge.ForgeVersion/CORE]: Found Forge spec 47.4
[21Mar2026 17:49:05.730] [modloading-worker-0/DEBUG] [net.minecraftforge.versions.forge.ForgeVersion/CORE]: Found Forge group net.minecraftforge
[21Mar2026 17:49:05.730] [modloading-worker-0/DEBUG] [net.minecraftforge.fml.javafmlmod.AutomaticEventSubscriber/LOADING]: Auto-subscribing vazkii.patchouli.forge.common.ForgeModInitializer to MOD
[21Mar2026 17:49:05.732] [modloading-worker-0/DEBUG] [mixin/]: Mixing accessor.CriteriaTriggersAccessor from hexplat.mixins.json into net.minecraft.advancements.CriteriaTriggers
[21Mar2026 17:49:05.732] [modloading-worker-0/DEBUG] [mixin/]: Renaming @Invoker method hex$register(Lnet/minecraft/advancements/CriterionTrigger;)Lnet/minecraft/advancements/CriterionTrigger; to hex$register_$md$e518a5$1 in hexplat.mixins.json:accessor.CriteriaTriggersAccessor
[21Mar2026 17:49:05.739] [modloading-worker-0/DEBUG] [net.minecraftforge.versions.mcp.MCPVersion/CORE]: MCP Version package package net.minecraftforge.versions.mcp, Minecraft, version 1.20.1 from cpw.mods.modlauncher.TransformingClassLoader@7cfac39f
[21Mar2026 17:49:05.739] [modloading-worker-0/DEBUG] [net.minecraftforge.versions.mcp.MCPVersion/CORE]: Found MC version information 1.20.1
[21Mar2026 17:49:05.739] [modloading-worker-0/DEBUG] [net.minecraftforge.versions.mcp.MCPVersion/CORE]: Found MCP version information 20230612.114412
[21Mar2026 17:49:05.739] [modloading-worker-0/INFO] [net.minecraftforge.common.ForgeMod/FORGEMOD]: Forge mod loading, version 47.4.15, for MC 1.20.1 with MCP 20230612.114412
[21Mar2026 17:49:05.739] [modloading-worker-0/INFO] [net.minecraftforge.common.MinecraftForge/FORGE]: MinecraftForge v47.4.15 Initialized
[21Mar2026 17:49:05.743] [modloading-worker-0/DEBUG] [net.minecraftforge.fml.javafmlmod.AutomaticEventSubscriber/LOADING]: Auto-subscribing vazkii.patchouli.forge.client.ForgeClientInitializer to MOD
[21Mar2026 17:49:05.751] [modloading-worker-0/DEBUG] [net.minecraftforge.fml.javafmlmod.AutomaticEventSubscriber/LOADING]: Attempting to inject @EventBusSubscriber classes into the eventbus for inline
[21Mar2026 17:49:05.806] [modloading-worker-0/DEBUG] [net.minecraftforge.fml.javafmlmod.AutomaticEventSubscriber/LOADING]: Attempting to inject @EventBusSubscriber classes into the eventbus for geckolib
[21Mar2026 17:49:05.806] [modloading-worker-0/DEBUG] [net.minecraftforge.fml.javafmlmod.AutomaticEventSubscriber/LOADING]: Auto-subscribing software.bernie.example.GeckoLibMod to FORGE
[21Mar2026 17:49:05.806] [modloading-worker-0/DEBUG] [net.minecraftforge.fml.javafmlmod.AutomaticEventSubscriber/LOADING]: Auto-subscribing software.bernie.example.CommonListener to MOD
[21Mar2026 17:49:05.808] [modloading-worker-0/DEBUG] [net.minecraftforge.fml.javafmlmod.AutomaticEventSubscriber/LOADING]: Auto-subscribing software.bernie.example.ClientListener to MOD
[21Mar2026 17:49:05.822] [modloading-worker-0/DEBUG] [net.minecraftforge.fml.javafmlmod.AutomaticEventSubscriber/LOADING]: Attempting to inject @EventBusSubscriber classes into the eventbus for paucal
[21Mar2026 17:49:05.822] [modloading-worker-0/DEBUG] [net.minecraftforge.fml.javafmlmod.AutomaticEventSubscriber/LOADING]: Auto-subscribing at.petrak.paucal.datagen.DataGenerators to MOD
[21Mar2026 17:49:05.831] [modloading-worker-0/DEBUG] [net.minecraftforge.fml.config.ConfigTracker/CONFIG]: Config file forge-client.toml for forge tracking
[21Mar2026 17:49:05.831] [modloading-worker-0/DEBUG] [net.minecraftforge.fml.config.ConfigTracker/CONFIG]: Config file forge-server.toml for forge tracking
[21Mar2026 17:49:05.831] [modloading-worker-0/DEBUG] [net.minecraftforge.fml.ModLoadingContext/]: Attempted to register an empty config for type COMMON on mod forge
[21Mar2026 17:49:05.841] [modloading-worker-0/DEBUG] [mixin/]: Mixing GeneralCastEnvInvoker from oneironaut.mixins.json into at.petrak.hexcasting.api.casting.eval.CastingEnvironment
[21Mar2026 17:49:05.841] [modloading-worker-0/DEBUG] [mixin/]: oneironaut.mixins.json:GeneralCastEnvInvoker: Class version 61 required is higher than the class version supported by the current version of Mixin (JAVA_8 supports class version 52)
[21Mar2026 17:49:05.843] [modloading-worker-0/DEBUG] [mixin/]: Mixing PlayerCastEnvInvoker from oneironaut.mixins.json into at.petrak.hexcasting.api.casting.eval.env.PlayerBasedCastEnv
[21Mar2026 17:49:05.843] [modloading-worker-0/DEBUG] [mixin/]: oneironaut.mixins.json:PlayerCastEnvInvoker: Class version 61 required is higher than the class version supported by the current version of Mixin (JAVA_8 supports class version 52)
[21Mar2026 17:49:05.859] [modloading-worker-0/DEBUG] [net.minecraftforge.fml.javafmlmod.AutomaticEventSubscriber/LOADING]: Attempting to inject @EventBusSubscriber classes into the eventbus for forge
[21Mar2026 17:49:05.860] [modloading-worker-0/DEBUG] [net.minecraftforge.fml.javafmlmod.AutomaticEventSubscriber/LOADING]: Auto-subscribing net.minecraftforge.common.ForgeSpawnEggItem$CommonHandler to MOD
[21Mar2026 17:49:05.861] [modloading-worker-0/DEBUG] [net.minecraftforge.fml.javafmlmod.AutomaticEventSubscriber/LOADING]: Auto-subscribing net.minecraftforge.common.ForgeSpawnEggItem$ColorRegisterHandler to MOD
[21Mar2026 17:49:05.867] [modloading-worker-0/DEBUG] [mixin/]: Mixing ForgeMixinCursedRecipeSerializerBase from hexcasting_forge.mixins.json into at.petrak.hexcasting.common.recipe.RecipeSerializerBase
[21Mar2026 17:49:05.869] [modloading-worker-0/DEBUG] [mixin/]: Mixing ForgeMixinItemColors from hexcasting_forge.mixins.json into net.minecraft.client.color.item.ItemColors
[21Mar2026 17:49:05.876] [modloading-worker-0/DEBUG] [mixin/]: Mixing ForgeMixinBlockColors from hexcasting_forge.mixins.json into net.minecraft.client.color.block.BlockColors
[21Mar2026 17:49:05.882] [modloading-worker-0/DEBUG] [net.minecraftforge.fml.javafmlmod.AutomaticEventSubscriber/LOADING]: Auto-subscribing net.minecraftforge.client.model.data.ModelDataManager to FORGE
[21Mar2026 17:49:05.886] [modloading-worker-0/DEBUG] [net.minecraftforge.fml.javafmlmod.AutomaticEventSubscriber/LOADING]: Auto-subscribing net.minecraftforge.client.ForgeHooksClient$ClientEvents to MOD
[21Mar2026 17:49:05.891] [modloading-worker-0/DEBUG] [mixin/]: Mixing DecorativeWispMixin from oneironaut.mixins.json into ram.talia.hexal.common.entities.WanderingWisp
[21Mar2026 17:49:05.892] [modloading-worker-0/DEBUG] [mixin/]: oneironaut.mixins.json:DecorativeWispMixin: Class version 61 required is higher than the class version supported by the current version of Mixin (JAVA_8 supports class version 52)
[21Mar2026 17:49:05.902] [modloading-worker-0/DEBUG] [net.minecraftforge.fml.javafmlmod.AutomaticEventSubscriber/LOADING]: Auto-subscribing net.minecraftforge.client.ClientForgeMod to MOD
[21Mar2026 17:49:05.906] [modloading-worker-0/INFO] [org.arcticquests.dev.oneironaut.oneironautt.Oneironaut/]: why do they call it oven when you of in the cold food of out hot eat the food
[21Mar2026 17:49:05.906] [modloading-worker-0/DEBUG] [net.minecraftforge.fml.javafmlmod.AutomaticEventSubscriber/LOADING]: Attempting to inject @EventBusSubscriber classes into the eventbus for oneironaut
[21Mar2026 17:49:05.906] [modloading-worker-0/DEBUG] [net.minecraftforge.fml.javafmlmod.AutomaticEventSubscriber/LOADING]: Auto-subscribing org.arcticquests.dev.oneironaut.oneironautt.OneironautClient$ForgeBus to FORGE
[21Mar2026 17:49:05.908] [modloading-worker-0/DEBUG] [net.minecraftforge.fml.javafmlmod.AutomaticEventSubscriber/LOADING]: Auto-subscribing org.arcticquests.dev.oneironaut.oneironautt.OneironautClient$ModBus to MOD
[21Mar2026 17:49:05.910] [modloading-worker-0/DEBUG] [net.minecraftforge.fml.javafmlmod.AutomaticEventSubscriber/LOADING]: Auto-subscribing org.arcticquests.dev.oneironaut.oneironautt.OneironautClientEffects to MOD
[21Mar2026 17:49:05.913] [modloading-worker-0/DEBUG] [net.minecraftforge.fml.javafmlmod.AutomaticEventSubscriber/LOADING]: Auto-subscribing org.arcticquests.dev.oneironaut.oneironautt.OneironautConfigEvents to FORGE
[21Mar2026 17:49:05.916] [modloading-worker-0/DEBUG] [net.minecraftforge.fml.javafmlmod.AutomaticEventSubscriber/LOADING]: Auto-subscribing org.arcticquests.dev.oneironaut.oneironautt.registry.capability.OneironautCapabilities to FORGE
[21Mar2026 17:49:06.079] [modloading-worker-0/INFO] [thedarkcolour.kotlinforforge.test.KotlinForForge/]: Kotlin For Forge Enabled!
[21Mar2026 17:49:06.080] [modloading-worker-0/DEBUG] [thedarkcolour.kotlinforforge.LoggerKt/LOADING]: Attempting to inject @EventBusSubscriber kotlin objects in to the event bus for kotlinforforge
[21Mar2026 17:49:06.086] [modloading-worker-0/INFO] [hexal/]: Hello Forge World!
[21Mar2026 17:49:06.086] [modloading-worker-0/INFO] [moreiotas/]: Hello Forge World!
[21Mar2026 17:49:06.089] [modloading-worker-0/DEBUG] [net.minecraftforge.fml.ModLoadingContext/]: Attempted to register an empty config for type COMMON on mod moreiotas
[21Mar2026 17:49:06.089] [modloading-worker-0/DEBUG] [net.minecraftforge.fml.ModLoadingContext/]: Attempted to register an empty config for type CLIENT on mod moreiotas
[21Mar2026 17:49:06.089] [modloading-worker-0/DEBUG] [net.minecraftforge.fml.config.ConfigTracker/CONFIG]: Config file moreiotas-server.toml for moreiotas tracking
[21Mar2026 17:49:06.091] [modloading-worker-0/DEBUG] [net.minecraftforge.fml.config.ConfigTracker/CONFIG]: Config file hexcasting-common.toml for hexcasting tracking
[21Mar2026 17:49:06.091] [modloading-worker-0/DEBUG] [net.minecraftforge.fml.config.ConfigTracker/CONFIG]: Config file hexcasting-client.toml for hexcasting tracking
[21Mar2026 17:49:06.091] [modloading-worker-0/DEBUG] [net.minecraftforge.fml.config.ConfigTracker/CONFIG]: Config file hexcasting-server.toml for hexcasting tracking
[21Mar2026 17:49:06.092] [modloading-worker-0/DEBUG] [net.minecraftforge.fml.ModLoadingContext/]: Attempted to register an empty config for type COMMON on mod hexal
[21Mar2026 17:49:06.092] [modloading-worker-0/DEBUG] [net.minecraftforge.fml.config.ConfigTracker/CONFIG]: Config file hexal-client.toml for hexal tracking
[21Mar2026 17:49:06.092] [modloading-worker-0/DEBUG] [net.minecraftforge.fml.config.ConfigTracker/CONFIG]: Config file hexal-server.toml for hexal tracking
[21Mar2026 17:49:06.092] [modloading-worker-0/DEBUG] [mixin/]: Mixing OpBreakBlockImmunityMixin from oneironaut.mixins.json into at.petrak.hexcasting.forge.xplat.ForgeXplatImpl
[21Mar2026 17:49:06.092] [modloading-worker-0/DEBUG] [mixin/]: oneironaut.mixins.json:OpBreakBlockImmunityMixin: Class version 61 required is higher than the class version supported by the current version of Mixin (JAVA_8 supports class version 52)
[21Mar2026 17:49:06.103] [modloading-worker-0/DEBUG] [hexcasting/]: Instantiating xplat impl: at.petrak.hexcasting.forge.xplat.ForgeXplatImpl
[21Mar2026 17:49:06.105] [modloading-worker-0/DEBUG] [thedarkcolour.kotlinforforge.LoggerKt/LOADING]: Attempting to inject @EventBusSubscriber kotlin objects in to the event bus for moreiotas
[21Mar2026 17:49:06.106] [modloading-worker-0/DEBUG] [mixin/]: Mixing IotaTypeInvoker from oneironaut.mixins.json into at.petrak.hexcasting.api.casting.iota.IotaType
[21Mar2026 17:49:06.106] [modloading-worker-0/DEBUG] [mixin/]: oneironaut.mixins.json:IotaTypeInvoker: Class version 61 required is higher than the class version supported by the current version of Mixin (JAVA_8 supports class version 52)
[21Mar2026 17:49:06.106] [modloading-worker-0/DEBUG] [mixin/]: Renaming @Invoker method oneironaut$isTooLarge(Ljava/lang/Iterable;I)Z to oneironaut$isTooLarge_$md$e518a5$0 in oneironaut.mixins.json:IotaTypeInvoker
[21Mar2026 17:49:06.130] [modloading-worker-0/DEBUG] [mixin/]: Mixing MiscWispMixin from oneironaut.mixins.json into ram.talia.hexal.common.entities.BaseCastingWisp
[21Mar2026 17:49:06.131] [modloading-worker-0/DEBUG] [mixin/]: oneironaut.mixins.json:MiscWispMixin: Class version 61 required is higher than the class version supported by the current version of Mixin (JAVA_8 supports class version 52)
[21Mar2026 17:49:06.141] [modloading-worker-0/DEBUG] [thedarkcolour.kotlinforforge.LoggerKt/LOADING]: Attempting to inject @EventBusSubscriber kotlin objects in to the event bus for hexal
[21Mar2026 17:49:06.141] [modloading-worker-0/DEBUG] [mixin/]: Mixing CubeLoreGrantMixin from oneironaut.mixins.json into at.petrak.hexcasting.common.items.magic.ItemCreativeUnlocker
[21Mar2026 17:49:06.141] [modloading-worker-0/DEBUG] [mixin/]: oneironaut.mixins.json:CubeLoreGrantMixin: Class version 61 required is higher than the class version supported by the current version of Mixin (JAVA_8 supports class version 52)
[21Mar2026 17:49:06.155] [modloading-worker-0/DEBUG] [mixin/]: Mixing IotaKeyableMixins.Vec3IotaKeyableMixin from oneironaut.mixins.json into at.petrak.hexcasting.api.casting.iota.Vec3Iota
[21Mar2026 17:49:06.155] [modloading-worker-0/DEBUG] [mixin/]: oneironaut.mixins.json:IotaKeyableMixins.Vec3IotaKeyableMixin: Class version 61 required is higher than the class version supported by the current version of Mixin (JAVA_8 supports class version 52)
[21Mar2026 17:49:06.192] [modloading-worker-0/DEBUG] [mixin/]: Mixing AccessorTagsProvider from paucal_xplat.mixins.json into net.minecraft.data.tags.TagsProvider
[21Mar2026 17:49:06.196] [modloading-worker-0/DEBUG] [mixin/]: Mixing ForgeMixinTagsProvider from hexcasting_forge.mixins.json into net.minecraft.data.tags.TagsProvider
[21Mar2026 17:49:06.208] [modloading-worker-0/DEBUG] [thedarkcolour.kotlinforforge.LoggerKt/LOADING]: Attempting to inject @EventBusSubscriber kotlin objects in to the event bus for hexcasting
[21Mar2026 17:49:06.221] [Render thread/DEBUG] [net.minecraftforge.registries.ObjectHolderRegistry/REGISTRIES]: Processing ObjectHolder annotations
[21Mar2026 17:49:06.231] [Render thread/DEBUG] [net.minecraftforge.registries.ObjectHolderRegistry/REGISTRIES]: Found 4055 ObjectHolder annotations
[21Mar2026 17:49:06.235] [Render thread/DEBUG] [net.minecraftforge.common.capabilities.CapabilityManager/CAPABILITIES]: Attempting to automatically register: Lnet/minecraftforge/energy/IEnergyStorage;
[21Mar2026 17:49:06.236] [Render thread/DEBUG] [net.minecraftforge.common.capabilities.CapabilityManager/CAPABILITIES]: Attempting to automatically register: Lnet/minecraftforge/fluids/capability/IFluidHandler;
[21Mar2026 17:49:06.236] [Render thread/DEBUG] [net.minecraftforge.common.capabilities.CapabilityManager/CAPABILITIES]: Attempting to automatically register: Lnet/minecraftforge/fluids/capability/IFluidHandlerItem;
[21Mar2026 17:49:06.236] [Render thread/DEBUG] [net.minecraftforge.common.capabilities.CapabilityManager/CAPABILITIES]: Attempting to automatically register: Lnet/minecraftforge/items/IItemHandler;
[21Mar2026 17:49:06.236] [Render thread/DEBUG] [net.minecraftforge.registries.GameData/REGISTRIES]: Unfreezing vanilla registries
[21Mar2026 17:49:06.244] [Render thread/DEBUG] [net.minecraftforge.registries.GameData/REGISTRIES]: Applying holder lookups: minecraft:sound_event
[21Mar2026 17:49:06.246] [Render thread/DEBUG] [net.minecraftforge.registries.GameData/REGISTRIES]: Holder lookups applied: minecraft:sound_event
[21Mar2026 17:49:06.247] [Render thread/DEBUG] [net.minecraftforge.registries.GameData/REGISTRIES]: Applying holder lookups: minecraft:fluid
[21Mar2026 17:49:06.248] [Render thread/DEBUG] [net.minecraftforge.registries.GameData/REGISTRIES]: Holder lookups applied: minecraft:fluid
[21Mar2026 17:49:06.315] [Render thread/DEBUG] [net.minecraftforge.registries.GameData/REGISTRIES]: Applying holder lookups: minecraft:block
[21Mar2026 17:49:06.316] [Render thread/DEBUG] [net.minecraftforge.registries.GameData/REGISTRIES]: Holder lookups applied: minecraft:block
[21Mar2026 17:49:06.317] [Render thread/DEBUG] [net.minecraftforge.registries.GameData/REGISTRIES]: Applying holder lookups: minecraft:attribute
[21Mar2026 17:49:06.317] [Render thread/DEBUG] [net.minecraftforge.registries.GameData/REGISTRIES]: Holder lookups applied: minecraft:attribute
[21Mar2026 17:49:06.318] [Render thread/DEBUG] [net.minecraftforge.registries.GameData/REGISTRIES]: Applying holder lookups: minecraft:mob_effect
[21Mar2026 17:49:06.318] [Render thread/DEBUG] [net.minecraftforge.registries.GameData/REGISTRIES]: Holder lookups applied: minecraft:mob_effect
[21Mar2026 17:49:06.320] [Render thread/DEBUG] [net.minecraftforge.registries.GameData/REGISTRIES]: Applying holder lookups: minecraft:particle_type
[21Mar2026 17:49:06.320] [Render thread/DEBUG] [net.minecraftforge.registries.GameData/REGISTRIES]: Holder lookups applied: minecraft:particle_type
[21Mar2026 17:49:06.334] [Render thread/DEBUG] [software.bernie.geckolib.GeckoLib/]: Registered SyncedAnimatable for class software.bernie.example.item.JackInTheBoxItem
[21Mar2026 17:49:06.345] [Render thread/DEBUG] [mixin/]: Mixing MixinItemRelay from hexal_forge.mixins.json into ram.talia.hexal.common.items.ItemRelay
[21Mar2026 17:49:06.353] [Render thread/DEBUG] [hexcasting/]: Instantiating xplat impl: ram.talia.hexal.forge.xplat.ForgeXplatImpl
[21Mar2026 17:49:06.362] [Render thread/DEBUG] [net.minecraftforge.registries.GameData/REGISTRIES]: Applying holder lookups: minecraft:item
[21Mar2026 17:49:06.365] [Render thread/DEBUG] [net.minecraftforge.registries.GameData/REGISTRIES]: Holder lookups applied: minecraft:item
[21Mar2026 17:49:06.372] [Render thread/DEBUG] [net.minecraftforge.registries.GameData/REGISTRIES]: Applying holder lookups: minecraft:entity_type
[21Mar2026 17:49:06.372] [Render thread/DEBUG] [net.minecraftforge.registries.GameData/REGISTRIES]: Holder lookups applied: minecraft:entity_type
[21Mar2026 17:49:06.372] [Render thread/DEBUG] [net.minecraftforge.registries.GameData/REGISTRIES]: Applying holder lookups: minecraft:sensor_type
[21Mar2026 17:49:06.372] [Render thread/DEBUG] [net.minecraftforge.registries.GameData/REGISTRIES]: Holder lookups applied: minecraft:sensor_type
[21Mar2026 17:49:06.372] [Render thread/DEBUG] [net.minecraftforge.registries.GameData/REGISTRIES]: Applying holder lookups: minecraft:memory_module_type
[21Mar2026 17:49:06.373] [Render thread/DEBUG] [net.minecraftforge.registries.GameData/REGISTRIES]: Holder lookups applied: minecraft:memory_module_type
[21Mar2026 17:49:06.373] [Render thread/DEBUG] [net.minecraftforge.registries.GameData/REGISTRIES]: Applying holder lookups: minecraft:potion
[21Mar2026 17:49:06.373] [Render thread/DEBUG] [net.minecraftforge.registries.GameData/REGISTRIES]: Holder lookups applied: minecraft:potion
[21Mar2026 17:49:06.373] [Render thread/DEBUG] [net.minecraftforge.registries.GameData/REGISTRIES]: Applying holder lookups: minecraft:game_event
[21Mar2026 17:49:06.373] [Render thread/DEBUG] [net.minecraftforge.registries.GameData/REGISTRIES]: Holder lookups applied: minecraft:game_event
[21Mar2026 17:49:06.374] [Render thread/DEBUG] [net.minecraftforge.registries.GameData/REGISTRIES]: Applying holder lookups: minecraft:enchantment
[21Mar2026 17:49:06.374] [Render thread/DEBUG] [net.minecraftforge.registries.GameData/REGISTRIES]: Holder lookups applied: minecraft:enchantment
[21Mar2026 17:49:06.401] [Render thread/DEBUG] [net.minecraftforge.registries.GameData/REGISTRIES]: Applying holder lookups: minecraft:block_entity_type
[21Mar2026 17:49:06.401] [Render thread/DEBUG] [net.minecraftforge.registries.GameData/REGISTRIES]: Holder lookups applied: minecraft:block_entity_type
[21Mar2026 17:49:06.402] [Render thread/DEBUG] [net.minecraftforge.registries.GameData/REGISTRIES]: Applying holder lookups: minecraft:painting_variant
[21Mar2026 17:49:06.402] [Render thread/DEBUG] [net.minecraftforge.registries.GameData/REGISTRIES]: Holder lookups applied: minecraft:painting_variant
[21Mar2026 17:49:06.402] [Render thread/DEBUG] [net.minecraftforge.registries.GameData/REGISTRIES]: Applying holder lookups: minecraft:stat_type
[21Mar2026 17:49:06.402] [Render thread/DEBUG] [net.minecraftforge.registries.GameData/REGISTRIES]: Holder lookups applied: minecraft:stat_type
[21Mar2026 17:49:06.402] [Render thread/DEBUG] [net.minecraftforge.registries.GameData/REGISTRIES]: Applying holder lookups: minecraft:custom_stat
[21Mar2026 17:49:06.402] [Render thread/DEBUG] [net.minecraftforge.registries.GameData/REGISTRIES]: Holder lookups applied: minecraft:custom_stat
[21Mar2026 17:49:06.403] [Render thread/DEBUG] [net.minecraftforge.registries.GameData/REGISTRIES]: Applying holder lookups: minecraft:chunk_status
[21Mar2026 17:49:06.403] [Render thread/DEBUG] [net.minecraftforge.registries.GameData/REGISTRIES]: Holder lookups applied: minecraft:chunk_status
[21Mar2026 17:49:06.404] [Render thread/DEBUG] [net.minecraftforge.registries.GameData/REGISTRIES]: Applying holder lookups: minecraft:rule_test
[21Mar2026 17:49:06.404] [Render thread/DEBUG] [net.minecraftforge.registries.GameData/REGISTRIES]: Holder lookups applied: minecraft:rule_test
[21Mar2026 17:49:06.404] [Render thread/DEBUG] [net.minecraftforge.registries.GameData/REGISTRIES]: Applying holder lookups: minecraft:rule_block_entity_modifier
[21Mar2026 17:49:06.404] [Render thread/DEBUG] [net.minecraftforge.registries.GameData/REGISTRIES]: Holder lookups applied: minecraft:rule_block_entity_modifier
[21Mar2026 17:49:06.404] [Render thread/DEBUG] [net.minecraftforge.registries.GameData/REGISTRIES]: Applying holder lookups: minecraft:pos_rule_test
[21Mar2026 17:49:06.404] [Render thread/DEBUG] [net.minecraftforge.registries.GameData/REGISTRIES]: Holder lookups applied: minecraft:pos_rule_test
[21Mar2026 17:49:06.404] [Render thread/DEBUG] [net.minecraftforge.registries.GameData/REGISTRIES]: Applying holder lookups: minecraft:menu
[21Mar2026 17:49:06.405] [Render thread/DEBUG] [net.minecraftforge.registries.GameData/REGISTRIES]: Holder lookups applied: minecraft:menu
[21Mar2026 17:49:06.407] [Render thread/DEBUG] [net.minecraftforge.registries.GameData/REGISTRIES]: Applying holder lookups: minecraft:recipe_type
[21Mar2026 17:49:06.407] [Render thread/DEBUG] [net.minecraftforge.registries.GameData/REGISTRIES]: Holder lookups applied: minecraft:recipe_type
[21Mar2026 17:49:06.415] [Render thread/DEBUG] [net.minecraftforge.registries.GameData/REGISTRIES]: Applying holder lookups: minecraft:recipe_serializer
[21Mar2026 17:49:06.416] [Render thread/DEBUG] [net.minecraftforge.registries.GameData/REGISTRIES]: Holder lookups applied: minecraft:recipe_serializer
[21Mar2026 17:49:06.416] [Render thread/DEBUG] [net.minecraftforge.registries.GameData/REGISTRIES]: Applying holder lookups: minecraft:position_source_type
[21Mar2026 17:49:06.416] [Render thread/DEBUG] [net.minecraftforge.registries.GameData/REGISTRIES]: Holder lookups applied: minecraft:position_source_type
[21Mar2026 17:49:06.418] [Render thread/DEBUG] [net.minecraftforge.registries.GameData/REGISTRIES]: Applying holder lookups: minecraft:command_argument_type
[21Mar2026 17:49:06.418] [Render thread/DEBUG] [net.minecraftforge.registries.GameData/REGISTRIES]: Holder lookups applied: minecraft:command_argument_type
[21Mar2026 17:49:06.418] [Render thread/DEBUG] [net.minecraftforge.registries.GameData/REGISTRIES]: Applying holder lookups: minecraft:villager_type
[21Mar2026 17:49:06.418] [Render thread/DEBUG] [net.minecraftforge.registries.GameData/REGISTRIES]: Holder lookups applied: minecraft:villager_type
[21Mar2026 17:49:06.418] [Render thread/DEBUG] [net.minecraftforge.registries.GameData/REGISTRIES]: Applying holder lookups: minecraft:villager_profession
[21Mar2026 17:49:06.418] [Render thread/DEBUG] [net.minecraftforge.registries.GameData/REGISTRIES]: Holder lookups applied: minecraft:villager_profession
[21Mar2026 17:49:06.418] [Render thread/DEBUG] [net.minecraftforge.registries.GameData/REGISTRIES]: Applying holder lookups: minecraft:point_of_interest_type
[21Mar2026 17:49:06.419] [Render thread/DEBUG] [net.minecraftforge.registries.GameData/REGISTRIES]: Holder lookups applied: minecraft:point_of_interest_type
[21Mar2026 17:49:06.419] [Render thread/DEBUG] [net.minecraftforge.registries.GameData/REGISTRIES]: Applying holder lookups: minecraft:schedule
[21Mar2026 17:49:06.419] [Render thread/DEBUG] [net.minecraftforge.registries.GameData/REGISTRIES]: Holder lookups applied: minecraft:schedule
[21Mar2026 17:49:06.419] [Render thread/DEBUG] [net.minecraftforge.registries.GameData/REGISTRIES]: Applying holder lookups: minecraft:activity
[21Mar2026 17:49:06.419] [Render thread/DEBUG] [net.minecraftforge.registries.GameData/REGISTRIES]: Holder lookups applied: minecraft:activity
[21Mar2026 17:49:06.419] [Render thread/DEBUG] [net.minecraftforge.registries.GameData/REGISTRIES]: Applying holder lookups: minecraft:loot_pool_entry_type
[21Mar2026 17:49:06.419] [Render thread/DEBUG] [net.minecraftforge.registries.GameData/REGISTRIES]: Holder lookups applied: minecraft:loot_pool_entry_type
[21Mar2026 17:49:06.419] [Render thread/DEBUG] [net.minecraftforge.registries.GameData/REGISTRIES]: Applying holder lookups: minecraft:loot_function_type
[21Mar2026 17:49:06.419] [Render thread/DEBUG] [net.minecraftforge.registries.GameData/REGISTRIES]: Holder lookups applied: minecraft:loot_function_type
[21Mar2026 17:49:06.421] [Render thread/DEBUG] [net.minecraftforge.registries.GameData/REGISTRIES]: Applying holder lookups: minecraft:loot_condition_type
[21Mar2026 17:49:06.421] [Render thread/DEBUG] [net.minecraftforge.registries.GameData/REGISTRIES]: Holder lookups applied: minecraft:loot_condition_type
[21Mar2026 17:49:06.422] [Render thread/DEBUG] [net.minecraftforge.registries.GameData/REGISTRIES]: Applying holder lookups: minecraft:loot_number_provider_type
[21Mar2026 17:49:06.422] [Render thread/DEBUG] [net.minecraftforge.registries.GameData/REGISTRIES]: Holder lookups applied: minecraft:loot_number_provider_type
[21Mar2026 17:49:06.422] [Render thread/DEBUG] [net.minecraftforge.registries.GameData/REGISTRIES]: Applying holder lookups: minecraft:loot_nbt_provider_type
[21Mar2026 17:49:06.422] [Render thread/DEBUG] [net.minecraftforge.registries.GameData/REGISTRIES]: Holder lookups applied: minecraft:loot_nbt_provider_type
[21Mar2026 17:49:06.422] [Render thread/DEBUG] [net.minecraftforge.registries.GameData/REGISTRIES]: Applying holder lookups: minecraft:loot_score_provider_type
[21Mar2026 17:49:06.422] [Render thread/DEBUG] [net.minecraftforge.registries.GameData/REGISTRIES]: Holder lookups applied: minecraft:loot_score_provider_type
[21Mar2026 17:49:06.422] [Render thread/DEBUG] [net.minecraftforge.registries.GameData/REGISTRIES]: Applying holder lookups: minecraft:float_provider_type
[21Mar2026 17:49:06.422] [Render thread/DEBUG] [net.minecraftforge.registries.GameData/REGISTRIES]: Holder lookups applied: minecraft:float_provider_type
[21Mar2026 17:49:06.422] [Render thread/DEBUG] [net.minecraftforge.registries.GameData/REGISTRIES]: Applying holder lookups: minecraft:int_provider_type
[21Mar2026 17:49:06.422] [Render thread/DEBUG] [net.minecraftforge.registries.GameData/REGISTRIES]: Holder lookups applied: minecraft:int_provider_type
[21Mar2026 17:49:06.422] [Render thread/DEBUG] [net.minecraftforge.registries.GameData/REGISTRIES]: Applying holder lookups: minecraft:height_provider_type
[21Mar2026 17:49:06.422] [Render thread/DEBUG] [net.minecraftforge.registries.GameData/REGISTRIES]: Holder lookups applied: minecraft:height_provider_type
[21Mar2026 17:49:06.422] [Render thread/DEBUG] [net.minecraftforge.registries.GameData/REGISTRIES]: Applying holder lookups: minecraft:block_predicate_type
[21Mar2026 17:49:06.422] [Render thread/DEBUG] [net.minecraftforge.registries.GameData/REGISTRIES]: Holder lookups applied: minecraft:block_predicate_type
[21Mar2026 17:49:06.422] [Render thread/DEBUG] [net.minecraftforge.registries.GameData/REGISTRIES]: Applying holder lookups: minecraft:worldgen/carver
[21Mar2026 17:49:06.424] [Render thread/DEBUG] [net.minecraftforge.registries.GameData/REGISTRIES]: Holder lookups applied: minecraft:worldgen/carver
[21Mar2026 17:49:06.444] [Render thread/INFO] [hexal/]: registering hexal features
[21Mar2026 17:49:06.445] [Render thread/DEBUG] [net.minecraftforge.registries.GameData/REGISTRIES]: Applying holder lookups: minecraft:worldgen/feature
[21Mar2026 17:49:06.445] [Render thread/DEBUG] [net.minecraftforge.registries.GameData/REGISTRIES]: Holder lookups applied: minecraft:worldgen/feature
[21Mar2026 17:49:06.445] [Render thread/DEBUG] [net.minecraftforge.registries.GameData/REGISTRIES]: Applying holder lookups: minecraft:worldgen/structure_processor
[21Mar2026 17:49:06.445] [Render thread/DEBUG] [net.minecraftforge.registries.GameData/REGISTRIES]: Holder lookups applied: minecraft:worldgen/structure_processor
[21Mar2026 17:49:06.445] [Render thread/DEBUG] [net.minecraftforge.registries.GameData/REGISTRIES]: Applying holder lookups: minecraft:worldgen/structure_placement
[21Mar2026 17:49:06.445] [Render thread/DEBUG] [net.minecraftforge.registries.GameData/REGISTRIES]: Holder lookups applied: minecraft:worldgen/structure_placement
[21Mar2026 17:49:06.445] [Render thread/DEBUG] [net.minecraftforge.registries.GameData/REGISTRIES]: Applying holder lookups: minecraft:worldgen/structure_piece
[21Mar2026 17:49:06.445] [Render thread/DEBUG] [net.minecraftforge.registries.GameData/REGISTRIES]: Holder lookups applied: minecraft:worldgen/structure_piece
[21Mar2026 17:49:06.446] [Render thread/DEBUG] [net.minecraftforge.registries.GameData/REGISTRIES]: Applying holder lookups: minecraft:worldgen/structure_type
[21Mar2026 17:49:06.446] [Render thread/DEBUG] [net.minecraftforge.registries.GameData/REGISTRIES]: Holder lookups applied: minecraft:worldgen/structure_type
[21Mar2026 17:49:06.446] [Render thread/DEBUG] [net.minecraftforge.registries.GameData/REGISTRIES]: Applying holder lookups: minecraft:worldgen/placement_modifier_type
[21Mar2026 17:49:06.446] [Render thread/DEBUG] [net.minecraftforge.registries.GameData/REGISTRIES]: Holder lookups applied: minecraft:worldgen/placement_modifier_type
[21Mar2026 17:49:06.446] [Render thread/DEBUG] [net.minecraftforge.registries.GameData/REGISTRIES]: Applying holder lookups: minecraft:worldgen/block_state_provider_type
[21Mar2026 17:49:06.446] [Render thread/DEBUG] [net.minecraftforge.registries.GameData/REGISTRIES]: Holder lookups applied: minecraft:worldgen/block_state_provider_type
[21Mar2026 17:49:06.446] [Render thread/DEBUG] [net.minecraftforge.registries.GameData/REGISTRIES]: Applying holder lookups: minecraft:worldgen/foliage_placer_type
[21Mar2026 17:49:06.446] [Render thread/DEBUG] [net.minecraftforge.registries.GameData/REGISTRIES]: Holder lookups applied: minecraft:worldgen/foliage_placer_type
[21Mar2026 17:49:06.447] [Render thread/DEBUG] [net.minecraftforge.registries.GameData/REGISTRIES]: Applying holder lookups: minecraft:worldgen/trunk_placer_type
[21Mar2026 17:49:06.447] [Render thread/DEBUG] [net.minecraftforge.registries.GameData/REGISTRIES]: Holder lookups applied: minecraft:worldgen/trunk_placer_type
[21Mar2026 17:49:06.447] [Render thread/DEBUG] [net.minecraftforge.registries.GameData/REGISTRIES]: Applying holder lookups: minecraft:worldgen/root_placer_type
[21Mar2026 17:49:06.447] [Render thread/DEBUG] [net.minecraftforge.registries.GameData/REGISTRIES]: Holder lookups applied: minecraft:worldgen/root_placer_type
[21Mar2026 17:49:06.447] [Render thread/DEBUG] [net.minecraftforge.registries.GameData/REGISTRIES]: Applying holder lookups: minecraft:worldgen/tree_decorator_type
[21Mar2026 17:49:06.447] [Render thread/DEBUG] [net.minecraftforge.registries.GameData/REGISTRIES]: Holder lookups applied: minecraft:worldgen/tree_decorator_type
[21Mar2026 17:49:06.447] [Render thread/DEBUG] [net.minecraftforge.registries.GameData/REGISTRIES]: Applying holder lookups: minecraft:worldgen/feature_size_type
[21Mar2026 17:49:06.447] [Render thread/DEBUG] [net.minecraftforge.registries.GameData/REGISTRIES]: Holder lookups applied: minecraft:worldgen/feature_size_type
[21Mar2026 17:49:06.447] [Render thread/DEBUG] [net.minecraftforge.registries.GameData/REGISTRIES]: Applying holder lookups: minecraft:worldgen/biome_source
[21Mar2026 17:49:06.447] [Render thread/DEBUG] [net.minecraftforge.registries.GameData/REGISTRIES]: Holder lookups applied: minecraft:worldgen/biome_source
[21Mar2026 17:49:06.447] [Render thread/DEBUG] [net.minecraftforge.registries.GameData/REGISTRIES]: Applying holder lookups: minecraft:worldgen/chunk_generator
[21Mar2026 17:49:06.448] [Render thread/DEBUG] [net.minecraftforge.registries.GameData/REGISTRIES]: Holder lookups applied: minecraft:worldgen/chunk_generator
[21Mar2026 17:49:06.448] [Render thread/DEBUG] [net.minecraftforge.registries.GameData/REGISTRIES]: Applying holder lookups: minecraft:worldgen/material_condition
[21Mar2026 17:49:06.448] [Render thread/DEBUG] [net.minecraftforge.registries.GameData/REGISTRIES]: Holder lookups applied: minecraft:worldgen/material_condition
[21Mar2026 17:49:06.448] [Render thread/DEBUG] [net.minecraftforge.registries.GameData/REGISTRIES]: Applying holder lookups: minecraft:worldgen/material_rule
[21Mar2026 17:49:06.448] [Render thread/DEBUG] [net.minecraftforge.registries.GameData/REGISTRIES]: Holder lookups applied: minecraft:worldgen/material_rule
[21Mar2026 17:49:06.448] [Render thread/DEBUG] [net.minecraftforge.registries.GameData/REGISTRIES]: Applying holder lookups: minecraft:worldgen/density_function_type
[21Mar2026 17:49:06.448] [Render thread/DEBUG] [net.minecraftforge.registries.GameData/REGISTRIES]: Holder lookups applied: minecraft:worldgen/density_function_type
[21Mar2026 17:49:06.448] [Render thread/DEBUG] [net.minecraftforge.registries.GameData/REGISTRIES]: Applying holder lookups: minecraft:worldgen/structure_pool_element
[21Mar2026 17:49:06.448] [Render thread/DEBUG] [net.minecraftforge.registries.GameData/REGISTRIES]: Holder lookups applied: minecraft:worldgen/structure_pool_element
[21Mar2026 17:49:06.448] [Render thread/DEBUG] [net.minecraftforge.registries.GameData/REGISTRIES]: Applying holder lookups: minecraft:cat_variant
[21Mar2026 17:49:06.449] [Render thread/DEBUG] [net.minecraftforge.registries.GameData/REGISTRIES]: Holder lookups applied: minecraft:cat_variant
[21Mar2026 17:49:06.449] [Render thread/DEBUG] [net.minecraftforge.registries.GameData/REGISTRIES]: Applying holder lookups: minecraft:frog_variant
[21Mar2026 17:49:06.449] [Render thread/DEBUG] [net.minecraftforge.registries.GameData/REGISTRIES]: Holder lookups applied: minecraft:frog_variant
[21Mar2026 17:49:06.449] [Render thread/DEBUG] [net.minecraftforge.registries.GameData/REGISTRIES]: Applying holder lookups: minecraft:banner_pattern
[21Mar2026 17:49:06.449] [Render thread/DEBUG] [net.minecraftforge.registries.GameData/REGISTRIES]: Holder lookups applied: minecraft:banner_pattern
[21Mar2026 17:49:06.449] [Render thread/DEBUG] [net.minecraftforge.registries.GameData/REGISTRIES]: Applying holder lookups: minecraft:instrument
[21Mar2026 17:49:06.450] [Render thread/DEBUG] [net.minecraftforge.registries.GameData/REGISTRIES]: Holder lookups applied: minecraft:instrument
[21Mar2026 17:49:06.450] [Render thread/DEBUG] [net.minecraftforge.registries.GameData/REGISTRIES]: Applying holder lookups: minecraft:decorated_pot_patterns
[21Mar2026 17:49:06.450] [Render thread/DEBUG] [net.minecraftforge.registries.GameData/REGISTRIES]: Holder lookups applied: minecraft:decorated_pot_patterns
[21Mar2026 17:49:06.451] [Render thread/DEBUG] [net.minecraftforge.registries.GameData/REGISTRIES]: Applying holder lookups: minecraft:creative_mode_tab
[21Mar2026 17:49:06.452] [Render thread/DEBUG] [net.minecraftforge.registries.GameData/REGISTRIES]: Holder lookups applied: minecraft:creative_mode_tab
[21Mar2026 17:49:06.459] [Render thread/DEBUG] [net.minecraftforge.registries.GameData/REGISTRIES]: Applying holder lookups: forge:biome_modifier_serializers
[21Mar2026 17:49:06.460] [Render thread/DEBUG] [net.minecraftforge.registries.GameData/REGISTRIES]: Holder lookups applied: forge:biome_modifier_serializers
[21Mar2026 17:49:06.460] [Render thread/DEBUG] [net.minecraftforge.registries.GameData/REGISTRIES]: Applying holder lookups: forge:display_contexts
[21Mar2026 17:49:06.460] [Render thread/DEBUG] [net.minecraftforge.registries.GameData/REGISTRIES]: Holder lookups applied: forge:display_contexts
[21Mar2026 17:49:06.461] [Render thread/DEBUG] [net.minecraftforge.registries.GameData/REGISTRIES]: Applying holder lookups: forge:entity_data_serializers
[21Mar2026 17:49:06.461] [Render thread/DEBUG] [net.minecraftforge.registries.GameData/REGISTRIES]: Holder lookups applied: forge:entity_data_serializers
[21Mar2026 17:49:06.466] [Render thread/DEBUG] [net.minecraftforge.registries.GameData/REGISTRIES]: Applying holder lookups: forge:fluid_type
[21Mar2026 17:49:06.467] [Render thread/DEBUG] [net.minecraftforge.registries.GameData/REGISTRIES]: Holder lookups applied: forge:fluid_type
[21Mar2026 17:49:06.468] [Render thread/DEBUG] [net.minecraftforge.registries.GameData/REGISTRIES]: Applying holder lookups: forge:global_loot_modifier_serializers
[21Mar2026 17:49:06.469] [Render thread/DEBUG] [net.minecraftforge.registries.GameData/REGISTRIES]: Holder lookups applied: forge:global_loot_modifier_serializers
[21Mar2026 17:49:06.473] [Render thread/DEBUG] [net.minecraftforge.registries.GameData/REGISTRIES]: Applying holder lookups: forge:holder_set_type
[21Mar2026 17:49:06.473] [Render thread/DEBUG] [net.minecraftforge.registries.GameData/REGISTRIES]: Holder lookups applied: forge:holder_set_type
[21Mar2026 17:49:06.474] [Render thread/DEBUG] [net.minecraftforge.registries.GameData/REGISTRIES]: Applying holder lookups: forge:structure_modifier_serializers
[21Mar2026 17:49:06.475] [Render thread/DEBUG] [net.minecraftforge.registries.GameData/REGISTRIES]: Holder lookups applied: forge:structure_modifier_serializers
[21Mar2026 17:49:06.491] [Render thread/DEBUG] [mixin/]: Mixing ZoneDistImmunityMixin from oneironaut.mixins.json into ram.talia.moreiotas.common.casting.actions.types.OpGetEntitiesByDyn
[21Mar2026 17:49:06.491] [Render thread/DEBUG] [mixin/]: oneironaut.mixins.json:ZoneDistImmunityMixin: Class version 61 required is higher than the class version supported by the current version of Mixin (JAVA_8 supports class version 52)
[21Mar2026 17:49:06.522] [Render thread/DEBUG] [mixin/]: Mixing ZoneDistImmunityMixin from oneironaut.mixins.json into at.petrak.hexcasting.common.casting.actions.selectors.OpGetEntitiesBy
[21Mar2026 17:49:06.522] [Render thread/DEBUG] [mixin/]: oneironaut.mixins.json:ZoneDistImmunityMixin: Class version 61 required is higher than the class version supported by the current version of Mixin (JAVA_8 supports class version 52)
[21Mar2026 17:49:06.547] [Render thread/DEBUG] [mixin/]: Mixing BlockRaycastImmunityMixin from oneironaut.mixins.json into at.petrak.hexcasting.common.casting.actions.raycast.OpBlockRaycast
[21Mar2026 17:49:06.547] [Render thread/DEBUG] [mixin/]: oneironaut.mixins.json:BlockRaycastImmunityMixin: Class version 61 required is higher than the class version supported by the current version of Mixin (JAVA_8 supports class version 52)
[21Mar2026 17:49:06.563] [Render thread/DEBUG] [mixin/]: Mixing BlockRaycastImmunityMixin from oneironaut.mixins.json into at.petrak.hexcasting.common.casting.actions.raycast.OpBlockAxisRaycast
[21Mar2026 17:49:06.563] [Render thread/DEBUG] [mixin/]: oneironaut.mixins.json:BlockRaycastImmunityMixin: Class version 61 required is higher than the class version supported by the current version of Mixin (JAVA_8 supports class version 52)
[21Mar2026 17:49:06.567] [Render thread/DEBUG] [mixin/]: Mixing EntityRaycastImmunityMixin from oneironaut.mixins.json into at.petrak.hexcasting.common.casting.actions.raycast.OpEntityRaycast
[21Mar2026 17:49:06.568] [Render thread/DEBUG] [mixin/]: oneironaut.mixins.json:EntityRaycastImmunityMixin: Class version 61 required is higher than the class version supported by the current version of Mixin (JAVA_8 supports class version 52)
[21Mar2026 17:49:06.665] [Render thread/DEBUG] [mixin/]: Mixing EntityRefConceptMixin from oneironaut.mixins.json into at.petrak.hexcasting.api.casting.iota.EntityIota
[21Mar2026 17:49:06.665] [Render thread/DEBUG] [mixin/]: oneironaut.mixins.json:EntityRefConceptMixin: Class version 61 required is higher than the class version supported by the current version of Mixin (JAVA_8 supports class version 52)
[21Mar2026 17:49:06.668] [Render thread/DEBUG] [mixin/]: Mixing IotaKeyableMixins.EntityIotaKeyableMixin from oneironaut.mixins.json into at.petrak.hexcasting.api.casting.iota.EntityIota
[21Mar2026 17:49:06.668] [Render thread/DEBUG] [mixin/]: oneironaut.mixins.json:IotaKeyableMixins.EntityIotaKeyableMixin: Class version 61 required is higher than the class version supported by the current version of Mixin (JAVA_8 supports class version 52)
[21Mar2026 17:49:06.704] [Render thread/DEBUG] [net.minecraftforge.registries.GameData/REGISTRIES]: Applying holder lookups: hexcasting:action
[21Mar2026 17:49:06.704] [Render thread/DEBUG] [net.minecraftforge.registries.GameData/REGISTRIES]: Holder lookups applied: hexcasting:action
[21Mar2026 17:49:06.718] [Render thread/DEBUG] [net.minecraftforge.registries.GameData/REGISTRIES]: Applying holder lookups: hexcasting:arithmetic
[21Mar2026 17:49:06.718] [Render thread/DEBUG] [net.minecraftforge.registries.GameData/REGISTRIES]: Holder lookups applied: hexcasting:arithmetic
[21Mar2026 17:49:06.721] [Render thread/DEBUG] [net.minecraftforge.registries.GameData/REGISTRIES]: Applying holder lookups: hexcasting:continuation_type
[21Mar2026 17:49:06.721] [Render thread/DEBUG] [net.minecraftforge.registries.GameData/REGISTRIES]: Holder lookups applied: hexcasting:continuation_type
[21Mar2026 17:49:06.721] [Render thread/DEBUG] [net.minecraftforge.registries.GameData/REGISTRIES]: Applying holder lookups: hexcasting:eval_sound
[21Mar2026 17:49:06.721] [Render thread/DEBUG] [net.minecraftforge.registries.GameData/REGISTRIES]: Holder lookups applied: hexcasting:eval_sound
[21Mar2026 17:49:06.723] [Render thread/DEBUG] [net.minecraftforge.registries.GameData/REGISTRIES]: Applying holder lookups: hexcasting:iota_type
[21Mar2026 17:49:06.723] [Render thread/DEBUG] [net.minecraftforge.registries.GameData/REGISTRIES]: Holder lookups applied: hexcasting:iota_type
[21Mar2026 17:49:06.724] [Render thread/DEBUG] [net.minecraftforge.registries.GameData/REGISTRIES]: Applying holder lookups: hexcasting:special_handler
[21Mar2026 17:49:06.724] [Render thread/DEBUG] [net.minecraftforge.registries.GameData/REGISTRIES]: Holder lookups applied: hexcasting:special_handler
[21Mar2026 17:49:06.724] [Render thread/DEBUG] [net.minecraftforge.registries.GameData/REGISTRIES]: Applying holder lookups: minecraft:worldgen/biome
[21Mar2026 17:49:06.725] [Render thread/DEBUG] [net.minecraftforge.registries.GameData/REGISTRIES]: Holder lookups applied: minecraft:worldgen/biome
[21Mar2026 17:49:06.787] [Render thread/DEBUG] [mixin/]: Mixing core.MixinInlineStyleSerializer from inline-common.mixins.json into net.minecraft.network.chat.Style$Serializer
[21Mar2026 17:49:06.787] [Render thread/DEBUG] [mixin/]: Renaming synthetic method lambda$HexPatStySerialize$1(Lcom/google/gson/JsonObject;Lcom/samsthenerd/inline/impl/InlineStyle$ISComponent;Lcom/google/gson/JsonElement;)V to mde518a5$lambda$HexPatStySerialize$1$0 in inline-common.mixins.json:core.MixinInlineStyleSerializer
[21Mar2026 17:49:06.788] [Render thread/DEBUG] [mixin/]: Renaming synthetic method lambda$InlineStyDeserialize$0(Lnet/minecraft/network/chat/Style;Lcom/samsthenerd/inline/impl/InlineStyle$ISComponent;Ljava/lang/Object;)V to mde518a5$lambda$InlineStyDeserialize$0$1 in inline-common.mixins.json:core.MixinInlineStyleSerializer
[21Mar2026 17:49:06.804] [Render thread/DEBUG] [net.minecraftforge.client.loading.ClientModLoader/CORE]: Generating PackInfo named mod:paucal for mod file C:\Users\ashwa\.gradle\caches\forge_gradle\deobf_dependencies\curse\maven\paucal-597824\5687007_mapped_parchment_2023.09.03-1.20.1\paucal-597824-5687007_mapped_parchment_2023.09.03-1.20.1.jar
[21Mar2026 17:49:06.804] [Render thread/DEBUG] [net.minecraftforge.client.loading.ClientModLoader/CORE]: Generating PackInfo named mod:geckolib for mod file C:\Users\ashwa\.gradle\caches\forge_gradle\deobf_dependencies\curse\maven\geckolib-388172\7025129_mapped_parchment_2023.09.03-1.20.1\geckolib-388172-7025129_mapped_parchment_2023.09.03-1.20.1.jar
[21Mar2026 17:49:06.804] [Render thread/DEBUG] [net.minecraftforge.client.loading.ClientModLoader/CORE]: Generating PackInfo named mod:moreiotas for mod file C:\Users\ashwa\.gradle\caches\forge_gradle\deobf_dependencies\curse\maven\moreiotas-824728\7027592_mapped_parchment_2023.09.03-1.20.1\moreiotas-824728-7027592_mapped_parchment_2023.09.03-1.20.1.jar
[21Mar2026 17:49:06.804] [Render thread/DEBUG] [net.minecraftforge.client.loading.ClientModLoader/CORE]: Generating PackInfo named mod:oneironaut for mod file D:\Intelij Projects\oneironautfinal\build\resources\main
[21Mar2026 17:49:06.804] [Render thread/DEBUG] [net.minecraftforge.client.loading.ClientModLoader/CORE]: Generating PackInfo named mod:hexal for mod file C:\Users\ashwa\.gradle\caches\forge_gradle\deobf_dependencies\curse\maven\hexal-824725\7168104_mapped_parchment_2023.09.03-1.20.1\hexal-824725-7168104_mapped_parchment_2023.09.03-1.20.1.jar
[21Mar2026 17:49:06.804] [Render thread/DEBUG] [net.minecraftforge.client.loading.ClientModLoader/CORE]: Generating PackInfo named mod:inline for mod file C:\Users\ashwa\.gradle\caches\forge_gradle\deobf_dependencies\curse\maven\inline-971167\6556850_mapped_parchment_2023.09.03-1.20.1\inline-971167-6556850_mapped_parchment_2023.09.03-1.20.1.jar
[21Mar2026 17:49:06.804] [Render thread/DEBUG] [net.minecraftforge.client.loading.ClientModLoader/CORE]: Generating PackInfo named mod:hexcasting for mod file C:\Users\ashwa\.gradle\caches\forge_gradle\deobf_dependencies\at\petra-k\hexcasting\hexcasting-forge-1.20.1\0.11.3_mapped_parchment_2023.09.03-1.20.1\hexcasting-forge-1.20.1-0.11.3_mapped_parchment_2023.09.03-1.20.1.jar
[21Mar2026 17:49:06.805] [Render thread/DEBUG] [net.minecraftforge.client.loading.ClientModLoader/CORE]: Generating PackInfo named mod:cloth_config for mod file C:\Users\ashwa\.gradle\caches\modules-2\files-2.1\me.shedaniel.cloth\cloth-config-forge\11.1.136\c65d07748acc57ceb45d53b3964368b84f34d54f\cloth-config-forge-11.1.136.jar
[21Mar2026 17:49:06.805] [Render thread/DEBUG] [net.minecraftforge.client.loading.ClientModLoader/CORE]: Generating PackInfo named mod:caelus for mod file C:\Users\ashwa\.gradle\caches\forge_gradle\deobf_dependencies\curse\maven\caelus-308989\5281700_mapped_parchment_2023.09.03-1.20.1\caelus-308989-5281700_mapped_parchment_2023.09.03-1.20.1.jar
[21Mar2026 17:49:06.805] [Render thread/DEBUG] [net.minecraftforge.client.loading.ClientModLoader/CORE]: Generating PackInfo named mod:kotlinforforge for mod file 
[21Mar2026 17:49:06.805] [Render thread/DEBUG] [net.minecraftforge.client.loading.ClientModLoader/CORE]: Generating PackInfo named mod:forge for mod file /
[21Mar2026 17:49:06.805] [Render thread/DEBUG] [net.minecraftforge.client.loading.ClientModLoader/CORE]: Generating PackInfo named mod:patchouli for mod file C:\Users\ashwa\.gradle\caches\forge_gradle\deobf_dependencies\vazkii\patchouli\Patchouli\1.20.1-80-FORGE_mapped_parchment_2023.09.03-1.20.1\Patchouli-1.20.1-80-FORGE_mapped_parchment_2023.09.03-1.20.1.jar
[21Mar2026 17:49:06.814] [Render thread/DEBUG] [mixin/]: Mixing client.TextureManagerMixin from geckolib.mixins.json into net.minecraft.client.renderer.texture.TextureManager
[21Mar2026 17:49:07.027] [Render thread/DEBUG] [mixin/]: Mixing accessor.client.AccessorRenderType from hexplat.mixins.json into net.minecraft.client.renderer.RenderType
[21Mar2026 17:49:07.027] [Render thread/DEBUG] [mixin/]: Renaming @Invoker method hex$create(Ljava/lang/String;Lcom/mojang/blaze3d/vertex/VertexFormat;Lcom/mojang/blaze3d/vertex/VertexFormat$Mode;IZZLnet/minecraft/client/renderer/RenderType$CompositeState;)Lnet/minecraft/client/renderer/RenderType$CompositeRenderType; to hex$create_$md$e518a5$0 in hexplat.mixins.json:accessor.client.AccessorRenderType
[21Mar2026 17:49:07.036] [Render thread/DEBUG] [mixin/]: Mixing accessor.client.AccessorRenderStateShard from hexplat.mixins.json into net.minecraft.client.renderer.RenderStateShard
[21Mar2026 17:49:07.043] [Render thread/DEBUG] [mixin/]: Mixing accessor.client.AccessorEmptyTextureStateShard from hexplat.mixins.json into net.minecraft.client.renderer.RenderStateShard$EmptyTextureStateShard
[21Mar2026 17:49:07.047] [Render thread/DEBUG] [mixin/]: Mixing accessor.client.AccessorCompositeRenderType from hexplat.mixins.json into net.minecraft.client.renderer.RenderType$CompositeRenderType
[21Mar2026 17:49:07.080] [Render thread/DEBUG] [mixin/]: Mixing core.MixinItemOverlayHook from inline-common.mixins.json into net.minecraft.client.renderer.entity.ItemRenderer
[21Mar2026 17:49:07.112] [Render thread/DEBUG] [mixin/]: Mixing core.MixinTextWiden from inline-common.mixins.json into net.minecraft.client.gui.Font
[21Mar2026 17:49:07.112] [Render thread/DEBUG] [mixin/]: Renaming synthetic method lambda$MarkTextParentGlowy$0(Lnet/minecraft/util/FormattedCharSink;IILnet/minecraft/network/chat/Style;I)Z to mde518a5$lambda$MarkTextParentGlowy$0$0 in inline-common.mixins.json:core.MixinTextWiden
[21Mar2026 17:49:07.162] [Render thread/DEBUG] [mixin/]: Mixing accessor.client.AccessorBlockEntityRenderDispatcher from hexplat.mixins.json into net.minecraft.client.renderer.blockentity.BlockEntityRenderDispatcher
[21Mar2026 17:49:07.234] [Render thread/DEBUG] [mixin/]: Mixing client.AccessorMultiBufferSource from patchouli_xplat.mixins.json into net.minecraft.client.renderer.MultiBufferSource$BufferSource
[21Mar2026 17:49:07.334] [Render thread/DEBUG] [mixin/]: Mixing client.MixinLevelRenderer from patchouli_xplat.mixins.json into net.minecraft.client.renderer.LevelRenderer
[21Mar2026 17:49:07.430] [Render thread/INFO] [net.minecraftforge.gametest.ForgeGameTestHooks/]: Enabled Gametest Namespaces: [oneironaut]
[21Mar2026 17:49:07.443] [Render thread/DEBUG] [mixin/]: Mixing client.MixinPlayerRenderer from hexplat.mixins.json into net.minecraft.client.renderer.entity.player.PlayerRenderer
[21Mar2026 17:49:07.449] [Render thread/DEBUG] [mixin/]: Mixing feature.playerskins.MixinTurnOffLabel from inline-common.mixins.json into net.minecraft.client.renderer.entity.LivingEntityRenderer
[21Mar2026 17:49:07.536] [Render thread/INFO] [inline/]: registering tooltip components
[21Mar2026 17:49:07.546] [Render thread/INFO] [org.arcticquests.dev.oneironaut.oneironautt.Oneironaut/]: Registered Noosphere/DeepNoosphere dimension effects
[21Mar2026 17:49:07.677] [Render thread/INFO] [net.minecraft.server.packs.resources.ReloadableResourceManager/]: Reloading ResourceManager: vanilla, mod_resources
[21Mar2026 17:49:07.693] [modloading-worker-0/DEBUG] [net.minecraftforge.fml.config.ConfigTracker/CONFIG]: Loading configs type CLIENT
[21Mar2026 17:49:07.697] [modloading-worker-0/DEBUG] [net.minecraftforge.fml.config.ConfigFileTypeHandler/CONFIG]: Built TOML config for D:\Intelij Projects\oneironautfinal\run\config\patchouli-client.toml
[21Mar2026 17:49:07.708] [modloading-worker-0/DEBUG] [net.minecraftforge.fml.config.ConfigFileTypeHandler/CONFIG]: Loaded TOML config file D:\Intelij Projects\oneironautfinal\run\config\patchouli-client.toml
[21Mar2026 17:49:07.722] [modloading-worker-0/DEBUG] [net.minecraftforge.fml.config.ConfigFileTypeHandler/CONFIG]: Watching TOML config file D:\Intelij Projects\oneironautfinal\run\config\patchouli-client.toml for changes
[21Mar2026 17:49:07.744] [modloading-worker-0/DEBUG] [net.minecraftforge.fml.config.ConfigFileTypeHandler/CONFIG]: Built TOML config for D:\Intelij Projects\oneironautfinal\run\config\forge-client.toml
[21Mar2026 17:49:07.746] [modloading-worker-0/DEBUG] [net.minecraftforge.fml.config.ConfigFileTypeHandler/CONFIG]: Loaded TOML config file D:\Intelij Projects\oneironautfinal\run\config\forge-client.toml
[21Mar2026 17:49:07.746] [modloading-worker-0/DEBUG] [net.minecraftforge.fml.config.ConfigFileTypeHandler/CONFIG]: Watching TOML config file D:\Intelij Projects\oneironautfinal\run\config\forge-client.toml for changes
[21Mar2026 17:49:07.747] [modloading-worker-0/DEBUG] [net.minecraftforge.common.ForgeConfig/FORGEMOD]: Loaded forge config file forge-client.toml
[21Mar2026 17:49:07.747] [modloading-worker-0/DEBUG] [net.minecraftforge.fml.config.ConfigFileTypeHandler/CONFIG]: Built TOML config for D:\Intelij Projects\oneironautfinal\run\config\hexcasting-client.toml
[21Mar2026 17:49:07.748] [modloading-worker-0/DEBUG] [net.minecraftforge.fml.config.ConfigFileTypeHandler/CONFIG]: Loaded TOML config file D:\Intelij Projects\oneironautfinal\run\config\hexcasting-client.toml
[21Mar2026 17:49:07.748] [modloading-worker-0/DEBUG] [net.minecraftforge.fml.config.ConfigFileTypeHandler/CONFIG]: Watching TOML config file D:\Intelij Projects\oneironautfinal\run\config\hexcasting-client.toml for changes
[21Mar2026 17:49:07.748] [modloading-worker-0/DEBUG] [net.minecraftforge.fml.config.ConfigFileTypeHandler/CONFIG]: Built TOML config for D:\Intelij Projects\oneironautfinal\run\config\hexal-client.toml
[21Mar2026 17:49:07.749] [modloading-worker-0/DEBUG] [net.minecraftforge.fml.config.ConfigFileTypeHandler/CONFIG]: Loaded TOML config file D:\Intelij Projects\oneironautfinal\run\config\hexal-client.toml
[21Mar2026 17:49:07.749] [modloading-worker-0/DEBUG] [net.minecraftforge.fml.config.ConfigFileTypeHandler/CONFIG]: Watching TOML config file D:\Intelij Projects\oneironautfinal\run\config\hexal-client.toml for changes
[21Mar2026 17:49:07.749] [modloading-worker-0/DEBUG] [net.minecraftforge.fml.config.ConfigTracker/CONFIG]: Loading configs type COMMON
[21Mar2026 17:49:07.749] [modloading-worker-0/DEBUG] [net.minecraftforge.fml.config.ConfigFileTypeHandler/CONFIG]: Built TOML config for D:\Intelij Projects\oneironautfinal\run\config\paucal-common.toml
[21Mar2026 17:49:07.750] [modloading-worker-0/DEBUG] [net.minecraftforge.fml.config.ConfigFileTypeHandler/CONFIG]: Loaded TOML config file D:\Intelij Projects\oneironautfinal\run\config\paucal-common.toml
[21Mar2026 17:49:07.750] [modloading-worker-0/DEBUG] [net.minecraftforge.fml.config.ConfigFileTypeHandler/CONFIG]: Watching TOML config file D:\Intelij Projects\oneironautfinal\run\config\paucal-common.toml for changes
[21Mar2026 17:49:07.750] [modloading-worker-0/DEBUG] [net.minecraftforge.fml.config.ConfigFileTypeHandler/CONFIG]: Built TOML config for D:\Intelij Projects\oneironautfinal\run\config\hexcasting-common.toml
[21Mar2026 17:49:07.751] [modloading-worker-0/DEBUG] [net.minecraftforge.fml.config.ConfigFileTypeHandler/CONFIG]: Loaded TOML config file D:\Intelij Projects\oneironautfinal\run\config\hexcasting-common.toml
[21Mar2026 17:49:07.751] [modloading-worker-0/DEBUG] [net.minecraftforge.fml.config.ConfigFileTypeHandler/CONFIG]: Watching TOML config file D:\Intelij Projects\oneironautfinal\run\config\hexcasting-common.toml for changes
[21Mar2026 17:49:07.794] [Worker-Main-7/DEBUG] [patchouli/]: Instantiating xplat impl: vazkii.patchouli.forge.xplat.ForgeXplatImpl
[21Mar2026 17:49:07.899] [Worker-Main-13/INFO] [net.minecraft.client.gui.font.providers.UnihexProvider/]: Found unifont_all_no_pua-15.0.06.hex, loading
[21Mar2026 17:49:07.920] [Render thread/DEBUG] [net.minecraftforge.fml.DeferredWorkQueue/LOADING]: Dispatching synchronous work for work queue COMMON_SETUP: 6 jobs
[21Mar2026 17:49:07.952] [Forge Version Check/INFO] [net.minecraftforge.fml.VersionChecker/]: [forge] Starting version check at https://files.minecraftforge.net/net/minecraftforge/forge/promotions_slim.json
[21Mar2026 17:49:07.966] [Render thread/DEBUG] [mixin/]: Mixing MixinHexInterop from hexalplat.mixins.json into at.petrak.hexcasting.interop.HexInterop
[21Mar2026 17:49:08.040] [Render thread/DEBUG] [net.minecraftforge.fml.config.ConfigTracker/CONFIG]: Config file oneironaut-server.toml for oneironaut tracking
[21Mar2026 17:49:08.047] [Render thread/DEBUG] [net.minecraftforge.fml.DeferredWorkQueue/LOADING]: Synchronous work queue completed in 125.6 ms
[21Mar2026 17:49:08.060] [Worker-Main-6/DEBUG] [hexcasting/]: Instantiating client xplat impl: at.petrak.hexcasting.forge.xplat.ForgeClientXplatImpl
[21Mar2026 17:49:08.085] [Render thread/DEBUG] [net.minecraftforge.fml.DeferredWorkQueue/LOADING]: Dispatching synchronous work for work queue SIDED_SETUP: 5 jobs
[21Mar2026 17:49:08.089] [Render thread/INFO] [org.arcticquests.dev.oneironaut.oneironautt.Oneironaut/]: Applied cutout layer to 38 blocks
[21Mar2026 17:49:08.089] [Render thread/INFO] [org.arcticquests.dev.oneironaut.oneironautt.Oneironaut/]: Applied translucent layer to 5 blocks
[21Mar2026 17:49:08.124] [Render thread/INFO] [org.arcticquests.dev.oneironaut.oneironautt.Oneironaut/]: Cached client object. Player: null
[21Mar2026 17:49:08.157] [Render thread/DEBUG] [moreiotas/]: Instantiating client xplat impl: ram.talia.moreiotas.forge.xplat.ForgeClientXplatImpl
[21Mar2026 17:49:08.158] [Render thread/DEBUG] [hexal/]: Instantiating client xplat impl: ram.talia.hexal.forge.xplat.ForgeClientXplatImpl
[21Mar2026 17:49:08.159] [Render thread/DEBUG] [net.minecraftforge.fml.DeferredWorkQueue/LOADING]: Synchronous work queue completed in 73.16 ms
[21Mar2026 17:49:08.328] [Worker-Main-18/WARN] [net.minecraft.client.resources.model.ModelBakery/]: Exception loading blockstate definition: 'oneironaut:blockstates/insubstantial_pseudoamethyst_block.json' missing model for variant: 'oneironaut:insubstantial_pseudoamethyst_block#'
[21Mar2026 17:49:08.329] [Worker-Main-18/WARN] [net.minecraft.client.resources.model.ModelBakery/]: Exception loading blockstate definition: 'oneironaut:blockstates/edified_tree_spawner.json' missing model for variant: 'oneironaut:edified_tree_spawner#'
[21Mar2026 17:49:08.329] [Worker-Main-18/WARN] [net.minecraft.client.resources.model.ModelBakery/]: Exception loading blockstate definition: 'oneironaut:blockstates/inactiveslipway.json' missing model for variant: 'oneironaut:inactiveslipway#'
[21Mar2026 17:49:08.329] [Worker-Main-18/WARN] [net.minecraft.client.resources.model.ModelBakery/]: Exception loading blockstate definition: 'oneironaut:blockstates/concept_core.json' missing model for variant: 'oneironaut:concept_core#axis=z,powered=true'
[21Mar2026 17:49:08.329] [Worker-Main-18/WARN] [net.minecraft.client.resources.model.ModelBakery/]: Exception loading blockstate definition: 'oneironaut:blockstates/concept_core.json' missing model for variant: 'oneironaut:concept_core#axis=y,powered=true'
[21Mar2026 17:49:08.329] [Worker-Main-18/WARN] [net.minecraft.client.resources.model.ModelBakery/]: Exception loading blockstate definition: 'oneironaut:blockstates/concept_core.json' missing model for variant: 'oneironaut:concept_core#axis=x,powered=false'
[21Mar2026 17:49:08.329] [Worker-Main-18/WARN] [net.minecraft.client.resources.model.ModelBakery/]: Exception loading blockstate definition: 'oneironaut:blockstates/concept_core.json' missing model for variant: 'oneironaut:concept_core#axis=x,powered=true'
[21Mar2026 17:49:08.329] [Worker-Main-18/WARN] [net.minecraft.client.resources.model.ModelBakery/]: Exception loading blockstate definition: 'oneironaut:blockstates/concept_core.json' missing model for variant: 'oneironaut:concept_core#axis=z,powered=false'
[21Mar2026 17:49:08.329] [Worker-Main-18/WARN] [net.minecraft.client.resources.model.ModelBakery/]: Exception loading blockstate definition: 'oneironaut:blockstates/concept_core.json' missing model for variant: 'oneironaut:concept_core#axis=y,powered=false'
[21Mar2026 17:49:08.329] [Worker-Main-18/WARN] [net.minecraft.client.resources.model.ModelBakery/]: Exception loading blockstate definition: 'oneironaut:blockstates/concept_connector.json' missing model for variant: 'oneironaut:concept_connector#facing=up'
[21Mar2026 17:49:08.329] [Worker-Main-18/WARN] [net.minecraft.client.resources.model.ModelBakery/]: Exception loading blockstate definition: 'oneironaut:blockstates/concept_connector.json' missing model for variant: 'oneironaut:concept_connector#facing=down'
[21Mar2026 17:49:08.330] [Worker-Main-18/WARN] [net.minecraft.client.resources.model.ModelBakery/]: Exception loading blockstate definition: 'oneironaut:blockstates/concept_connector.json' missing model for variant: 'oneironaut:concept_connector#facing=west'
[21Mar2026 17:49:08.330] [Worker-Main-18/WARN] [net.minecraft.client.resources.model.ModelBakery/]: Exception loading blockstate definition: 'oneironaut:blockstates/concept_connector.json' missing model for variant: 'oneironaut:concept_connector#facing=north'
[21Mar2026 17:49:08.330] [Worker-Main-18/WARN] [net.minecraft.client.resources.model.ModelBakery/]: Exception loading blockstate definition: 'oneironaut:blockstates/concept_connector.json' missing model for variant: 'oneironaut:concept_connector#facing=south'
[21Mar2026 17:49:08.330] [Worker-Main-18/WARN] [net.minecraft.client.resources.model.ModelBakery/]: Exception loading blockstate definition: 'oneironaut:blockstates/concept_connector.json' missing model for variant: 'oneironaut:concept_connector#facing=east'
[21Mar2026 17:49:08.330] [Worker-Main-18/WARN] [net.minecraft.client.resources.model.ModelBakery/]: Exception loading blockstate definition: 'oneironaut:blockstates/concept_decorator_color_white.json' missing model for variant: 'oneironaut:concept_decorator_color_white#facing=west'
[21Mar2026 17:49:08.330] [Worker-Main-18/WARN] [net.minecraft.client.resources.model.ModelBakery/]: Exception loading blockstate definition: 'oneironaut:blockstates/concept_decorator_color_white.json' missing model for variant: 'oneironaut:concept_decorator_color_white#facing=east'
[21Mar2026 17:49:08.330] [Worker-Main-18/WARN] [net.minecraft.client.resources.model.ModelBakery/]: Exception loading blockstate definition: 'oneironaut:blockstates/concept_decorator_color_white.json' missing model for variant: 'oneironaut:concept_decorator_color_white#facing=up'
[21Mar2026 17:49:08.330] [Worker-Main-18/WARN] [net.minecraft.client.resources.model.ModelBakery/]: Exception loading blockstate definition: 'oneironaut:blockstates/concept_decorator_color_white.json' missing model for variant: 'oneironaut:concept_decorator_color_white#facing=down'
[21Mar2026 17:49:08.330] [Worker-Main-18/WARN] [net.minecraft.client.resources.model.ModelBakery/]: Exception loading blockstate definition: 'oneironaut:blockstates/concept_decorator_color_white.json' missing model for variant: 'oneironaut:concept_decorator_color_white#facing=south'
[21Mar2026 17:49:08.330] [Worker-Main-18/WARN] [net.minecraft.client.resources.model.ModelBakery/]: Exception loading blockstate definition: 'oneironaut:blockstates/concept_decorator_color_white.json' missing model for variant: 'oneironaut:concept_decorator_color_white#facing=north'
[21Mar2026 17:49:08.330] [Worker-Main-18/WARN] [net.minecraft.client.resources.model.ModelBakery/]: Exception loading blockstate definition: 'oneironaut:blockstates/concept_decorator_color_orange.json' missing model for variant: 'oneironaut:concept_decorator_color_orange#facing=west'
[21Mar2026 17:49:08.330] [Worker-Main-18/WARN] [net.minecraft.client.resources.model.ModelBakery/]: Exception loading blockstate definition: 'oneironaut:blockstates/concept_decorator_color_orange.json' missing model for variant: 'oneironaut:concept_decorator_color_orange#facing=up'
[21Mar2026 17:49:08.330] [Worker-Main-18/WARN] [net.minecraft.client.resources.model.ModelBakery/]: Exception loading blockstate definition: 'oneironaut:blockstates/concept_decorator_color_orange.json' missing model for variant: 'oneironaut:concept_decorator_color_orange#facing=down'
[21Mar2026 17:49:08.330] [Worker-Main-18/WARN] [net.minecraft.client.resources.model.ModelBakery/]: Exception loading blockstate definition: 'oneironaut:blockstates/concept_decorator_color_orange.json' missing model for variant: 'oneironaut:concept_decorator_color_orange#facing=north'
[21Mar2026 17:49:08.330] [Worker-Main-18/WARN] [net.minecraft.client.resources.model.ModelBakery/]: Exception loading blockstate definition: 'oneironaut:blockstates/concept_decorator_color_orange.json' missing model for variant: 'oneironaut:concept_decorator_color_orange#facing=south'
[21Mar2026 17:49:08.330] [Worker-Main-18/WARN] [net.minecraft.client.resources.model.ModelBakery/]: Exception loading blockstate definition: 'oneironaut:blockstates/concept_decorator_color_orange.json' missing model for variant: 'oneironaut:concept_decorator_color_orange#facing=east'
[21Mar2026 17:49:08.330] [Worker-Main-18/WARN] [net.minecraft.client.resources.model.ModelBakery/]: Exception loading blockstate definition: 'oneironaut:blockstates/concept_decorator_color_magenta.json' missing model for variant: 'oneironaut:concept_decorator_color_magenta#facing=north'
[21Mar2026 17:49:08.330] [Worker-Main-18/WARN] [net.minecraft.client.resources.model.ModelBakery/]: Exception loading blockstate definition: 'oneironaut:blockstates/concept_decorator_color_magenta.json' missing model for variant: 'oneironaut:concept_decorator_color_magenta#facing=south'
[21Mar2026 17:49:08.330] [Worker-Main-18/WARN] [net.minecraft.client.resources.model.ModelBakery/]: Exception loading blockstate definition: 'oneironaut:blockstates/concept_decorator_color_magenta.json' missing model for variant: 'oneironaut:concept_decorator_color_magenta#facing=west'
[21Mar2026 17:49:08.330] [Worker-Main-18/WARN] [net.minecraft.client.resources.model.ModelBakery/]: Exception loading blockstate definition: 'oneironaut:blockstates/concept_decorator_color_magenta.json' missing model for variant: 'oneironaut:concept_decorator_color_magenta#facing=up'
[21Mar2026 17:49:08.330] [Worker-Main-18/WARN] [net.minecraft.client.resources.model.ModelBakery/]: Exception loading blockstate definition: 'oneironaut:blockstates/concept_decorator_color_magenta.json' missing model for variant: 'oneironaut:concept_decorator_color_magenta#facing=down'
[21Mar2026 17:49:08.330] [Worker-Main-18/WARN] [net.minecraft.client.resources.model.ModelBakery/]: Exception loading blockstate definition: 'oneironaut:blockstates/concept_decorator_color_magenta.json' missing model for variant: 'oneironaut:concept_decorator_color_magenta#facing=east'
[21Mar2026 17:49:08.330] [Worker-Main-18/WARN] [net.minecraft.client.resources.model.ModelBakery/]: Exception loading blockstate definition: 'oneironaut:blockstates/concept_decorator_color_light_blue.json' missing model for variant: 'oneironaut:concept_decorator_color_light_blue#facing=north'
[21Mar2026 17:49:08.330] [Worker-Main-18/WARN] [net.minecraft.client.resources.model.ModelBakery/]: Exception loading blockstate definition: 'oneironaut:blockstates/concept_decorator_color_light_blue.json' missing model for variant: 'oneironaut:concept_decorator_color_light_blue#facing=south'
[21Mar2026 17:49:08.330] [Worker-Main-18/WARN] [net.minecraft.client.resources.model.ModelBakery/]: Exception loading blockstate definition: 'oneironaut:blockstates/concept_decorator_color_light_blue.json' missing model for variant: 'oneironaut:concept_decorator_color_light_blue#facing=west'
[21Mar2026 17:49:08.330] [Worker-Main-18/WARN] [net.minecraft.client.resources.model.ModelBakery/]: Exception loading blockstate definition: 'oneironaut:blockstates/concept_decorator_color_light_blue.json' missing model for variant: 'oneironaut:concept_decorator_color_light_blue#facing=up'
[21Mar2026 17:49:08.330] [Worker-Main-18/WARN] [net.minecraft.client.resources.model.ModelBakery/]: Exception loading blockstate definition: 'oneironaut:blockstates/concept_decorator_color_light_blue.json' missing model for variant: 'oneironaut:concept_decorator_color_light_blue#facing=down'
[21Mar2026 17:49:08.330] [Worker-Main-18/WARN] [net.minecraft.client.resources.model.ModelBakery/]: Exception loading blockstate definition: 'oneironaut:blockstates/concept_decorator_color_light_blue.json' missing model for variant: 'oneironaut:concept_decorator_color_light_blue#facing=east'
[21Mar2026 17:49:08.330] [Worker-Main-18/WARN] [net.minecraft.client.resources.model.ModelBakery/]: Exception loading blockstate definition: 'oneironaut:blockstates/concept_decorator_color_yellow.json' missing model for variant: 'oneironaut:concept_decorator_color_yellow#facing=up'
[21Mar2026 17:49:08.330] [Worker-Main-18/WARN] [net.minecraft.client.resources.model.ModelBakery/]: Exception loading blockstate definition: 'oneironaut:blockstates/concept_decorator_color_yellow.json' missing model for variant: 'oneironaut:concept_decorator_color_yellow#facing=down'
[21Mar2026 17:49:08.330] [Worker-Main-18/WARN] [net.minecraft.client.resources.model.ModelBakery/]: Exception loading blockstate definition: 'oneironaut:blockstates/concept_decorator_color_yellow.json' missing model for variant: 'oneironaut:concept_decorator_color_yellow#facing=east'
[21Mar2026 17:49:08.330] [Worker-Main-18/WARN] [net.minecraft.client.resources.model.ModelBakery/]: Exception loading blockstate definition: 'oneironaut:blockstates/concept_decorator_color_yellow.json' missing model for variant: 'oneironaut:concept_decorator_color_yellow#facing=south'
[21Mar2026 17:49:08.330] [Worker-Main-18/WARN] [net.minecraft.client.resources.model.ModelBakery/]: Exception loading blockstate definition: 'oneironaut:blockstates/concept_decorator_color_yellow.json' missing model for variant: 'oneironaut:concept_decorator_color_yellow#facing=north'
[21Mar2026 17:49:08.330] [Worker-Main-18/WARN] [net.minecraft.client.resources.model.ModelBakery/]: Exception loading blockstate definition: 'oneironaut:blockstates/concept_decorator_color_yellow.json' missing model for variant: 'oneironaut:concept_decorator_color_yellow#facing=west'
[21Mar2026 17:49:08.330] [Worker-Main-18/WARN] [net.minecraft.client.resources.model.ModelBakery/]: Exception loading blockstate definition: 'oneironaut:blockstates/concept_decorator_color_lime.json' missing model for variant: 'oneironaut:concept_decorator_color_lime#facing=east'
[21Mar2026 17:49:08.330] [Worker-Main-18/WARN] [net.minecraft.client.resources.model.ModelBakery/]: Exception loading blockstate definition: 'oneironaut:blockstates/concept_decorator_color_lime.json' missing model for variant: 'oneironaut:concept_decorator_color_lime#facing=south'
[21Mar2026 17:49:08.330] [Worker-Main-18/WARN] [net.minecraft.client.resources.model.ModelBakery/]: Exception loading blockstate definition: 'oneironaut:blockstates/concept_decorator_color_lime.json' missing model for variant: 'oneironaut:concept_decorator_color_lime#facing=north'
[21Mar2026 17:49:08.330] [Worker-Main-18/WARN] [net.minecraft.client.resources.model.ModelBakery/]: Exception loading blockstate definition: 'oneironaut:blockstates/concept_decorator_color_lime.json' missing model for variant: 'oneironaut:concept_decorator_color_lime#facing=up'
[21Mar2026 17:49:08.330] [Worker-Main-18/WARN] [net.minecraft.client.resources.model.ModelBakery/]: Exception loading blockstate definition: 'oneironaut:blockstates/concept_decorator_color_lime.json' missing model for variant: 'oneironaut:concept_decorator_color_lime#facing=west'
[21Mar2026 17:49:08.330] [Worker-Main-18/WARN] [net.minecraft.client.resources.model.ModelBakery/]: Exception loading blockstate definition: 'oneironaut:blockstates/concept_decorator_color_lime.json' missing model for variant: 'oneironaut:concept_decorator_color_lime#facing=down'
[21Mar2026 17:49:08.330] [Worker-Main-18/WARN] [net.minecraft.client.resources.model.ModelBakery/]: Exception loading blockstate definition: 'oneironaut:blockstates/concept_decorator_color_pink.json' missing model for variant: 'oneironaut:concept_decorator_color_pink#facing=west'
[21Mar2026 17:49:08.330] [Worker-Main-18/WARN] [net.minecraft.client.resources.model.ModelBakery/]: Exception loading blockstate definition: 'oneironaut:blockstates/concept_decorator_color_pink.json' missing model for variant: 'oneironaut:concept_decorator_color_pink#facing=north'
[21Mar2026 17:49:08.330] [Worker-Main-18/WARN] [net.minecraft.client.resources.model.ModelBakery/]: Exception loading blockstate definition: 'oneironaut:blockstates/concept_decorator_color_pink.json' missing model for variant: 'oneironaut:concept_decorator_color_pink#facing=south'
[21Mar2026 17:49:08.330] [Worker-Main-18/WARN] [net.minecraft.client.resources.model.ModelBakery/]: Exception loading blockstate definition: 'oneironaut:blockstates/concept_decorator_color_pink.json' missing model for variant: 'oneironaut:concept_decorator_color_pink#facing=down'
[21Mar2026 17:49:08.330] [Worker-Main-18/WARN] [net.minecraft.client.resources.model.ModelBakery/]: Exception loading blockstate definition: 'oneironaut:blockstates/concept_decorator_color_pink.json' missing model for variant: 'oneironaut:concept_decorator_color_pink#facing=east'
[21Mar2026 17:49:08.330] [Worker-Main-18/WARN] [net.minecraft.client.resources.model.ModelBakery/]: Exception loading blockstate definition: 'oneironaut:blockstates/concept_decorator_color_pink.json' missing model for variant: 'oneironaut:concept_decorator_color_pink#facing=up'
[21Mar2026 17:49:08.330] [Worker-Main-18/WARN] [net.minecraft.client.resources.model.ModelBakery/]: Exception loading blockstate definition: 'oneironaut:blockstates/concept_decorator_color_gray.json' missing model for variant: 'oneironaut:concept_decorator_color_gray#facing=north'
[21Mar2026 17:49:08.330] [Worker-Main-18/WARN] [net.minecraft.client.resources.model.ModelBakery/]: Exception loading blockstate definition: 'oneironaut:blockstates/concept_decorator_color_gray.json' missing model for variant: 'oneironaut:concept_decorator_color_gray#facing=west'
[21Mar2026 17:49:08.330] [Worker-Main-18/WARN] [net.minecraft.client.resources.model.ModelBakery/]: Exception loading blockstate definition: 'oneironaut:blockstates/concept_decorator_color_gray.json' missing model for variant: 'oneironaut:concept_decorator_color_gray#facing=down'
[21Mar2026 17:49:08.330] [Worker-Main-18/WARN] [net.minecraft.client.resources.model.ModelBakery/]: Exception loading blockstate definition: 'oneironaut:blockstates/concept_decorator_color_gray.json' missing model for variant: 'oneironaut:concept_decorator_color_gray#facing=up'
[21Mar2026 17:49:08.330] [Worker-Main-18/WARN] [net.minecraft.client.resources.model.ModelBakery/]: Exception loading blockstate definition: 'oneironaut:blockstates/concept_decorator_color_gray.json' missing model for variant: 'oneironaut:concept_decorator_color_gray#facing=east'
[21Mar2026 17:49:08.330] [Worker-Main-18/WARN] [net.minecraft.client.resources.model.ModelBakery/]: Exception loading blockstate definition: 'oneironaut:blockstates/concept_decorator_color_gray.json' missing model for variant: 'oneironaut:concept_decorator_color_gray#facing=south'
[21Mar2026 17:49:08.330] [Worker-Main-18/WARN] [net.minecraft.client.resources.model.ModelBakery/]: Exception loading blockstate definition: 'oneironaut:blockstates/concept_decorator_color_light_gray.json' missing model for variant: 'oneironaut:concept_decorator_color_light_gray#facing=south'
[21Mar2026 17:49:08.330] [Worker-Main-18/WARN] [net.minecraft.client.resources.model.ModelBakery/]: Exception loading blockstate definition: 'oneironaut:blockstates/concept_decorator_color_light_gray.json' missing model for variant: 'oneironaut:concept_decorator_color_light_gray#facing=up'
[21Mar2026 17:49:08.330] [Worker-Main-18/WARN] [net.minecraft.client.resources.model.ModelBakery/]: Exception loading blockstate definition: 'oneironaut:blockstates/concept_decorator_color_light_gray.json' missing model for variant: 'oneironaut:concept_decorator_color_light_gray#facing=north'
[21Mar2026 17:49:08.330] [Worker-Main-18/WARN] [net.minecraft.client.resources.model.ModelBakery/]: Exception loading blockstate definition: 'oneironaut:blockstates/concept_decorator_color_light_gray.json' missing model for variant: 'oneironaut:concept_decorator_color_light_gray#facing=west'
[21Mar2026 17:49:08.331] [Worker-Main-18/WARN] [net.minecraft.client.resources.model.ModelBakery/]: Exception loading blockstate definition: 'oneironaut:blockstates/concept_decorator_color_light_gray.json' missing model for variant: 'oneironaut:concept_decorator_color_light_gray#facing=down'
[21Mar2026 17:49:08.331] [Worker-Main-18/WARN] [net.minecraft.client.resources.model.ModelBakery/]: Exception loading blockstate definition: 'oneironaut:blockstates/concept_decorator_color_light_gray.json' missing model for variant: 'oneironaut:concept_decorator_color_light_gray#facing=east'
[21Mar2026 17:49:08.331] [Worker-Main-18/WARN] [net.minecraft.client.resources.model.ModelBakery/]: Exception loading blockstate definition: 'oneironaut:blockstates/concept_decorator_color_cyan.json' missing model for variant: 'oneironaut:concept_decorator_color_cyan#facing=down'
[21Mar2026 17:49:08.331] [Worker-Main-18/WARN] [net.minecraft.client.resources.model.ModelBakery/]: Exception loading blockstate definition: 'oneironaut:blockstates/concept_decorator_color_cyan.json' missing model for variant: 'oneironaut:concept_decorator_color_cyan#facing=east'
[21Mar2026 17:49:08.331] [Worker-Main-18/WARN] [net.minecraft.client.resources.model.ModelBakery/]: Exception loading blockstate definition: 'oneironaut:blockstates/concept_decorator_color_cyan.json' missing model for variant: 'oneironaut:concept_decorator_color_cyan#facing=south'
[21Mar2026 17:49:08.331] [Worker-Main-18/WARN] [net.minecraft.client.resources.model.ModelBakery/]: Exception loading blockstate definition: 'oneironaut:blockstates/concept_decorator_color_cyan.json' missing model for variant: 'oneironaut:concept_decorator_color_cyan#facing=north'
[21Mar2026 17:49:08.331] [Worker-Main-18/WARN] [net.minecraft.client.resources.model.ModelBakery/]: Exception loading blockstate definition: 'oneironaut:blockstates/concept_decorator_color_cyan.json' missing model for variant: 'oneironaut:concept_decorator_color_cyan#facing=west'
[21Mar2026 17:49:08.331] [Worker-Main-18/WARN] [net.minecraft.client.resources.model.ModelBakery/]: Exception loading blockstate definition: 'oneironaut:blockstates/concept_decorator_color_cyan.json' missing model for variant: 'oneironaut:concept_decorator_color_cyan#facing=up'
[21Mar2026 17:49:08.331] [Worker-Main-18/WARN] [net.minecraft.client.resources.model.ModelBakery/]: Exception loading blockstate definition: 'oneironaut:blockstates/concept_decorator_color_purple.json' missing model for variant: 'oneironaut:concept_decorator_color_purple#facing=west'
[21Mar2026 17:49:08.331] [Worker-Main-18/WARN] [net.minecraft.client.resources.model.ModelBakery/]: Exception loading blockstate definition: 'oneironaut:blockstates/concept_decorator_color_purple.json' missing model for variant: 'oneironaut:concept_decorator_color_purple#facing=east'
[21Mar2026 17:49:08.331] [Worker-Main-18/WARN] [net.minecraft.client.resources.model.ModelBakery/]: Exception loading blockstate definition: 'oneironaut:blockstates/concept_decorator_color_purple.json' missing model for variant: 'oneironaut:concept_decorator_color_purple#facing=south'
[21Mar2026 17:49:08.331] [Worker-Main-18/WARN] [net.minecraft.client.resources.model.ModelBakery/]: Exception loading blockstate definition: 'oneironaut:blockstates/concept_decorator_color_purple.json' missing model for variant: 'oneironaut:concept_decorator_color_purple#facing=down'
[21Mar2026 17:49:08.331] [Worker-Main-18/WARN] [net.minecraft.client.resources.model.ModelBakery/]: Exception loading blockstate definition: 'oneironaut:blockstates/concept_decorator_color_purple.json' missing model for variant: 'oneironaut:concept_decorator_color_purple#facing=up'
[21Mar2026 17:49:08.331] [Worker-Main-18/WARN] [net.minecraft.client.resources.model.ModelBakery/]: Exception loading blockstate definition: 'oneironaut:blockstates/concept_decorator_color_purple.json' missing model for variant: 'oneironaut:concept_decorator_color_purple#facing=north'
[21Mar2026 17:49:08.331] [Worker-Main-18/WARN] [net.minecraft.client.resources.model.ModelBakery/]: Exception loading blockstate definition: 'oneironaut:blockstates/concept_decorator_color_blue.json' missing model for variant: 'oneironaut:concept_decorator_color_blue#facing=west'
[21Mar2026 17:49:08.331] [Worker-Main-18/WARN] [net.minecraft.client.resources.model.ModelBakery/]: Exception loading blockstate definition: 'oneironaut:blockstates/concept_decorator_color_blue.json' missing model for variant: 'oneironaut:concept_decorator_color_blue#facing=east'
[21Mar2026 17:49:08.331] [Worker-Main-18/WARN] [net.minecraft.client.resources.model.ModelBakery/]: Exception loading blockstate definition: 'oneironaut:blockstates/concept_decorator_color_blue.json' missing model for variant: 'oneironaut:concept_decorator_color_blue#facing=up'
[21Mar2026 17:49:08.331] [Worker-Main-18/WARN] [net.minecraft.client.resources.model.ModelBakery/]: Exception loading blockstate definition: 'oneironaut:blockstates/concept_decorator_color_blue.json' missing model for variant: 'oneironaut:concept_decorator_color_blue#facing=north'
[21Mar2026 17:49:08.331] [Worker-Main-18/WARN] [net.minecraft.client.resources.model.ModelBakery/]: Exception loading blockstate definition: 'oneironaut:blockstates/concept_decorator_color_blue.json' missing model for variant: 'oneironaut:concept_decorator_color_blue#facing=south'
[21Mar2026 17:49:08.331] [Worker-Main-18/WARN] [net.minecraft.client.resources.model.ModelBakery/]: Exception loading blockstate definition: 'oneironaut:blockstates/concept_decorator_color_blue.json' missing model for variant: 'oneironaut:concept_decorator_color_blue#facing=down'
[21Mar2026 17:49:08.331] [Worker-Main-18/WARN] [net.minecraft.client.resources.model.ModelBakery/]: Exception loading blockstate definition: 'oneironaut:blockstates/concept_decorator_color_brown.json' missing model for variant: 'oneironaut:concept_decorator_color_brown#facing=north'
[21Mar2026 17:49:08.331] [Worker-Main-18/WARN] [net.minecraft.client.resources.model.ModelBakery/]: Exception loading blockstate definition: 'oneironaut:blockstates/concept_decorator_color_brown.json' missing model for variant: 'oneironaut:concept_decorator_color_brown#facing=south'
[21Mar2026 17:49:08.331] [Worker-Main-18/WARN] [net.minecraft.client.resources.model.ModelBakery/]: Exception loading blockstate definition: 'oneironaut:blockstates/concept_decorator_color_brown.json' missing model for variant: 'oneironaut:concept_decorator_color_brown#facing=east'
[21Mar2026 17:49:08.331] [Worker-Main-18/WARN] [net.minecraft.client.resources.model.ModelBakery/]: Exception loading blockstate definition: 'oneironaut:blockstates/concept_decorator_color_brown.json' missing model for variant: 'oneironaut:concept_decorator_color_brown#facing=west'
[21Mar2026 17:49:08.331] [Worker-Main-18/WARN] [net.minecraft.client.resources.model.ModelBakery/]: Exception loading blockstate definition: 'oneironaut:blockstates/concept_decorator_color_brown.json' missing model for variant: 'oneironaut:concept_decorator_color_brown#facing=down'
[21Mar2026 17:49:08.331] [Worker-Main-18/WARN] [net.minecraft.client.resources.model.ModelBakery/]: Exception loading blockstate definition: 'oneironaut:blockstates/concept_decorator_color_brown.json' missing model for variant: 'oneironaut:concept_decorator_color_brown#facing=up'
[21Mar2026 17:49:08.331] [Worker-Main-18/WARN] [net.minecraft.client.resources.model.ModelBakery/]: Exception loading blockstate definition: 'oneironaut:blockstates/concept_decorator_color_green.json' missing model for variant: 'oneironaut:concept_decorator_color_green#facing=east'
[21Mar2026 17:49:08.331] [Worker-Main-18/WARN] [net.minecraft.client.resources.model.ModelBakery/]: Exception loading blockstate definition: 'oneironaut:blockstates/concept_decorator_color_green.json' missing model for variant: 'oneironaut:concept_decorator_color_green#facing=south'
[21Mar2026 17:49:08.331] [Worker-Main-18/WARN] [net.minecraft.client.resources.model.ModelBakery/]: Exception loading blockstate definition: 'oneironaut:blockstates/concept_decorator_color_green.json' missing model for variant: 'oneironaut:concept_decorator_color_green#facing=north'
[21Mar2026 17:49:08.331] [Worker-Main-18/WARN] [net.minecraft.client.resources.model.ModelBakery/]: Exception loading blockstate definition: 'oneironaut:blockstates/concept_decorator_color_green.json' missing model for variant: 'oneironaut:concept_decorator_color_green#facing=up'
[21Mar2026 17:49:08.331] [Worker-Main-18/WARN] [net.minecraft.client.resources.model.ModelBakery/]: Exception loading blockstate definition: 'oneironaut:blockstates/concept_decorator_color_green.json' missing model for variant: 'oneironaut:concept_decorator_color_green#facing=west'
[21Mar2026 17:49:08.331] [Worker-Main-18/WARN] [net.minecraft.client.resources.model.ModelBakery/]: Exception loading blockstate definition: 'oneironaut:blockstates/concept_decorator_color_green.json' missing model for variant: 'oneironaut:concept_decorator_color_green#facing=down'
[21Mar2026 17:49:08.331] [Worker-Main-18/WARN] [net.minecraft.client.resources.model.ModelBakery/]: Exception loading blockstate definition: 'oneironaut:blockstates/concept_decorator_color_red.json' missing model for variant: 'oneironaut:concept_decorator_color_red#facing=up'
[21Mar2026 17:49:08.331] [Worker-Main-18/WARN] [net.minecraft.client.resources.model.ModelBakery/]: Exception loading blockstate definition: 'oneironaut:blockstates/concept_decorator_color_red.json' missing model for variant: 'oneironaut:concept_decorator_color_red#facing=down'
[21Mar2026 17:49:08.331] [Worker-Main-18/WARN] [net.minecraft.client.resources.model.ModelBakery/]: Exception loading blockstate definition: 'oneironaut:blockstates/concept_decorator_color_red.json' missing model for variant: 'oneironaut:concept_decorator_color_red#facing=east'
[21Mar2026 17:49:08.331] [Worker-Main-18/WARN] [net.minecraft.client.resources.model.ModelBakery/]: Exception loading blockstate definition: 'oneironaut:blockstates/concept_decorator_color_red.json' missing model for variant: 'oneironaut:concept_decorator_color_red#facing=south'
[21Mar2026 17:49:08.331] [Worker-Main-18/WARN] [net.minecraft.client.resources.model.ModelBakery/]: Exception loading blockstate definition: 'oneironaut:blockstates/concept_decorator_color_red.json' missing model for variant: 'oneironaut:concept_decorator_color_red#facing=north'
[21Mar2026 17:49:08.331] [Worker-Main-18/WARN] [net.minecraft.client.resources.model.ModelBakery/]: Exception loading blockstate definition: 'oneironaut:blockstates/concept_decorator_color_red.json' missing model for variant: 'oneironaut:concept_decorator_color_red#facing=west'
[21Mar2026 17:49:08.331] [Worker-Main-18/WARN] [net.minecraft.client.resources.model.ModelBakery/]: Exception loading blockstate definition: 'oneironaut:blockstates/concept_decorator_color_black.json' missing model for variant: 'oneironaut:concept_decorator_color_black#facing=north'
[21Mar2026 17:49:08.331] [Worker-Main-18/WARN] [net.minecraft.client.resources.model.ModelBakery/]: Exception loading blockstate definition: 'oneironaut:blockstates/concept_decorator_color_black.json' missing model for variant: 'oneironaut:concept_decorator_color_black#facing=east'
[21Mar2026 17:49:08.331] [Worker-Main-18/WARN] [net.minecraft.client.resources.model.ModelBakery/]: Exception loading blockstate definition: 'oneironaut:blockstates/concept_decorator_color_black.json' missing model for variant: 'oneironaut:concept_decorator_color_black#facing=south'
[21Mar2026 17:49:08.331] [Worker-Main-18/WARN] [net.minecraft.client.resources.model.ModelBakery/]: Exception loading blockstate definition: 'oneironaut:blockstates/concept_decorator_color_black.json' missing model for variant: 'oneironaut:concept_decorator_color_black#facing=down'
[21Mar2026 17:49:08.331] [Worker-Main-18/WARN] [net.minecraft.client.resources.model.ModelBakery/]: Exception loading blockstate definition: 'oneironaut:blockstates/concept_decorator_color_black.json' missing model for variant: 'oneironaut:concept_decorator_color_black#facing=up'
[21Mar2026 17:49:08.331] [Worker-Main-18/WARN] [net.minecraft.client.resources.model.ModelBakery/]: Exception loading blockstate definition: 'oneironaut:blockstates/concept_decorator_color_black.json' missing model for variant: 'oneironaut:concept_decorator_color_black#facing=west'
[21Mar2026 17:49:08.331] [Worker-Main-18/WARN] [net.minecraft.client.resources.model.ModelBakery/]: Exception loading blockstate definition: 'oneironaut:blockstates/transformingskull.json' missing model for variant: 'oneironaut:transformingskull#rotation=0'
[21Mar2026 17:49:08.331] [Worker-Main-18/WARN] [net.minecraft.client.resources.model.ModelBakery/]: Exception loading blockstate definition: 'oneironaut:blockstates/transformingskull.json' missing model for variant: 'oneironaut:transformingskull#rotation=1'
[21Mar2026 17:49:08.331] [Worker-Main-18/WARN] [net.minecraft.client.resources.model.ModelBakery/]: Exception loading blockstate definition: 'oneironaut:blockstates/transformingskull.json' missing model for variant: 'oneironaut:transformingskull#rotation=2'
[21Mar2026 17:49:08.331] [Worker-Main-18/WARN] [net.minecraft.client.resources.model.ModelBakery/]: Exception loading blockstate definition: 'oneironaut:blockstates/transformingskull.json' missing model for variant: 'oneironaut:transformingskull#rotation=3'
[21Mar2026 17:49:08.331] [Worker-Main-18/WARN] [net.minecraft.client.resources.model.ModelBakery/]: Exception loading blockstate definition: 'oneironaut:blockstates/transformingskull.json' missing model for variant: 'oneironaut:transformingskull#rotation=10'
[21Mar2026 17:49:08.331] [Worker-Main-18/WARN] [net.minecraft.client.resources.model.ModelBakery/]: Exception loading blockstate definition: 'oneironaut:blockstates/transformingskull.json' missing model for variant: 'oneironaut:transformingskull#rotation=11'
[21Mar2026 17:49:08.331] [Worker-Main-18/WARN] [net.minecraft.client.resources.model.ModelBakery/]: Exception loading blockstate definition: 'oneironaut:blockstates/transformingskull.json' missing model for variant: 'oneironaut:transformingskull#rotation=12'
[21Mar2026 17:49:08.332] [Worker-Main-18/WARN] [net.minecraft.client.resources.model.ModelBakery/]: Exception loading blockstate definition: 'oneironaut:blockstates/transformingskull.json' missing model for variant: 'oneironaut:transformingskull#rotation=13'
[21Mar2026 17:49:08.332] [Worker-Main-18/WARN] [net.minecraft.client.resources.model.ModelBakery/]: Exception loading blockstate definition: 'oneironaut:blockstates/transformingskull.json' missing model for variant: 'oneironaut:transformingskull#rotation=14'
[21Mar2026 17:49:08.332] [Worker-Main-18/WARN] [net.minecraft.client.resources.model.ModelBakery/]: Exception loading blockstate definition: 'oneironaut:blockstates/transformingskull.json' missing model for variant: 'oneironaut:transformingskull#rotation=15'
[21Mar2026 17:49:08.332] [Worker-Main-18/WARN] [net.minecraft.client.resources.model.ModelBakery/]: Exception loading blockstate definition: 'oneironaut:blockstates/transformingskull.json' missing model for variant: 'oneironaut:transformingskull#rotation=4'
[21Mar2026 17:49:08.332] [Worker-Main-18/WARN] [net.minecraft.client.resources.model.ModelBakery/]: Exception loading blockstate definition: 'oneironaut:blockstates/transformingskull.json' missing model for variant: 'oneironaut:transformingskull#rotation=5'
[21Mar2026 17:49:08.332] [Worker-Main-18/WARN] [net.minecraft.client.resources.model.ModelBakery/]: Exception loading blockstate definition: 'oneironaut:blockstates/transformingskull.json' missing model for variant: 'oneironaut:transformingskull#rotation=6'
[21Mar2026 17:49:08.332] [Worker-Main-18/WARN] [net.minecraft.client.resources.model.ModelBakery/]: Exception loading blockstate definition: 'oneironaut:blockstates/transformingskull.json' missing model for variant: 'oneironaut:transformingskull#rotation=7'
[21Mar2026 17:49:08.332] [Worker-Main-18/WARN] [net.minecraft.client.resources.model.ModelBakery/]: Exception loading blockstate definition: 'oneironaut:blockstates/transformingskull.json' missing model for variant: 'oneironaut:transformingskull#rotation=8'
[21Mar2026 17:49:08.332] [Worker-Main-18/WARN] [net.minecraft.client.resources.model.ModelBakery/]: Exception loading blockstate definition: 'oneironaut:blockstates/transformingskull.json' missing model for variant: 'oneironaut:transformingskull#rotation=9'
[21Mar2026 17:49:08.332] [Worker-Main-18/WARN] [net.minecraft.client.resources.model.ModelBakery/]: Exception loading blockstate definition: 'oneironaut:blockstates/transformingskull_wall.json' missing model for variant: 'oneironaut:transformingskull_wall#facing=east'
[21Mar2026 17:49:08.332] [Worker-Main-18/WARN] [net.minecraft.client.resources.model.ModelBakery/]: Exception loading blockstate definition: 'oneironaut:blockstates/transformingskull_wall.json' missing model for variant: 'oneironaut:transformingskull_wall#facing=north'
[21Mar2026 17:49:08.332] [Worker-Main-18/WARN] [net.minecraft.client.resources.model.ModelBakery/]: Exception loading blockstate definition: 'oneironaut:blockstates/transformingskull_wall.json' missing model for variant: 'oneironaut:transformingskull_wall#facing=south'
[21Mar2026 17:49:08.332] [Worker-Main-18/WARN] [net.minecraft.client.resources.model.ModelBakery/]: Exception loading blockstate definition: 'oneironaut:blockstates/transformingskull_wall.json' missing model for variant: 'oneironaut:transformingskull_wall#facing=west'
[21Mar2026 17:49:08.332] [Worker-Main-18/WARN] [net.minecraft.client.resources.model.ModelBakery/]: Exception loading blockstate definition: 'oneironaut:blockstates/rift_residue.json' missing model for variant: 'oneironaut:rift_residue#'
[21Mar2026 17:49:08.340] [Worker-Main-18/WARN] [net.minecraft.client.resources.model.ModelBakery/]: Unable to load model: 'hexcasting:item/bosnia_staff' referenced from: oneironaut:echo_staff#inventory: java.io.FileNotFoundException: hexcasting:models/item/bosnia_staff.json
[21Mar2026 17:49:08.340] [Worker-Main-18/WARN] [net.minecraft.client.resources.model.ModelBakery/]: Unable to load model: 'oneironaut:pigment_clock#inventory' referenced from: oneironaut:pigment_clock#inventory: java.io.FileNotFoundException: oneironaut:models/item/pigment_clock.json
[21Mar2026 17:49:08.340] [Worker-Main-18/WARN] [net.minecraft.client.resources.model.ModelBakery/]: Unable to load model: 'oneironaut:rift_residue#inventory' referenced from: oneironaut:rift_residue#inventory: java.io.FileNotFoundException: oneironaut:models/item/rift_residue.json
[21Mar2026 17:49:08.340] [Worker-Main-18/WARN] [net.minecraft.client.resources.model.ModelBakery/]: Unable to load model: 'oneironaut:insubstantial_pseudoamethyst_block#inventory' referenced from: oneironaut:insubstantial_pseudoamethyst_block#inventory: java.io.FileNotFoundException: oneironaut:models/item/insubstantial_pseudoamethyst_block.json
[21Mar2026 17:49:08.340] [Worker-Main-18/WARN] [net.minecraft.client.resources.model.ModelBakery/]: Unable to load model: 'oneironaut:inactiveslipway#inventory' referenced from: oneironaut:inactiveslipway#inventory: java.io.FileNotFoundException: oneironaut:models/item/inactiveslipway.json
[21Mar2026 17:49:08.340] [Worker-Main-18/WARN] [net.minecraft.client.resources.model.ModelBakery/]: Unable to load model: 'oneironaut:rift_residue_dropper#inventory' referenced from: oneironaut:rift_residue_dropper#inventory: java.io.FileNotFoundException: oneironaut:models/item/rift_residue_dropper.json
[21Mar2026 17:49:08.340] [Worker-Main-18/WARN] [net.minecraft.client.resources.model.ModelBakery/]: Unable to load model: 'oneironaut:concept_core#inventory' referenced from: oneironaut:concept_core#inventory: java.io.FileNotFoundException: oneironaut:models/item/concept_core.json
[21Mar2026 17:49:08.340] [Worker-Main-18/WARN] [net.minecraft.client.resources.model.ModelBakery/]: Unable to load model: 'oneironaut:concept_connector#inventory' referenced from: oneironaut:concept_connector#inventory: java.io.FileNotFoundException: oneironaut:models/item/concept_connector.json
[21Mar2026 17:49:08.900] [modloading-worker-0/DEBUG] [net.minecraftforge.registries.GameData/REGISTRIES]: Freezing registries
[21Mar2026 17:49:08.901] [modloading-worker-0/DEBUG] [net.minecraftforge.registries.ForgeRegistry/REGISTRIES]: Registry minecraft:block Sync: FROZEN -> ACTIVE
[21Mar2026 17:49:08.906] [modloading-worker-0/DEBUG] [net.minecraftforge.registries.ForgeRegistry/REGISTRIES]: Registry minecraft:fluid Sync: FROZEN -> ACTIVE
[21Mar2026 17:49:08.906] [modloading-worker-0/DEBUG] [net.minecraftforge.registries.ForgeRegistry/REGISTRIES]: Registry minecraft:item Sync: FROZEN -> ACTIVE
[21Mar2026 17:49:08.911] [modloading-worker-0/DEBUG] [net.minecraftforge.registries.ForgeRegistry/REGISTRIES]: Registry minecraft:mob_effect Sync: FROZEN -> ACTIVE
[21Mar2026 17:49:08.911] [modloading-worker-0/DEBUG] [net.minecraftforge.registries.ForgeRegistry/REGISTRIES]: Registry minecraft:sound_event Sync: FROZEN -> ACTIVE
[21Mar2026 17:49:08.915] [modloading-worker-0/DEBUG] [net.minecraftforge.registries.ForgeRegistry/REGISTRIES]: Registry minecraft:potion Sync: FROZEN -> ACTIVE
[21Mar2026 17:49:08.915] [modloading-worker-0/DEBUG] [net.minecraftforge.registries.ForgeRegistry/REGISTRIES]: Registry minecraft:enchantment Sync: FROZEN -> ACTIVE
[21Mar2026 17:49:08.915] [modloading-worker-0/DEBUG] [net.minecraftforge.registries.ForgeRegistry/REGISTRIES]: Registry minecraft:entity_type Sync: FROZEN -> ACTIVE
[21Mar2026 17:49:08.916] [modloading-worker-0/DEBUG] [net.minecraftforge.registries.ForgeRegistry/REGISTRIES]: Registry minecraft:block_entity_type Sync: FROZEN -> ACTIVE
[21Mar2026 17:49:08.916] [modloading-worker-0/DEBUG] [net.minecraftforge.registries.ForgeRegistry/REGISTRIES]: Registry minecraft:particle_type Sync: FROZEN -> ACTIVE
[21Mar2026 17:49:08.916] [modloading-worker-0/DEBUG] [net.minecraftforge.registries.ForgeRegistry/REGISTRIES]: Registry minecraft:menu Sync: FROZEN -> ACTIVE
[21Mar2026 17:49:08.916] [modloading-worker-0/DEBUG] [net.minecraftforge.registries.ForgeRegistry/REGISTRIES]: Registry minecraft:painting_variant Sync: FROZEN -> ACTIVE
[21Mar2026 17:49:08.917] [modloading-worker-0/DEBUG] [net.minecraftforge.registries.ForgeRegistry/REGISTRIES]: Registry minecraft:recipe_type Sync: FROZEN -> ACTIVE
[21Mar2026 17:49:08.917] [modloading-worker-0/DEBUG] [net.minecraftforge.registries.ForgeRegistry/REGISTRIES]: Registry minecraft:recipe_serializer Sync: FROZEN -> ACTIVE
[21Mar2026 17:49:08.917] [modloading-worker-0/DEBUG] [net.minecraftforge.registries.ForgeRegistry/REGISTRIES]: Registry minecraft:attribute Sync: FROZEN -> ACTIVE
[21Mar2026 17:49:08.917] [modloading-worker-0/DEBUG] [net.minecraftforge.registries.ForgeRegistry/REGISTRIES]: Registry minecraft:stat_type Sync: FROZEN -> ACTIVE
[21Mar2026 17:49:08.917] [modloading-worker-0/DEBUG] [net.minecraftforge.registries.ForgeRegistry/REGISTRIES]: Registry minecraft:command_argument_type Sync: FROZEN -> ACTIVE
[21Mar2026 17:49:08.917] [modloading-worker-0/DEBUG] [net.minecraftforge.registries.ForgeRegistry/REGISTRIES]: Registry minecraft:villager_profession Sync: FROZEN -> ACTIVE
[21Mar2026 17:49:08.917] [modloading-worker-0/DEBUG] [net.minecraftforge.registries.ForgeRegistry/REGISTRIES]: Registry minecraft:point_of_interest_type Sync: FROZEN -> ACTIVE
[21Mar2026 17:49:08.918] [modloading-worker-0/DEBUG] [net.minecraftforge.registries.ForgeRegistry/REGISTRIES]: Registry minecraft:memory_module_type Sync: FROZEN -> ACTIVE
[21Mar2026 17:49:08.918] [modloading-worker-0/DEBUG] [net.minecraftforge.registries.ForgeRegistry/REGISTRIES]: Registry minecraft:sensor_type Sync: FROZEN -> ACTIVE
[21Mar2026 17:49:08.919] [modloading-worker-0/DEBUG] [net.minecraftforge.registries.ForgeRegistry/REGISTRIES]: Registry minecraft:schedule Sync: FROZEN -> ACTIVE
[21Mar2026 17:49:08.919] [modloading-worker-0/DEBUG] [net.minecraftforge.registries.ForgeRegistry/REGISTRIES]: Registry minecraft:activity Sync: FROZEN -> ACTIVE
[21Mar2026 17:49:08.919] [modloading-worker-0/DEBUG] [net.minecraftforge.registries.ForgeRegistry/REGISTRIES]: Registry minecraft:worldgen/carver Sync: FROZEN -> ACTIVE
[21Mar2026 17:49:08.919] [modloading-worker-0/DEBUG] [net.minecraftforge.registries.ForgeRegistry/REGISTRIES]: Registry minecraft:worldgen/feature Sync: FROZEN -> ACTIVE
[21Mar2026 17:49:08.919] [modloading-worker-0/DEBUG] [net.minecraftforge.registries.ForgeRegistry/REGISTRIES]: Registry minecraft:chunk_status Sync: FROZEN -> ACTIVE
[21Mar2026 17:49:08.919] [modloading-worker-0/DEBUG] [net.minecraftforge.registries.ForgeRegistry/REGISTRIES]: Registry minecraft:worldgen/block_state_provider_type Sync: FROZEN -> ACTIVE
[21Mar2026 17:49:08.919] [modloading-worker-0/DEBUG] [net.minecraftforge.registries.ForgeRegistry/REGISTRIES]: Registry minecraft:worldgen/foliage_placer_type Sync: FROZEN -> ACTIVE
[21Mar2026 17:49:08.919] [modloading-worker-0/DEBUG] [net.minecraftforge.registries.ForgeRegistry/REGISTRIES]: Registry minecraft:worldgen/tree_decorator_type Sync: FROZEN -> ACTIVE
[21Mar2026 17:49:08.919] [modloading-worker-0/DEBUG] [net.minecraftforge.registries.ForgeRegistry/REGISTRIES]: Registry minecraft:worldgen/biome Sync: FROZEN -> ACTIVE
[21Mar2026 17:49:08.919] [modloading-worker-0/DEBUG] [net.minecraftforge.registries.ForgeRegistry/REGISTRIES]: Registry forge:entity_data_serializers Sync: FROZEN -> ACTIVE
[21Mar2026 17:49:08.919] [modloading-worker-0/DEBUG] [net.minecraftforge.registries.ForgeRegistry/REGISTRIES]: Registry forge:global_loot_modifier_serializers Sync: FROZEN -> ACTIVE
[21Mar2026 17:49:08.919] [modloading-worker-0/DEBUG] [net.minecraftforge.registries.ForgeRegistry/REGISTRIES]: Registry forge:biome_modifier_serializers Sync: FROZEN -> ACTIVE
[21Mar2026 17:49:08.919] [modloading-worker-0/DEBUG] [net.minecraftforge.registries.ForgeRegistry/REGISTRIES]: Registry forge:fluid_type Sync: FROZEN -> ACTIVE
[21Mar2026 17:49:08.919] [modloading-worker-0/DEBUG] [net.minecraftforge.registries.ForgeRegistry/REGISTRIES]: Registry forge:structure_modifier_serializers Sync: FROZEN -> ACTIVE
[21Mar2026 17:49:08.919] [modloading-worker-0/DEBUG] [net.minecraftforge.registries.ForgeRegistry/REGISTRIES]: Registry forge:holder_set_type Sync: FROZEN -> ACTIVE
[21Mar2026 17:49:08.919] [modloading-worker-0/DEBUG] [net.minecraftforge.registries.ForgeRegistry/REGISTRIES]: Registry forge:display_contexts Sync: FROZEN -> ACTIVE
[21Mar2026 17:49:08.956] [Forge Version Check/DEBUG] [net.minecraftforge.fml.VersionChecker/]: [forge] Received version check data:
{
  "homepage": "https://files.minecraftforge.net/net/minecraftforge/forge/",
  "promos": {
    "1.1-latest": "1.3.4.29",
    "1.2.3-latest": "1.4.1.64",
    "1.2.4-latest": "2.0.0.68",
    "1.2.5-latest": "3.4.9.171",
    "1.3.2-latest": "4.3.5.318",
    "1.4.0-latest": "5.0.0.326",
    "1.4.1-latest": "6.0.0.329",
    "1.4.2-latest": "6.0.1.355",
    "1.4.3-latest": "6.2.1.358",
    "1.4.4-latest": "6.3.0.378",
    "1.4.5-latest": "6.4.2.448",
    "1.4.6-latest": "6.5.0.489",
    "1.4.7-latest": "6.6.2.534",
    "1.5-latest": "7.7.0.598",
    "1.5.1-latest": "7.7.2.682",
    "1.5.2-latest": "7.8.1.738",
    "1.5.2-recommended": "7.8.1.738",
    "1.6.1-latest": "8.9.0.775",
    "1.6.2-latest": "9.10.1.871",
    "1.6.2-recommended": "9.10.1.871",
    "1.6.3-latest": "9.11.0.878",
    "1.6.4-latest": "9.11.1.1345",
    "1.6.4-recommended": "9.11.1.1345",
    "1.7.2-latest": "10.12.2.1161",
    "1.7.2-recommended": "10.12.2.1161",
    "1.7.10-latest": "10.13.4.1614",
    "1.7.10-recommended": "10.13.4.1614",
    "1.8-latest": "11.14.4.1577",
    "1.8-recommended": "11.14.4.1563",
    "1.8.8-latest": "11.15.0.1655",
    "1.8.9-latest": "11.15.1.2318",
    "1.8.9-recommended": "11.15.1.2318",
    "1.9-latest": "12.16.1.1938",
    "1.9-recommended": "12.16.1.1887",
    "1.9.4-latest": "12.17.0.2317",
    "1.9.4-recommended": "12.17.0.2317",
    "1.10-latest": "12.18.0.2000",
    "1.10.2-latest": "12.18.3.2511",
    "1.10.2-recommended": "12.18.3.2511",
    "1.11-latest": "13.19.1.2199",
    "1.11-recommended": "13.19.1.2189",
    "1.11.2-latest": "13.20.1.2588",
    "1.11.2-recommended": "13.20.1.2588",
    "1.12-latest": "14.21.1.2443",
    "1.12-recommended": "14.21.1.2387",
    "1.12.1-latest": "14.22.1.2485",
    "1.12.1-recommended": "14.22.1.2478",
    "1.12.2-latest": "14.23.5.2864",
    "1.12.2-recommended": "14.23.5.2859",
    "1.13.2-latest": "25.0.223",
    "1.14.2-latest": "26.0.63",
    "1.14.3-latest": "27.0.60",
    "1.14.4-latest": "28.2.28",
    "1.14.4-recommended": "28.2.26",
    "1.15-latest": "29.0.4",
    "1.15.1-latest": "30.0.51",
    "1.15.2-latest": "31.2.60",
    "1.15.2-recommended": "31.2.57",
    "1.16.1-latest": "32.0.108",
    "1.16.2-latest": "33.0.61",
    "1.16.3-latest": "34.1.42",
    "1.16.3-recommended": "34.1.0",
    "1.16.4-latest": "35.1.37",
    "1.16.4-recommended": "35.1.4",
    "1.16.5-latest": "36.2.42",
    "1.16.5-recommended": "36.2.34",
    "1.17.1-latest": "37.1.1",
    "1.17.1-recommended": "37.1.1",
    "1.18-latest": "38.0.17",
    "1.18.1-latest": "39.1.2",
    "1.18.1-recommended": "39.1.0",
    "1.18.2-recommended": "40.3.0",
    "1.18.2-latest": "40.3.12",
    "1.19-latest": "41.1.0",
    "1.19-recommended": "41.1.0",
    "1.19.1-latest": "42.0.9",
    "1.19.2-recommended": "43.5.0",
    "1.19.2-latest": "43.5.2",
    "1.19.3-latest": "44.1.23",
    "1.19.3-recommended": "44.1.0",
    "1.19.4-recommended": "45.4.0",
    "1.19.4-latest": "45.4.3",
    "1.20-latest": "46.0.14",
    "1.20.1-recommended": "47.4.10",
    "1.20.1-latest": "47.4.18",
    "1.20.2-latest": "48.1.0",
    "1.20.2-recommended": "48.1.0",
    "1.20.3-latest": "49.0.2",
    "1.20.4-latest": "49.2.6",
    "1.20.4-recommended": "49.2.0",
    "1.20.6-latest": "50.2.7",
    "1.20.6-recommended": "50.2.0",
    "1.21-latest": "51.0.33",
    "1.21.1-latest": "52.1.13",
    "1.21.1-recommended": "52.1.0",
    "1.21.3-latest": "53.1.10",
    "1.21.3-recommended": "53.1.0",
    "1.21.4-latest": "54.1.15",
    "1.21.4-recommended": "54.1.0",
    "1.21.5-latest": "55.1.9",
    "1.21.5-recommended": "55.1.0",
    "1.21.6-latest": "56.0.9",
    "1.21.7-latest": "57.0.3",
    "1.21.8-latest": "58.1.17",
    "1.21.8-recommended": "58.1.0",
    "1.21.9-latest": "59.0.5",
    "1.21.10-latest": "60.1.9",
    "1.21.10-recommended": "60.1.0",
    "1.21.11-latest": "61.1.4",
    "1.21.11-recommended": "61.1.0"
  }
}
[21Mar2026 17:49:08.957] [Forge Version Check/INFO] [net.minecraftforge.fml.VersionChecker/]: [forge] Found status: OUTDATED Current: 47.4.15 Target: 47.4.18
[21Mar2026 17:49:09.430] [modloading-worker-0/DEBUG] [net.minecraftforge.registries.GameData/REGISTRIES]: All registries frozen
[21Mar2026 17:49:09.472] [Render thread/DEBUG] [net.minecraftforge.common.ForgeI18n/CORE]: Loading I18N data entries: 8853
[21Mar2026 17:49:09.496] [Render thread/WARN] [net.minecraft.client.sounds.SoundEngine/]: Missing sound for event: minecraft:item.goat_horn.play
[21Mar2026 17:49:09.496] [Render thread/WARN] [net.minecraft.client.sounds.SoundEngine/]: Missing sound for event: minecraft:entity.goat.screaming.horn_break
[21Mar2026 17:49:09.496] [Render thread/WARN] [net.minecraft.client.sounds.SoundEngine/]: Missing sound for event: paucal:dummy_headpat
[21Mar2026 17:49:09.695] [Render thread/INFO] [com.mojang.blaze3d.audio.Library/]: OpenAL initialized on device OpenAL Soft on Speakers (Realtek(R) Audio)
[21Mar2026 17:49:09.696] [Render thread/INFO] [net.minecraft.client.sounds.SoundEngine/SOUNDS]: Sound engine started
[21Mar2026 17:49:09.757] [Render thread/INFO] [net.minecraft.client.renderer.texture.TextureAtlas/]: Created: 1024x1024x4 minecraft:textures/atlas/blocks.png-atlas
[21Mar2026 17:49:09.764] [Render thread/INFO] [net.minecraft.client.renderer.texture.TextureAtlas/]: Created: 256x256x4 minecraft:textures/atlas/signs.png-atlas
[21Mar2026 17:49:09.765] [Render thread/INFO] [net.minecraft.client.renderer.texture.TextureAtlas/]: Created: 512x512x4 minecraft:textures/atlas/banner_patterns.png-atlas
[21Mar2026 17:49:09.765] [Render thread/INFO] [net.minecraft.client.renderer.texture.TextureAtlas/]: Created: 512x512x4 minecraft:textures/atlas/shield_patterns.png-atlas
[21Mar2026 17:49:09.766] [Render thread/INFO] [net.minecraft.client.renderer.texture.TextureAtlas/]: Created: 1024x1024x4 minecraft:textures/atlas/armor_trims.png-atlas
[21Mar2026 17:49:09.768] [Render thread/INFO] [net.minecraft.client.renderer.texture.TextureAtlas/]: Created: 256x256x4 minecraft:textures/atlas/chest.png-atlas
[21Mar2026 17:49:09.768] [Render thread/INFO] [net.minecraft.client.renderer.texture.TextureAtlas/]: Created: 128x64x4 minecraft:textures/atlas/decorated_pot.png-atlas
[21Mar2026 17:49:09.769] [Render thread/INFO] [net.minecraft.client.renderer.texture.TextureAtlas/]: Created: 512x256x4 minecraft:textures/atlas/beds.png-atlas
[21Mar2026 17:49:09.769] [Render thread/INFO] [net.minecraft.client.renderer.texture.TextureAtlas/]: Created: 512x256x4 minecraft:textures/atlas/shulker_boxes.png-atlas
[21Mar2026 17:49:09.831] [Render thread/DEBUG] [mixin/]: Mixing MixinCapeLayer from caelus.mixins.json into net.minecraft.client.renderer.entity.layers.CapeLayer
[21Mar2026 17:49:10.015] [Render thread/WARN] [net.minecraft.client.renderer.ShaderInstance/]: Shader rendertype_entity_translucent_emissive could not find sampler named Sampler2 in the specified shader program.
[21Mar2026 17:49:10.276] [Render thread/INFO] [net.minecraft.client.renderer.texture.TextureAtlas/]: Created: 256x256x0 minecraft:textures/atlas/particles.png-atlas
[21Mar2026 17:49:10.277] [Render thread/INFO] [net.minecraft.client.renderer.texture.TextureAtlas/]: Created: 256x256x0 minecraft:textures/atlas/paintings.png-atlas
[21Mar2026 17:49:10.278] [Render thread/INFO] [net.minecraft.client.renderer.texture.TextureAtlas/]: Created: 256x128x0 minecraft:textures/atlas/mob_effects.png-atlas
[21Mar2026 17:49:10.279] [Render thread/INFO] [patchouli/]: BookContentResourceListenerLoader preloaded 143 jsons
[21Mar2026 17:49:10.279] [Render thread/INFO] [patchouli/]: Not reloading resource pack-based books as client world is missing
[21Mar2026 17:49:10.291] [Render thread/DEBUG] [mixin/]: Mixing core.MixinInlineParsing from inline-common.mixins.json into net.minecraft.util.StringDecomposer
[21Mar2026 17:49:10.889] [Realms Notification Availability checker #1/INFO] [com.mojang.realmsclient.client.RealmsClient/]: Could not authorize you against Realms server: java.lang.RuntimeException: Failed to parse into SignedJWT: 0
[21Mar2026 17:49:11.199] [PAUCAL Contributors Loading Thread/INFO] [paucal/]: Loaded 82 contributors and 7 headpat sounds from Github
[21Mar2026 17:49:12.320] [Render thread/DEBUG] [mixin/]: Mixing core.MixinInlineRendering from inline-common.mixins.json into net.minecraft.client.gui.Font$StringRenderOutput
[21Mar2026 17:50:06.948] [Render thread/WARN] [net.minecraftforge.common.ForgeHooks/WP]: The following mods have version differences that were not resolved:
oneironaut (version 1.0.3 -> 1.0.4)
Things may not work well.
[21Mar2026 17:50:06.957] [Render thread/INFO] [net.minecraftforge.registries.GameData/REGISTRIES]: Injecting existing registry data into this CLIENT instance
[21Mar2026 17:50:06.992] [Render thread/DEBUG] [net.minecraftforge.registries.ForgeRegistry/REGISTRIES]: Registry minecraft:block Sync: ACTIVE -> STAGING
[21Mar2026 17:50:06.996] [Render thread/DEBUG] [net.minecraftforge.registries.ForgeRegistry/REGISTRIES]: Registry minecraft:fluid Sync: ACTIVE -> STAGING
[21Mar2026 17:50:06.996] [Render thread/DEBUG] [net.minecraftforge.registries.ForgeRegistry/REGISTRIES]: Registry minecraft:item Sync: ACTIVE -> STAGING
[21Mar2026 17:50:06.999] [Render thread/DEBUG] [net.minecraftforge.registries.ForgeRegistry/REGISTRIES]: Registry minecraft:mob_effect Sync: ACTIVE -> STAGING
[21Mar2026 17:50:06.999] [Render thread/DEBUG] [net.minecraftforge.registries.ForgeRegistry/REGISTRIES]: Registry minecraft:sound_event Sync: ACTIVE -> STAGING
[21Mar2026 17:50:07.002] [Render thread/DEBUG] [net.minecraftforge.registries.ForgeRegistry/REGISTRIES]: Registry minecraft:potion Sync: ACTIVE -> STAGING
[21Mar2026 17:50:07.002] [Render thread/DEBUG] [net.minecraftforge.registries.ForgeRegistry/REGISTRIES]: Registry minecraft:enchantment Sync: ACTIVE -> STAGING
[21Mar2026 17:50:07.002] [Render thread/DEBUG] [net.minecraftforge.registries.ForgeRegistry/REGISTRIES]: Registry minecraft:entity_type Sync: ACTIVE -> STAGING
[21Mar2026 17:50:07.002] [Render thread/DEBUG] [net.minecraftforge.registries.ForgeRegistry/REGISTRIES]: Registry minecraft:block_entity_type Sync: ACTIVE -> STAGING
[21Mar2026 17:50:07.003] [Render thread/DEBUG] [net.minecraftforge.registries.ForgeRegistry/REGISTRIES]: Registry minecraft:particle_type Sync: ACTIVE -> STAGING
[21Mar2026 17:50:07.003] [Render thread/DEBUG] [net.minecraftforge.registries.ForgeRegistry/REGISTRIES]: Registry minecraft:menu Sync: ACTIVE -> STAGING
[21Mar2026 17:50:07.003] [Render thread/DEBUG] [net.minecraftforge.registries.ForgeRegistry/REGISTRIES]: Registry minecraft:painting_variant Sync: ACTIVE -> STAGING
[21Mar2026 17:50:07.003] [Render thread/DEBUG] [net.minecraftforge.registries.ForgeRegistry/REGISTRIES]: Registry minecraft:recipe_type Sync: ACTIVE -> STAGING
[21Mar2026 17:50:07.003] [Render thread/DEBUG] [net.minecraftforge.registries.ForgeRegistry/REGISTRIES]: Registry minecraft:recipe_serializer Sync: ACTIVE -> STAGING
[21Mar2026 17:50:07.003] [Render thread/DEBUG] [net.minecraftforge.registries.ForgeRegistry/REGISTRIES]: Registry minecraft:attribute Sync: ACTIVE -> STAGING
[21Mar2026 17:50:07.003] [Render thread/DEBUG] [net.minecraftforge.registries.ForgeRegistry/REGISTRIES]: Registry minecraft:stat_type Sync: ACTIVE -> STAGING
[21Mar2026 17:50:07.003] [Render thread/DEBUG] [net.minecraftforge.registries.ForgeRegistry/REGISTRIES]: Registry minecraft:command_argument_type Sync: ACTIVE -> STAGING
[21Mar2026 17:50:07.003] [Render thread/DEBUG] [net.minecraftforge.registries.ForgeRegistry/REGISTRIES]: Registry minecraft:villager_profession Sync: ACTIVE -> STAGING
[21Mar2026 17:50:07.003] [Render thread/DEBUG] [net.minecraftforge.registries.ForgeRegistry/REGISTRIES]: Registry minecraft:point_of_interest_type Sync: ACTIVE -> STAGING
[21Mar2026 17:50:07.004] [Render thread/DEBUG] [net.minecraftforge.registries.ForgeRegistry/REGISTRIES]: Registry minecraft:memory_module_type Sync: ACTIVE -> STAGING
[21Mar2026 17:50:07.004] [Render thread/DEBUG] [net.minecraftforge.registries.ForgeRegistry/REGISTRIES]: Registry minecraft:sensor_type Sync: ACTIVE -> STAGING
[21Mar2026 17:50:07.004] [Render thread/DEBUG] [net.minecraftforge.registries.ForgeRegistry/REGISTRIES]: Registry minecraft:schedule Sync: ACTIVE -> STAGING
[21Mar2026 17:50:07.004] [Render thread/DEBUG] [net.minecraftforge.registries.ForgeRegistry/REGISTRIES]: Registry minecraft:activity Sync: ACTIVE -> STAGING
[21Mar2026 17:50:07.004] [Render thread/DEBUG] [net.minecraftforge.registries.ForgeRegistry/REGISTRIES]: Registry minecraft:worldgen/carver Sync: ACTIVE -> STAGING
[21Mar2026 17:50:07.004] [Render thread/DEBUG] [net.minecraftforge.registries.ForgeRegistry/REGISTRIES]: Registry minecraft:worldgen/feature Sync: ACTIVE -> STAGING
[21Mar2026 17:50:07.004] [Render thread/DEBUG] [net.minecraftforge.registries.ForgeRegistry/REGISTRIES]: Registry minecraft:chunk_status Sync: ACTIVE -> STAGING
[21Mar2026 17:50:07.004] [Render thread/DEBUG] [net.minecraftforge.registries.ForgeRegistry/REGISTRIES]: Registry minecraft:worldgen/block_state_provider_type Sync: ACTIVE -> STAGING
[21Mar2026 17:50:07.004] [Render thread/DEBUG] [net.minecraftforge.registries.ForgeRegistry/REGISTRIES]: Registry minecraft:worldgen/foliage_placer_type Sync: ACTIVE -> STAGING
[21Mar2026 17:50:07.004] [Render thread/DEBUG] [net.minecraftforge.registries.ForgeRegistry/REGISTRIES]: Registry minecraft:worldgen/tree_decorator_type Sync: ACTIVE -> STAGING
[21Mar2026 17:50:07.004] [Render thread/DEBUG] [net.minecraftforge.registries.ForgeRegistry/REGISTRIES]: Registry minecraft:worldgen/biome Sync: ACTIVE -> STAGING
[21Mar2026 17:50:07.004] [Render thread/DEBUG] [net.minecraftforge.registries.ForgeRegistry/REGISTRIES]: Registry forge:entity_data_serializers Sync: ACTIVE -> STAGING
[21Mar2026 17:50:07.004] [Render thread/DEBUG] [net.minecraftforge.registries.ForgeRegistry/REGISTRIES]: Registry forge:global_loot_modifier_serializers Sync: ACTIVE -> STAGING
[21Mar2026 17:50:07.004] [Render thread/DEBUG] [net.minecraftforge.registries.ForgeRegistry/REGISTRIES]: Registry forge:biome_modifier_serializers Sync: ACTIVE -> STAGING
[21Mar2026 17:50:07.004] [Render thread/DEBUG] [net.minecraftforge.registries.ForgeRegistry/REGISTRIES]: Registry forge:fluid_type Sync: ACTIVE -> STAGING
[21Mar2026 17:50:07.004] [Render thread/DEBUG] [net.minecraftforge.registries.ForgeRegistry/REGISTRIES]: Registry forge:structure_modifier_serializers Sync: ACTIVE -> STAGING
[21Mar2026 17:50:07.004] [Render thread/DEBUG] [net.minecraftforge.registries.ForgeRegistry/REGISTRIES]: Registry forge:holder_set_type Sync: ACTIVE -> STAGING
[21Mar2026 17:50:07.004] [Render thread/DEBUG] [net.minecraftforge.registries.ForgeRegistry/REGISTRIES]: Registry forge:display_contexts Sync: ACTIVE -> STAGING
[21Mar2026 17:50:07.231] [Render thread/DEBUG] [net.minecraftforge.registries.ObjectHolderRegistry/REGISTRIES]: Applying holder lookups
[21Mar2026 17:50:07.235] [Render thread/DEBUG] [net.minecraftforge.registries.ObjectHolderRegistry/REGISTRIES]: Holder lookups applied
[21Mar2026 17:50:07.259] [Render thread/DEBUG] [net.minecraftforge.server.ServerLifecycleHooks/CORE]: Generating PackInfo named mod:paucal for mod file C:\Users\ashwa\.gradle\caches\forge_gradle\deobf_dependencies\curse\maven\paucal-597824\5687007_mapped_parchment_2023.09.03-1.20.1\paucal-597824-5687007_mapped_parchment_2023.09.03-1.20.1.jar
[21Mar2026 17:50:07.259] [Render thread/DEBUG] [net.minecraftforge.server.ServerLifecycleHooks/CORE]: Generating PackInfo named mod:geckolib for mod file C:\Users\ashwa\.gradle\caches\forge_gradle\deobf_dependencies\curse\maven\geckolib-388172\7025129_mapped_parchment_2023.09.03-1.20.1\geckolib-388172-7025129_mapped_parchment_2023.09.03-1.20.1.jar
[21Mar2026 17:50:07.259] [Render thread/DEBUG] [net.minecraftforge.server.ServerLifecycleHooks/CORE]: Generating PackInfo named mod:moreiotas for mod file C:\Users\ashwa\.gradle\caches\forge_gradle\deobf_dependencies\curse\maven\moreiotas-824728\7027592_mapped_parchment_2023.09.03-1.20.1\moreiotas-824728-7027592_mapped_parchment_2023.09.03-1.20.1.jar
[21Mar2026 17:50:07.259] [Render thread/DEBUG] [net.minecraftforge.server.ServerLifecycleHooks/CORE]: Generating PackInfo named mod:oneironaut for mod file D:\Intelij Projects\oneironautfinal\build\resources\main
[21Mar2026 17:50:07.260] [Render thread/DEBUG] [net.minecraftforge.server.ServerLifecycleHooks/CORE]: Generating PackInfo named mod:hexal for mod file C:\Users\ashwa\.gradle\caches\forge_gradle\deobf_dependencies\curse\maven\hexal-824725\7168104_mapped_parchment_2023.09.03-1.20.1\hexal-824725-7168104_mapped_parchment_2023.09.03-1.20.1.jar
[21Mar2026 17:50:07.260] [Render thread/DEBUG] [net.minecraftforge.server.ServerLifecycleHooks/CORE]: Generating PackInfo named mod:inline for mod file C:\Users\ashwa\.gradle\caches\forge_gradle\deobf_dependencies\curse\maven\inline-971167\6556850_mapped_parchment_2023.09.03-1.20.1\inline-971167-6556850_mapped_parchment_2023.09.03-1.20.1.jar
[21Mar2026 17:50:07.260] [Render thread/DEBUG] [net.minecraftforge.server.ServerLifecycleHooks/CORE]: Generating PackInfo named mod:hexcasting for mod file C:\Users\ashwa\.gradle\caches\forge_gradle\deobf_dependencies\at\petra-k\hexcasting\hexcasting-forge-1.20.1\0.11.3_mapped_parchment_2023.09.03-1.20.1\hexcasting-forge-1.20.1-0.11.3_mapped_parchment_2023.09.03-1.20.1.jar
[21Mar2026 17:50:07.260] [Render thread/DEBUG] [net.minecraftforge.server.ServerLifecycleHooks/CORE]: Generating PackInfo named mod:cloth_config for mod file C:\Users\ashwa\.gradle\caches\modules-2\files-2.1\me.shedaniel.cloth\cloth-config-forge\11.1.136\c65d07748acc57ceb45d53b3964368b84f34d54f\cloth-config-forge-11.1.136.jar
[21Mar2026 17:50:07.260] [Render thread/DEBUG] [net.minecraftforge.server.ServerLifecycleHooks/CORE]: Generating PackInfo named mod:caelus for mod file C:\Users\ashwa\.gradle\caches\forge_gradle\deobf_dependencies\curse\maven\caelus-308989\5281700_mapped_parchment_2023.09.03-1.20.1\caelus-308989-5281700_mapped_parchment_2023.09.03-1.20.1.jar
[21Mar2026 17:50:07.260] [Render thread/DEBUG] [net.minecraftforge.server.ServerLifecycleHooks/CORE]: Generating PackInfo named mod:kotlinforforge for mod file 
[21Mar2026 17:50:07.260] [Render thread/DEBUG] [net.minecraftforge.server.ServerLifecycleHooks/CORE]: Generating PackInfo named mod:forge for mod file /
[21Mar2026 17:50:07.260] [Render thread/DEBUG] [net.minecraftforge.server.ServerLifecycleHooks/CORE]: Generating PackInfo named mod:patchouli for mod file C:\Users\ashwa\.gradle\caches\forge_gradle\deobf_dependencies\vazkii\patchouli\Patchouli\1.20.1-80-FORGE_mapped_parchment_2023.09.03-1.20.1\Patchouli-1.20.1-80-FORGE_mapped_parchment_2023.09.03-1.20.1.jar
[21Mar2026 17:50:07.746] [Render thread/DEBUG] [mixin/]: Mixing accessor.AccessorLootTable from hexplat.mixins.json into net.minecraft.world.level.storage.loot.LootTable
[21Mar2026 17:50:07.852] [Render thread/DEBUG] [net.minecraftforge.coremod.transformer.CoreModBaseTransformer/COREMOD]: Transforming net/minecraft/server/commands/SummonCommand
[21Mar2026 17:50:08.022] [Worker-Main-1/ERROR] [net.minecraft.tags.TagLoader/]: Couldn't load tag oneironaut:conceptdecorators as it is missing following references: oneironaut:concept_decorator_color_white (from main), 
	oneironaut:concept_decorator_color_light_gray (from main), 
	oneironaut:concept_decorator_color_black (from main), 
	oneironaut:concept_decorator_color_gray (from main), 
	oneironaut:concept_decorator_color_brown (from main), 
	oneironaut:concept_decorator_color_red (from main), 
	oneironaut:concept_decorator_color_orange (from main), 
	oneironaut:concept_decorator_color_yellow (from main), 
	oneironaut:concept_decorator_color_lime (from main), 
	oneironaut:concept_decorator_color_green (from main), 
	oneironaut:concept_decorator_color_cyan (from main), 
	oneironaut:concept_decorator_color_light_blue (from main), 
	oneironaut:concept_decorator_color_blue (from main), 
	oneironaut:concept_decorator_color_purple (from main), 
	oneironaut:concept_decorator_color_magenta (from main), 
	oneironaut:concept_decorator_color_pink (from main)
[21Mar2026 17:50:08.169] [Worker-Main-2/DEBUG] [net.minecraftforge.coremod.transformer.CoreModBaseTransformer/COREMOD]: Transforming net/minecraft/world/entity/raid/Raid
[21Mar2026 17:50:08.223] [Worker-Main-2/ERROR] [net.minecraftforge.common.ForgeHooks/]: Couldn't parse element loot_tables:oneironaut:blocks/concept_decorator_color/cyan
com.google.gson.JsonSyntaxException: Expected name to be an item, was unknown string 'oneironaut:concept_decorator_color_cyan'
	at net.minecraft.util.GsonHelper.lambda$convertToItem$0(GsonHelper.java:145) ~[forge-1.20.1-47.4.15_mapped_parchment_2023.09.03-1.20.1.jar%23191!/:?]
	at java.util.Optional.orElseThrow(Optional.java:403) ~[?:?]
	at net.minecraft.util.GsonHelper.convertToItem(GsonHelper.java:145) ~[forge-1.20.1-47.4.15_mapped_parchment_2023.09.03-1.20.1.jar%23191!/:?]
	at net.minecraft.util.GsonHelper.getAsItem(GsonHelper.java:153) ~[forge-1.20.1-47.4.15_mapped_parchment_2023.09.03-1.20.1.jar%23191!/:?]
	at net.minecraft.world.level.storage.loot.entries.LootItem$Serializer.deserialize(LootItem.java:55) ~[forge-1.20.1-47.4.15_mapped_parchment_2023.09.03-1.20.1.jar%23191!/:?]
	at net.minecraft.world.level.storage.loot.entries.LootItem$Serializer.deserialize(LootItem.java:40) ~[forge-1.20.1-47.4.15_mapped_parchment_2023.09.03-1.20.1.jar%23191!/:?]
	at net.minecraft.world.level.storage.loot.entries.LootPoolSingletonContainer$Serializer.deserializeCustom(LootPoolSingletonContainer.java:151) ~[forge-1.20.1-47.4.15_mapped_parchment_2023.09.03-1.20.1.jar%23191!/:?]
	at net.minecraft.world.level.storage.loot.entries.LootPoolSingletonContainer$Serializer.deserializeCustom(LootPoolSingletonContainer.java:129) ~[forge-1.20.1-47.4.15_mapped_parchment_2023.09.03-1.20.1.jar%23191!/:?]
	at net.minecraft.world.level.storage.loot.entries.LootPoolEntryContainer$Serializer.deserialize(LootPoolEntryContainer.java:86) ~[forge-1.20.1-47.4.15_mapped_parchment_2023.09.03-1.20.1.jar%23191!/:?]
	at net.minecraft.world.level.storage.loot.entries.LootPoolEntryContainer$Serializer.deserialize(LootPoolEntryContainer.java:74) ~[forge-1.20.1-47.4.15_mapped_parchment_2023.09.03-1.20.1.jar%23191!/:?]
	at net.minecraft.world.level.storage.loot.GsonAdapterFactory$JsonAdapter.deserialize(GsonAdapterFactory.java:102) ~[forge-1.20.1-47.4.15_mapped_parchment_2023.09.03-1.20.1.jar%23191!/:?]
	at com.google.gson.internal.bind.TreeTypeAdapter.read(TreeTypeAdapter.java:76) ~[gson-2.10.jar%23131!/:?]
	at com.google.gson.internal.bind.TypeAdapterRuntimeTypeWrapper.read(TypeAdapterRuntimeTypeWrapper.java:40) ~[gson-2.10.jar%23131!/:?]
	at com.google.gson.internal.bind.ArrayTypeAdapter.read(ArrayTypeAdapter.java:72) ~[gson-2.10.jar%23131!/:?]
	at com.google.gson.Gson.fromJson(Gson.java:1214) ~[gson-2.10.jar%23131!/:?]
	at com.google.gson.Gson.fromJson(Gson.java:1319) ~[gson-2.10.jar%23131!/:?]
	at com.google.gson.Gson.fromJson(Gson.java:1290) ~[gson-2.10.jar%23131!/:?]
	at com.google.gson.internal.bind.TreeTypeAdapter$GsonContextImpl.deserialize(TreeTypeAdapter.java:179) ~[gson-2.10.jar%23131!/:?]
	at net.minecraft.util.GsonHelper.convertToObject(GsonHelper.java:463) ~[forge-1.20.1-47.4.15_mapped_parchment_2023.09.03-1.20.1.jar%23191!/:?]
	at net.minecraft.util.GsonHelper.getAsObject(GsonHelper.java:471) ~[forge-1.20.1-47.4.15_mapped_parchment_2023.09.03-1.20.1.jar%23191!/:?]
	at net.minecraft.world.level.storage.loot.LootPool$Serializer.deserialize(LootPool.java:192) ~[forge-1.20.1-47.4.15_mapped_parchment_2023.09.03-1.20.1.jar%23191!/:?]
	at net.minecraft.world.level.storage.loot.LootPool$Serializer.deserialize(LootPool.java:189) ~[forge-1.20.1-47.4.15_mapped_parchment_2023.09.03-1.20.1.jar%23191!/:?]
	at com.google.gson.internal.bind.TreeTypeAdapter.read(TreeTypeAdapter.java:76) ~[gson-2.10.jar%23131!/:?]
	at com.google.gson.internal.bind.TypeAdapterRuntimeTypeWrapper.read(TypeAdapterRuntimeTypeWrapper.java:40) ~[gson-2.10.jar%23131!/:?]
	at com.google.gson.internal.bind.ArrayTypeAdapter.read(ArrayTypeAdapter.java:72) ~[gson-2.10.jar%23131!/:?]
	at com.google.gson.Gson.fromJson(Gson.java:1214) ~[gson-2.10.jar%23131!/:?]
	at com.google.gson.Gson.fromJson(Gson.java:1319) ~[gson-2.10.jar%23131!/:?]
	at com.google.gson.Gson.fromJson(Gson.java:1290) ~[gson-2.10.jar%23131!/:?]
	at com.google.gson.internal.bind.TreeTypeAdapter$GsonContextImpl.deserialize(TreeTypeAdapter.java:179) ~[gson-2.10.jar%23131!/:?]
	at net.minecraft.util.GsonHelper.convertToObject(GsonHelper.java:463) ~[forge-1.20.1-47.4.15_mapped_parchment_2023.09.03-1.20.1.jar%23191!/:?]
	at net.minecraft.util.GsonHelper.getAsObject(GsonHelper.java:481) ~[forge-1.20.1-47.4.15_mapped_parchment_2023.09.03-1.20.1.jar%23191!/:?]
	at net.minecraft.world.level.storage.loot.LootTable$Serializer.deserialize(LootTable.java:294) ~[forge-1.20.1-47.4.15_mapped_parchment_2023.09.03-1.20.1.jar%23191!/:?]
	at net.minecraft.world.level.storage.loot.LootTable$Serializer.deserialize(LootTable.java:291) ~[forge-1.20.1-47.4.15_mapped_parchment_2023.09.03-1.20.1.jar%23191!/:?]
	at com.google.gson.internal.bind.TreeTypeAdapter.read(TreeTypeAdapter.java:76) ~[gson-2.10.jar%23131!/:?]
	at com.google.gson.Gson.fromJson(Gson.java:1214) ~[gson-2.10.jar%23131!/:?]
	at com.google.gson.Gson.fromJson(Gson.java:1319) ~[gson-2.10.jar%23131!/:?]
	at com.google.gson.Gson.fromJson(Gson.java:1261) ~[gson-2.10.jar%23131!/:?]
	at net.minecraftforge.common.ForgeHooks.loadLootTable(ForgeHooks.java:872) ~[forge-1.20.1-47.4.15_mapped_parchment_2023.09.03-1.20.1.jar%23190%23197!/:?]
	at net.minecraftforge.common.ForgeHooks.lambda$getLootTableDeserializer$3(ForgeHooks.java:849) ~[forge-1.20.1-47.4.15_mapped_parchment_2023.09.03-1.20.1.jar%23190%23197!/:?]
	at net.minecraft.world.level.storage.loot.LootDataType.deserialize(LootDataType.java:45) ~[forge-1.20.1-47.4.15_mapped_parchment_2023.09.03-1.20.1.jar%23191!/:?]
	at net.minecraft.world.level.storage.loot.LootDataManager.lambda$scheduleElementParse$4(LootDataManager.java:56) ~[forge-1.20.1-47.4.15_mapped_parchment_2023.09.03-1.20.1.jar%23191!/:?]
	at java.util.HashMap.forEach(HashMap.java:1421) ~[?:?]
	at net.minecraft.world.level.storage.loot.LootDataManager.lambda$scheduleElementParse$5(LootDataManager.java:55) ~[forge-1.20.1-47.4.15_mapped_parchment_2023.09.03-1.20.1.jar%23191!/:?]
	at java.util.concurrent.CompletableFuture$AsyncRun.run(CompletableFuture.java:1804) ~[?:?]
	at java.util.concurrent.CompletableFuture$AsyncRun.exec(CompletableFuture.java:1796) ~[?:?]
	at java.util.concurrent.ForkJoinTask.doExec(ForkJoinTask.java:373) ~[?:?]
	at java.util.concurrent.ForkJoinPool$WorkQueue.topLevelExec(ForkJoinPool.java:1182) ~[?:?]
	at java.util.concurrent.ForkJoinPool.scan(ForkJoinPool.java:1655) ~[?:?]
	at java.util.concurrent.ForkJoinPool.runWorker(ForkJoinPool.java:1622) ~[?:?]
	at java.util.concurrent.ForkJoinWorkerThread.run(ForkJoinWorkerThread.java:165) ~[?:?]
[21Mar2026 17:50:08.225] [Worker-Main-2/ERROR] [net.minecraftforge.common.ForgeHooks/]: Couldn't parse element loot_tables:oneironaut:blocks/concept_decorator_color/red
com.google.gson.JsonSyntaxException: Expected name to be an item, was unknown string 'oneironaut:concept_decorator_color_red'
	at net.minecraft.util.GsonHelper.lambda$convertToItem$0(GsonHelper.java:145) ~[forge-1.20.1-47.4.15_mapped_parchment_2023.09.03-1.20.1.jar%23191!/:?]
	at java.util.Optional.orElseThrow(Optional.java:403) ~[?:?]
	at net.minecraft.util.GsonHelper.convertToItem(GsonHelper.java:145) ~[forge-1.20.1-47.4.15_mapped_parchment_2023.09.03-1.20.1.jar%23191!/:?]
	at net.minecraft.util.GsonHelper.getAsItem(GsonHelper.java:153) ~[forge-1.20.1-47.4.15_mapped_parchment_2023.09.03-1.20.1.jar%23191!/:?]
	at net.minecraft.world.level.storage.loot.entries.LootItem$Serializer.deserialize(LootItem.java:55) ~[forge-1.20.1-47.4.15_mapped_parchment_2023.09.03-1.20.1.jar%23191!/:?]
	at net.minecraft.world.level.storage.loot.entries.LootItem$Serializer.deserialize(LootItem.java:40) ~[forge-1.20.1-47.4.15_mapped_parchment_2023.09.03-1.20.1.jar%23191!/:?]
	at net.minecraft.world.level.storage.loot.entries.LootPoolSingletonContainer$Serializer.deserializeCustom(LootPoolSingletonContainer.java:151) ~[forge-1.20.1-47.4.15_mapped_parchment_2023.09.03-1.20.1.jar%23191!/:?]
	at net.minecraft.world.level.storage.loot.entries.LootPoolSingletonContainer$Serializer.deserializeCustom(LootPoolSingletonContainer.java:129) ~[forge-1.20.1-47.4.15_mapped_parchment_2023.09.03-1.20.1.jar%23191!/:?]
	at net.minecraft.world.level.storage.loot.entries.LootPoolEntryContainer$Serializer.deserialize(LootPoolEntryContainer.java:86) ~[forge-1.20.1-47.4.15_mapped_parchment_2023.09.03-1.20.1.jar%23191!/:?]
	at net.minecraft.world.level.storage.loot.entries.LootPoolEntryContainer$Serializer.deserialize(LootPoolEntryContainer.java:74) ~[forge-1.20.1-47.4.15_mapped_parchment_2023.09.03-1.20.1.jar%23191!/:?]
	at net.minecraft.world.level.storage.loot.GsonAdapterFactory$JsonAdapter.deserialize(GsonAdapterFactory.java:102) ~[forge-1.20.1-47.4.15_mapped_parchment_2023.09.03-1.20.1.jar%23191!/:?]
	at com.google.gson.internal.bind.TreeTypeAdapter.read(TreeTypeAdapter.java:76) ~[gson-2.10.jar%23131!/:?]
	at com.google.gson.internal.bind.TypeAdapterRuntimeTypeWrapper.read(TypeAdapterRuntimeTypeWrapper.java:40) ~[gson-2.10.jar%23131!/:?]
	at com.google.gson.internal.bind.ArrayTypeAdapter.read(ArrayTypeAdapter.java:72) ~[gson-2.10.jar%23131!/:?]
	at com.google.gson.Gson.fromJson(Gson.java:1214) ~[gson-2.10.jar%23131!/:?]
	at com.google.gson.Gson.fromJson(Gson.java:1319) ~[gson-2.10.jar%23131!/:?]
	at com.google.gson.Gson.fromJson(Gson.java:1290) ~[gson-2.10.jar%23131!/:?]
	at com.google.gson.internal.bind.TreeTypeAdapter$GsonContextImpl.deserialize(TreeTypeAdapter.java:179) ~[gson-2.10.jar%23131!/:?]
	at net.minecraft.util.GsonHelper.convertToObject(GsonHelper.java:463) ~[forge-1.20.1-47.4.15_mapped_parchment_2023.09.03-1.20.1.jar%23191!/:?]
	at net.minecraft.util.GsonHelper.getAsObject(GsonHelper.java:471) ~[forge-1.20.1-47.4.15_mapped_parchment_2023.09.03-1.20.1.jar%23191!/:?]
	at net.minecraft.world.level.storage.loot.LootPool$Serializer.deserialize(LootPool.java:192) ~[forge-1.20.1-47.4.15_mapped_parchment_2023.09.03-1.20.1.jar%23191!/:?]
	at net.minecraft.world.level.storage.loot.LootPool$Serializer.deserialize(LootPool.java:189) ~[forge-1.20.1-47.4.15_mapped_parchment_2023.09.03-1.20.1.jar%23191!/:?]
	at com.google.gson.internal.bind.TreeTypeAdapter.read(TreeTypeAdapter.java:76) ~[gson-2.10.jar%23131!/:?]
	at com.google.gson.internal.bind.TypeAdapterRuntimeTypeWrapper.read(TypeAdapterRuntimeTypeWrapper.java:40) ~[gson-2.10.jar%23131!/:?]
	at com.google.gson.internal.bind.ArrayTypeAdapter.read(ArrayTypeAdapter.java:72) ~[gson-2.10.jar%23131!/:?]
	at com.google.gson.Gson.fromJson(Gson.java:1214) ~[gson-2.10.jar%23131!/:?]
	at com.google.gson.Gson.fromJson(Gson.java:1319) ~[gson-2.10.jar%23131!/:?]
	at com.google.gson.Gson.fromJson(Gson.java:1290) ~[gson-2.10.jar%23131!/:?]
	at com.google.gson.internal.bind.TreeTypeAdapter$GsonContextImpl.deserialize(TreeTypeAdapter.java:179) ~[gson-2.10.jar%23131!/:?]
	at net.minecraft.util.GsonHelper.convertToObject(GsonHelper.java:463) ~[forge-1.20.1-47.4.15_mapped_parchment_2023.09.03-1.20.1.jar%23191!/:?]
	at net.minecraft.util.GsonHelper.getAsObject(GsonHelper.java:481) ~[forge-1.20.1-47.4.15_mapped_parchment_2023.09.03-1.20.1.jar%23191!/:?]
	at net.minecraft.world.level.storage.loot.LootTable$Serializer.deserialize(LootTable.java:294) ~[forge-1.20.1-47.4.15_mapped_parchment_2023.09.03-1.20.1.jar%23191!/:?]
	at net.minecraft.world.level.storage.loot.LootTable$Serializer.deserialize(LootTable.java:291) ~[forge-1.20.1-47.4.15_mapped_parchment_2023.09.03-1.20.1.jar%23191!/:?]
	at com.google.gson.internal.bind.TreeTypeAdapter.read(TreeTypeAdapter.java:76) ~[gson-2.10.jar%23131!/:?]
	at com.google.gson.Gson.fromJson(Gson.java:1214) ~[gson-2.10.jar%23131!/:?]
	at com.google.gson.Gson.fromJson(Gson.java:1319) ~[gson-2.10.jar%23131!/:?]
	at com.google.gson.Gson.fromJson(Gson.java:1261) ~[gson-2.10.jar%23131!/:?]
	at net.minecraftforge.common.ForgeHooks.loadLootTable(ForgeHooks.java:872) ~[forge-1.20.1-47.4.15_mapped_parchment_2023.09.03-1.20.1.jar%23190%23197!/:?]
	at net.minecraftforge.common.ForgeHooks.lambda$getLootTableDeserializer$3(ForgeHooks.java:849) ~[forge-1.20.1-47.4.15_mapped_parchment_2023.09.03-1.20.1.jar%23190%23197!/:?]
	at net.minecraft.world.level.storage.loot.LootDataType.deserialize(LootDataType.java:45) ~[forge-1.20.1-47.4.15_mapped_parchment_2023.09.03-1.20.1.jar%23191!/:?]
	at net.minecraft.world.level.storage.loot.LootDataManager.lambda$scheduleElementParse$4(LootDataManager.java:56) ~[forge-1.20.1-47.4.15_mapped_parchment_2023.09.03-1.20.1.jar%23191!/:?]
	at java.util.HashMap.forEach(HashMap.java:1421) ~[?:?]
	at net.minecraft.world.level.storage.loot.LootDataManager.lambda$scheduleElementParse$5(LootDataManager.java:55) ~[forge-1.20.1-47.4.15_mapped_parchment_2023.09.03-1.20.1.jar%23191!/:?]
	at java.util.concurrent.CompletableFuture$AsyncRun.run(CompletableFuture.java:1804) ~[?:?]
	at java.util.concurrent.CompletableFuture$AsyncRun.exec(CompletableFuture.java:1796) ~[?:?]
	at java.util.concurrent.ForkJoinTask.doExec(ForkJoinTask.java:373) ~[?:?]
	at java.util.concurrent.ForkJoinPool$WorkQueue.topLevelExec(ForkJoinPool.java:1182) ~[?:?]
	at java.util.concurrent.ForkJoinPool.scan(ForkJoinPool.java:1655) ~[?:?]
	at java.util.concurrent.ForkJoinPool.runWorker(ForkJoinPool.java:1622) ~[?:?]
	at java.util.concurrent.ForkJoinWorkerThread.run(ForkJoinWorkerThread.java:165) ~[?:?]
[21Mar2026 17:50:08.240] [Worker-Main-2/ERROR] [net.minecraftforge.common.ForgeHooks/]: Couldn't parse element loot_tables:oneironaut:blocks/concept_decorator_color/white
com.google.gson.JsonSyntaxException: Expected name to be an item, was unknown string 'oneironaut:concept_decorator_color_white'
	at net.minecraft.util.GsonHelper.lambda$convertToItem$0(GsonHelper.java:145) ~[forge-1.20.1-47.4.15_mapped_parchment_2023.09.03-1.20.1.jar%23191!/:?]
	at java.util.Optional.orElseThrow(Optional.java:403) ~[?:?]
	at net.minecraft.util.GsonHelper.convertToItem(GsonHelper.java:145) ~[forge-1.20.1-47.4.15_mapped_parchment_2023.09.03-1.20.1.jar%23191!/:?]
	at net.minecraft.util.GsonHelper.getAsItem(GsonHelper.java:153) ~[forge-1.20.1-47.4.15_mapped_parchment_2023.09.03-1.20.1.jar%23191!/:?]
	at net.minecraft.world.level.storage.loot.entries.LootItem$Serializer.deserialize(LootItem.java:55) ~[forge-1.20.1-47.4.15_mapped_parchment_2023.09.03-1.20.1.jar%23191!/:?]
	at net.minecraft.world.level.storage.loot.entries.LootItem$Serializer.deserialize(LootItem.java:40) ~[forge-1.20.1-47.4.15_mapped_parchment_2023.09.03-1.20.1.jar%23191!/:?]
	at net.minecraft.world.level.storage.loot.entries.LootPoolSingletonContainer$Serializer.deserializeCustom(LootPoolSingletonContainer.java:151) ~[forge-1.20.1-47.4.15_mapped_parchment_2023.09.03-1.20.1.jar%23191!/:?]
	at net.minecraft.world.level.storage.loot.entries.LootPoolSingletonContainer$Serializer.deserializeCustom(LootPoolSingletonContainer.java:129) ~[forge-1.20.1-47.4.15_mapped_parchment_2023.09.03-1.20.1.jar%23191!/:?]
	at net.minecraft.world.level.storage.loot.entries.LootPoolEntryContainer$Serializer.deserialize(LootPoolEntryContainer.java:86) ~[forge-1.20.1-47.4.15_mapped_parchment_2023.09.03-1.20.1.jar%23191!/:?]
	at net.minecraft.world.level.storage.loot.entries.LootPoolEntryContainer$Serializer.deserialize(LootPoolEntryContainer.java:74) ~[forge-1.20.1-47.4.15_mapped_parchment_2023.09.03-1.20.1.jar%23191!/:?]
	at net.minecraft.world.level.storage.loot.GsonAdapterFactory$JsonAdapter.deserialize(GsonAdapterFactory.java:102) ~[forge-1.20.1-47.4.15_mapped_parchment_2023.09.03-1.20.1.jar%23191!/:?]
	at com.google.gson.internal.bind.TreeTypeAdapter.read(TreeTypeAdapter.java:76) ~[gson-2.10.jar%23131!/:?]
	at com.google.gson.internal.bind.TypeAdapterRuntimeTypeWrapper.read(TypeAdapterRuntimeTypeWrapper.java:40) ~[gson-2.10.jar%23131!/:?]
	at com.google.gson.internal.bind.ArrayTypeAdapter.read(ArrayTypeAdapter.java:72) ~[gson-2.10.jar%23131!/:?]
	at com.google.gson.Gson.fromJson(Gson.java:1214) ~[gson-2.10.jar%23131!/:?]
	at com.google.gson.Gson.fromJson(Gson.java:1319) ~[gson-2.10.jar%23131!/:?]
	at com.google.gson.Gson.fromJson(Gson.java:1290) ~[gson-2.10.jar%23131!/:?]
	at com.google.gson.internal.bind.TreeTypeAdapter$GsonContextImpl.deserialize(TreeTypeAdapter.java:179) ~[gson-2.10.jar%23131!/:?]
	at net.minecraft.util.GsonHelper.convertToObject(GsonHelper.java:463) ~[forge-1.20.1-47.4.15_mapped_parchment_2023.09.03-1.20.1.jar%23191!/:?]
	at net.minecraft.util.GsonHelper.getAsObject(GsonHelper.java:471) ~[forge-1.20.1-47.4.15_mapped_parchment_2023.09.03-1.20.1.jar%23191!/:?]
	at net.minecraft.world.level.storage.loot.LootPool$Serializer.deserialize(LootPool.java:192) ~[forge-1.20.1-47.4.15_mapped_parchment_2023.09.03-1.20.1.jar%23191!/:?]
	at net.minecraft.world.level.storage.loot.LootPool$Serializer.deserialize(LootPool.java:189) ~[forge-1.20.1-47.4.15_mapped_parchment_2023.09.03-1.20.1.jar%23191!/:?]
	at com.google.gson.internal.bind.TreeTypeAdapter.read(TreeTypeAdapter.java:76) ~[gson-2.10.jar%23131!/:?]
	at com.google.gson.internal.bind.TypeAdapterRuntimeTypeWrapper.read(TypeAdapterRuntimeTypeWrapper.java:40) ~[gson-2.10.jar%23131!/:?]
	at com.google.gson.internal.bind.ArrayTypeAdapter.read(ArrayTypeAdapter.java:72) ~[gson-2.10.jar%23131!/:?]
	at com.google.gson.Gson.fromJson(Gson.java:1214) ~[gson-2.10.jar%23131!/:?]
	at com.google.gson.Gson.fromJson(Gson.java:1319) ~[gson-2.10.jar%23131!/:?]
	at com.google.gson.Gson.fromJson(Gson.java:1290) ~[gson-2.10.jar%23131!/:?]
	at com.google.gson.internal.bind.TreeTypeAdapter$GsonContextImpl.deserialize(TreeTypeAdapter.java:179) ~[gson-2.10.jar%23131!/:?]
	at net.minecraft.util.GsonHelper.convertToObject(GsonHelper.java:463) ~[forge-1.20.1-47.4.15_mapped_parchment_2023.09.03-1.20.1.jar%23191!/:?]
	at net.minecraft.util.GsonHelper.getAsObject(GsonHelper.java:481) ~[forge-1.20.1-47.4.15_mapped_parchment_2023.09.03-1.20.1.jar%23191!/:?]
	at net.minecraft.world.level.storage.loot.LootTable$Serializer.deserialize(LootTable.java:294) ~[forge-1.20.1-47.4.15_mapped_parchment_2023.09.03-1.20.1.jar%23191!/:?]
	at net.minecraft.world.level.storage.loot.LootTable$Serializer.deserialize(LootTable.java:291) ~[forge-1.20.1-47.4.15_mapped_parchment_2023.09.03-1.20.1.jar%23191!/:?]
	at com.google.gson.internal.bind.TreeTypeAdapter.read(TreeTypeAdapter.java:76) ~[gson-2.10.jar%23131!/:?]
	at com.google.gson.Gson.fromJson(Gson.java:1214) ~[gson-2.10.jar%23131!/:?]
	at com.google.gson.Gson.fromJson(Gson.java:1319) ~[gson-2.10.jar%23131!/:?]
	at com.google.gson.Gson.fromJson(Gson.java:1261) ~[gson-2.10.jar%23131!/:?]
	at net.minecraftforge.common.ForgeHooks.loadLootTable(ForgeHooks.java:872) ~[forge-1.20.1-47.4.15_mapped_parchment_2023.09.03-1.20.1.jar%23190%23197!/:?]
	at net.minecraftforge.common.ForgeHooks.lambda$getLootTableDeserializer$3(ForgeHooks.java:849) ~[forge-1.20.1-47.4.15_mapped_parchment_2023.09.03-1.20.1.jar%23190%23197!/:?]
	at net.minecraft.world.level.storage.loot.LootDataType.deserialize(LootDataType.java:45) ~[forge-1.20.1-47.4.15_mapped_parchment_2023.09.03-1.20.1.jar%23191!/:?]
	at net.minecraft.world.level.storage.loot.LootDataManager.lambda$scheduleElementParse$4(LootDataManager.java:56) ~[forge-1.20.1-47.4.15_mapped_parchment_2023.09.03-1.20.1.jar%23191!/:?]
	at java.util.HashMap.forEach(HashMap.java:1421) ~[?:?]
	at net.minecraft.world.level.storage.loot.LootDataManager.lambda$scheduleElementParse$5(LootDataManager.java:55) ~[forge-1.20.1-47.4.15_mapped_parchment_2023.09.03-1.20.1.jar%23191!/:?]
	at java.util.concurrent.CompletableFuture$AsyncRun.run(CompletableFuture.java:1804) ~[?:?]
	at java.util.concurrent.CompletableFuture$AsyncRun.exec(CompletableFuture.java:1796) ~[?:?]
	at java.util.concurrent.ForkJoinTask.doExec(ForkJoinTask.java:373) ~[?:?]
	at java.util.concurrent.ForkJoinPool$WorkQueue.topLevelExec(ForkJoinPool.java:1182) ~[?:?]
	at java.util.concurrent.ForkJoinPool.scan(ForkJoinPool.java:1655) ~[?:?]
	at java.util.concurrent.ForkJoinPool.runWorker(ForkJoinPool.java:1622) ~[?:?]
	at java.util.concurrent.ForkJoinWorkerThread.run(ForkJoinWorkerThread.java:165) ~[?:?]
[21Mar2026 17:50:08.243] [Worker-Main-2/ERROR] [net.minecraftforge.common.ForgeHooks/]: Couldn't parse element loot_tables:oneironaut:blocks/concept_decorator_color/orange
com.google.gson.JsonSyntaxException: Expected name to be an item, was unknown string 'oneironaut:concept_decorator_color_orange'
	at net.minecraft.util.GsonHelper.lambda$convertToItem$0(GsonHelper.java:145) ~[forge-1.20.1-47.4.15_mapped_parchment_2023.09.03-1.20.1.jar%23191!/:?]
	at java.util.Optional.orElseThrow(Optional.java:403) ~[?:?]
	at net.minecraft.util.GsonHelper.convertToItem(GsonHelper.java:145) ~[forge-1.20.1-47.4.15_mapped_parchment_2023.09.03-1.20.1.jar%23191!/:?]
	at net.minecraft.util.GsonHelper.getAsItem(GsonHelper.java:153) ~[forge-1.20.1-47.4.15_mapped_parchment_2023.09.03-1.20.1.jar%23191!/:?]
	at net.minecraft.world.level.storage.loot.entries.LootItem$Serializer.deserialize(LootItem.java:55) ~[forge-1.20.1-47.4.15_mapped_parchment_2023.09.03-1.20.1.jar%23191!/:?]
	at net.minecraft.world.level.storage.loot.entries.LootItem$Serializer.deserialize(LootItem.java:40) ~[forge-1.20.1-47.4.15_mapped_parchment_2023.09.03-1.20.1.jar%23191!/:?]
	at net.minecraft.world.level.storage.loot.entries.LootPoolSingletonContainer$Serializer.deserializeCustom(LootPoolSingletonContainer.java:151) ~[forge-1.20.1-47.4.15_mapped_parchment_2023.09.03-1.20.1.jar%23191!/:?]
	at net.minecraft.world.level.storage.loot.entries.LootPoolSingletonContainer$Serializer.deserializeCustom(LootPoolSingletonContainer.java:129) ~[forge-1.20.1-47.4.15_mapped_parchment_2023.09.03-1.20.1.jar%23191!/:?]
	at net.minecraft.world.level.storage.loot.entries.LootPoolEntryContainer$Serializer.deserialize(LootPoolEntryContainer.java:86) ~[forge-1.20.1-47.4.15_mapped_parchment_2023.09.03-1.20.1.jar%23191!/:?]
	at net.minecraft.world.level.storage.loot.entries.LootPoolEntryContainer$Serializer.deserialize(LootPoolEntryContainer.java:74) ~[forge-1.20.1-47.4.15_mapped_parchment_2023.09.03-1.20.1.jar%23191!/:?]
	at net.minecraft.world.level.storage.loot.GsonAdapterFactory$JsonAdapter.deserialize(GsonAdapterFactory.java:102) ~[forge-1.20.1-47.4.15_mapped_parchment_2023.09.03-1.20.1.jar%23191!/:?]
	at com.google.gson.internal.bind.TreeTypeAdapter.read(TreeTypeAdapter.java:76) ~[gson-2.10.jar%23131!/:?]
	at com.google.gson.internal.bind.TypeAdapterRuntimeTypeWrapper.read(TypeAdapterRuntimeTypeWrapper.java:40) ~[gson-2.10.jar%23131!/:?]
	at com.google.gson.internal.bind.ArrayTypeAdapter.read(ArrayTypeAdapter.java:72) ~[gson-2.10.jar%23131!/:?]
	at com.google.gson.Gson.fromJson(Gson.java:1214) ~[gson-2.10.jar%23131!/:?]
	at com.google.gson.Gson.fromJson(Gson.java:1319) ~[gson-2.10.jar%23131!/:?]
	at com.google.gson.Gson.fromJson(Gson.java:1290) ~[gson-2.10.jar%23131!/:?]
	at com.google.gson.internal.bind.TreeTypeAdapter$GsonContextImpl.deserialize(TreeTypeAdapter.java:179) ~[gson-2.10.jar%23131!/:?]
	at net.minecraft.util.GsonHelper.convertToObject(GsonHelper.java:463) ~[forge-1.20.1-47.4.15_mapped_parchment_2023.09.03-1.20.1.jar%23191!/:?]
	at net.minecraft.util.GsonHelper.getAsObject(GsonHelper.java:471) ~[forge-1.20.1-47.4.15_mapped_parchment_2023.09.03-1.20.1.jar%23191!/:?]
	at net.minecraft.world.level.storage.loot.LootPool$Serializer.deserialize(LootPool.java:192) ~[forge-1.20.1-47.4.15_mapped_parchment_2023.09.03-1.20.1.jar%23191!/:?]
	at net.minecraft.world.level.storage.loot.LootPool$Serializer.deserialize(LootPool.java:189) ~[forge-1.20.1-47.4.15_mapped_parchment_2023.09.03-1.20.1.jar%23191!/:?]
	at com.google.gson.internal.bind.TreeTypeAdapter.read(TreeTypeAdapter.java:76) ~[gson-2.10.jar%23131!/:?]
	at com.google.gson.internal.bind.TypeAdapterRuntimeTypeWrapper.read(TypeAdapterRuntimeTypeWrapper.java:40) ~[gson-2.10.jar%23131!/:?]
	at com.google.gson.internal.bind.ArrayTypeAdapter.read(ArrayTypeAdapter.java:72) ~[gson-2.10.jar%23131!/:?]
	at com.google.gson.Gson.fromJson(Gson.java:1214) ~[gson-2.10.jar%23131!/:?]
	at com.google.gson.Gson.fromJson(Gson.java:1319) ~[gson-2.10.jar%23131!/:?]
	at com.google.gson.Gson.fromJson(Gson.java:1290) ~[gson-2.10.jar%23131!/:?]
	at com.google.gson.internal.bind.TreeTypeAdapter$GsonContextImpl.deserialize(TreeTypeAdapter.java:179) ~[gson-2.10.jar%23131!/:?]
	at net.minecraft.util.GsonHelper.convertToObject(GsonHelper.java:463) ~[forge-1.20.1-47.4.15_mapped_parchment_2023.09.03-1.20.1.jar%23191!/:?]
	at net.minecraft.util.GsonHelper.getAsObject(GsonHelper.java:481) ~[forge-1.20.1-47.4.15_mapped_parchment_2023.09.03-1.20.1.jar%23191!/:?]
	at net.minecraft.world.level.storage.loot.LootTable$Serializer.deserialize(LootTable.java:294) ~[forge-1.20.1-47.4.15_mapped_parchment_2023.09.03-1.20.1.jar%23191!/:?]
	at net.minecraft.world.level.storage.loot.LootTable$Serializer.deserialize(LootTable.java:291) ~[forge-1.20.1-47.4.15_mapped_parchment_2023.09.03-1.20.1.jar%23191!/:?]
	at com.google.gson.internal.bind.TreeTypeAdapter.read(TreeTypeAdapter.java:76) ~[gson-2.10.jar%23131!/:?]
	at com.google.gson.Gson.fromJson(Gson.java:1214) ~[gson-2.10.jar%23131!/:?]
	at com.google.gson.Gson.fromJson(Gson.java:1319) ~[gson-2.10.jar%23131!/:?]
	at com.google.gson.Gson.fromJson(Gson.java:1261) ~[gson-2.10.jar%23131!/:?]
	at net.minecraftforge.common.ForgeHooks.loadLootTable(ForgeHooks.java:872) ~[forge-1.20.1-47.4.15_mapped_parchment_2023.09.03-1.20.1.jar%23190%23197!/:?]
	at net.minecraftforge.common.ForgeHooks.lambda$getLootTableDeserializer$3(ForgeHooks.java:849) ~[forge-1.20.1-47.4.15_mapped_parchment_2023.09.03-1.20.1.jar%23190%23197!/:?]
	at net.minecraft.world.level.storage.loot.LootDataType.deserialize(LootDataType.java:45) ~[forge-1.20.1-47.4.15_mapped_parchment_2023.09.03-1.20.1.jar%23191!/:?]
	at net.minecraft.world.level.storage.loot.LootDataManager.lambda$scheduleElementParse$4(LootDataManager.java:56) ~[forge-1.20.1-47.4.15_mapped_parchment_2023.09.03-1.20.1.jar%23191!/:?]
	at java.util.HashMap.forEach(HashMap.java:1421) ~[?:?]
	at net.minecraft.world.level.storage.loot.LootDataManager.lambda$scheduleElementParse$5(LootDataManager.java:55) ~[forge-1.20.1-47.4.15_mapped_parchment_2023.09.03-1.20.1.jar%23191!/:?]
	at java.util.concurrent.CompletableFuture$AsyncRun.run(CompletableFuture.java:1804) ~[?:?]
	at java.util.concurrent.CompletableFuture$AsyncRun.exec(CompletableFuture.java:1796) ~[?:?]
	at java.util.concurrent.ForkJoinTask.doExec(ForkJoinTask.java:373) ~[?:?]
	at java.util.concurrent.ForkJoinPool$WorkQueue.topLevelExec(ForkJoinPool.java:1182) ~[?:?]
	at java.util.concurrent.ForkJoinPool.scan(ForkJoinPool.java:1655) ~[?:?]
	at java.util.concurrent.ForkJoinPool.runWorker(ForkJoinPool.java:1622) ~[?:?]
	at java.util.concurrent.ForkJoinWorkerThread.run(ForkJoinWorkerThread.java:165) ~[?:?]
[21Mar2026 17:50:08.246] [Worker-Main-2/ERROR] [net.minecraftforge.common.ForgeHooks/]: Couldn't parse element loot_tables:oneironaut:blocks/concept_decorator_color/purple
com.google.gson.JsonSyntaxException: Expected name to be an item, was unknown string 'oneironaut:concept_decorator_color_purple'
	at net.minecraft.util.GsonHelper.lambda$convertToItem$0(GsonHelper.java:145) ~[forge-1.20.1-47.4.15_mapped_parchment_2023.09.03-1.20.1.jar%23191!/:?]
	at java.util.Optional.orElseThrow(Optional.java:403) ~[?:?]
	at net.minecraft.util.GsonHelper.convertToItem(GsonHelper.java:145) ~[forge-1.20.1-47.4.15_mapped_parchment_2023.09.03-1.20.1.jar%23191!/:?]
	at net.minecraft.util.GsonHelper.getAsItem(GsonHelper.java:153) ~[forge-1.20.1-47.4.15_mapped_parchment_2023.09.03-1.20.1.jar%23191!/:?]
	at net.minecraft.world.level.storage.loot.entries.LootItem$Serializer.deserialize(LootItem.java:55) ~[forge-1.20.1-47.4.15_mapped_parchment_2023.09.03-1.20.1.jar%23191!/:?]
	at net.minecraft.world.level.storage.loot.entries.LootItem$Serializer.deserialize(LootItem.java:40) ~[forge-1.20.1-47.4.15_mapped_parchment_2023.09.03-1.20.1.jar%23191!/:?]
	at net.minecraft.world.level.storage.loot.entries.LootPoolSingletonContainer$Serializer.deserializeCustom(LootPoolSingletonContainer.java:151) ~[forge-1.20.1-47.4.15_mapped_parchment_2023.09.03-1.20.1.jar%23191!/:?]
	at net.minecraft.world.level.storage.loot.entries.LootPoolSingletonContainer$Serializer.deserializeCustom(LootPoolSingletonContainer.java:129) ~[forge-1.20.1-47.4.15_mapped_parchment_2023.09.03-1.20.1.jar%23191!/:?]
	at net.minecraft.world.level.storage.loot.entries.LootPoolEntryContainer$Serializer.deserialize(LootPoolEntryContainer.java:86) ~[forge-1.20.1-47.4.15_mapped_parchment_2023.09.03-1.20.1.jar%23191!/:?]
	at net.minecraft.world.level.storage.loot.entries.LootPoolEntryContainer$Serializer.deserialize(LootPoolEntryContainer.java:74) ~[forge-1.20.1-47.4.15_mapped_parchment_2023.09.03-1.20.1.jar%23191!/:?]
	at net.minecraft.world.level.storage.loot.GsonAdapterFactory$JsonAdapter.deserialize(GsonAdapterFactory.java:102) ~[forge-1.20.1-47.4.15_mapped_parchment_2023.09.03-1.20.1.jar%23191!/:?]
	at com.google.gson.internal.bind.TreeTypeAdapter.read(TreeTypeAdapter.java:76) ~[gson-2.10.jar%23131!/:?]
	at com.google.gson.internal.bind.TypeAdapterRuntimeTypeWrapper.read(TypeAdapterRuntimeTypeWrapper.java:40) ~[gson-2.10.jar%23131!/:?]
	at com.google.gson.internal.bind.ArrayTypeAdapter.read(ArrayTypeAdapter.java:72) ~[gson-2.10.jar%23131!/:?]
	at com.google.gson.Gson.fromJson(Gson.java:1214) ~[gson-2.10.jar%23131!/:?]
	at com.google.gson.Gson.fromJson(Gson.java:1319) ~[gson-2.10.jar%23131!/:?]
	at com.google.gson.Gson.fromJson(Gson.java:1290) ~[gson-2.10.jar%23131!/:?]
	at com.google.gson.internal.bind.TreeTypeAdapter$GsonContextImpl.deserialize(TreeTypeAdapter.java:179) ~[gson-2.10.jar%23131!/:?]
	at net.minecraft.util.GsonHelper.convertToObject(GsonHelper.java:463) ~[forge-1.20.1-47.4.15_mapped_parchment_2023.09.03-1.20.1.jar%23191!/:?]
	at net.minecraft.util.GsonHelper.getAsObject(GsonHelper.java:471) ~[forge-1.20.1-47.4.15_mapped_parchment_2023.09.03-1.20.1.jar%23191!/:?]
	at net.minecraft.world.level.storage.loot.LootPool$Serializer.deserialize(LootPool.java:192) ~[forge-1.20.1-47.4.15_mapped_parchment_2023.09.03-1.20.1.jar%23191!/:?]
	at net.minecraft.world.level.storage.loot.LootPool$Serializer.deserialize(LootPool.java:189) ~[forge-1.20.1-47.4.15_mapped_parchment_2023.09.03-1.20.1.jar%23191!/:?]
	at com.google.gson.internal.bind.TreeTypeAdapter.read(TreeTypeAdapter.java:76) ~[gson-2.10.jar%23131!/:?]
	at com.google.gson.internal.bind.TypeAdapterRuntimeTypeWrapper.read(TypeAdapterRuntimeTypeWrapper.java:40) ~[gson-2.10.jar%23131!/:?]
	at com.google.gson.internal.bind.ArrayTypeAdapter.read(ArrayTypeAdapter.java:72) ~[gson-2.10.jar%23131!/:?]
	at com.google.gson.Gson.fromJson(Gson.java:1214) ~[gson-2.10.jar%23131!/:?]
	at com.google.gson.Gson.fromJson(Gson.java:1319) ~[gson-2.10.jar%23131!/:?]
	at com.google.gson.Gson.fromJson(Gson.java:1290) ~[gson-2.10.jar%23131!/:?]
	at com.google.gson.internal.bind.TreeTypeAdapter$GsonContextImpl.deserialize(TreeTypeAdapter.java:179) ~[gson-2.10.jar%23131!/:?]
	at net.minecraft.util.GsonHelper.convertToObject(GsonHelper.java:463) ~[forge-1.20.1-47.4.15_mapped_parchment_2023.09.03-1.20.1.jar%23191!/:?]
	at net.minecraft.util.GsonHelper.getAsObject(GsonHelper.java:481) ~[forge-1.20.1-47.4.15_mapped_parchment_2023.09.03-1.20.1.jar%23191!/:?]
	at net.minecraft.world.level.storage.loot.LootTable$Serializer.deserialize(LootTable.java:294) ~[forge-1.20.1-47.4.15_mapped_parchment_2023.09.03-1.20.1.jar%23191!/:?]
	at net.minecraft.world.level.storage.loot.LootTable$Serializer.deserialize(LootTable.java:291) ~[forge-1.20.1-47.4.15_mapped_parchment_2023.09.03-1.20.1.jar%23191!/:?]
	at com.google.gson.internal.bind.TreeTypeAdapter.read(TreeTypeAdapter.java:76) ~[gson-2.10.jar%23131!/:?]
	at com.google.gson.Gson.fromJson(Gson.java:1214) ~[gson-2.10.jar%23131!/:?]
	at com.google.gson.Gson.fromJson(Gson.java:1319) ~[gson-2.10.jar%23131!/:?]
	at com.google.gson.Gson.fromJson(Gson.java:1261) ~[gson-2.10.jar%23131!/:?]
	at net.minecraftforge.common.ForgeHooks.loadLootTable(ForgeHooks.java:872) ~[forge-1.20.1-47.4.15_mapped_parchment_2023.09.03-1.20.1.jar%23190%23197!/:?]
	at net.minecraftforge.common.ForgeHooks.lambda$getLootTableDeserializer$3(ForgeHooks.java:849) ~[forge-1.20.1-47.4.15_mapped_parchment_2023.09.03-1.20.1.jar%23190%23197!/:?]
	at net.minecraft.world.level.storage.loot.LootDataType.deserialize(LootDataType.java:45) ~[forge-1.20.1-47.4.15_mapped_parchment_2023.09.03-1.20.1.jar%23191!/:?]
	at net.minecraft.world.level.storage.loot.LootDataManager.lambda$scheduleElementParse$4(LootDataManager.java:56) ~[forge-1.20.1-47.4.15_mapped_parchment_2023.09.03-1.20.1.jar%23191!/:?]
	at java.util.HashMap.forEach(HashMap.java:1421) ~[?:?]
	at net.minecraft.world.level.storage.loot.LootDataManager.lambda$scheduleElementParse$5(LootDataManager.java:55) ~[forge-1.20.1-47.4.15_mapped_parchment_2023.09.03-1.20.1.jar%23191!/:?]
	at java.util.concurrent.CompletableFuture$AsyncRun.run(CompletableFuture.java:1804) ~[?:?]
	at java.util.concurrent.CompletableFuture$AsyncRun.exec(CompletableFuture.java:1796) ~[?:?]
	at java.util.concurrent.ForkJoinTask.doExec(ForkJoinTask.java:373) ~[?:?]
	at java.util.concurrent.ForkJoinPool$WorkQueue.topLevelExec(ForkJoinPool.java:1182) ~[?:?]
	at java.util.concurrent.ForkJoinPool.scan(ForkJoinPool.java:1655) ~[?:?]
	at java.util.concurrent.ForkJoinPool.runWorker(ForkJoinPool.java:1622) ~[?:?]
	at java.util.concurrent.ForkJoinWorkerThread.run(ForkJoinWorkerThread.java:165) ~[?:?]
[21Mar2026 17:50:08.257] [Worker-Main-2/ERROR] [net.minecraftforge.common.ForgeHooks/]: Couldn't parse element loot_tables:oneironaut:blocks/concept_decorator_color/light_blue
com.google.gson.JsonSyntaxException: Expected name to be an item, was unknown string 'oneironaut:concept_decorator_color_light_blue'
	at net.minecraft.util.GsonHelper.lambda$convertToItem$0(GsonHelper.java:145) ~[forge-1.20.1-47.4.15_mapped_parchment_2023.09.03-1.20.1.jar%23191!/:?]
	at java.util.Optional.orElseThrow(Optional.java:403) ~[?:?]
	at net.minecraft.util.GsonHelper.convertToItem(GsonHelper.java:145) ~[forge-1.20.1-47.4.15_mapped_parchment_2023.09.03-1.20.1.jar%23191!/:?]
	at net.minecraft.util.GsonHelper.getAsItem(GsonHelper.java:153) ~[forge-1.20.1-47.4.15_mapped_parchment_2023.09.03-1.20.1.jar%23191!/:?]
	at net.minecraft.world.level.storage.loot.entries.LootItem$Serializer.deserialize(LootItem.java:55) ~[forge-1.20.1-47.4.15_mapped_parchment_2023.09.03-1.20.1.jar%23191!/:?]
	at net.minecraft.world.level.storage.loot.entries.LootItem$Serializer.deserialize(LootItem.java:40) ~[forge-1.20.1-47.4.15_mapped_parchment_2023.09.03-1.20.1.jar%23191!/:?]
	at net.minecraft.world.level.storage.loot.entries.LootPoolSingletonContainer$Serializer.deserializeCustom(LootPoolSingletonContainer.java:151) ~[forge-1.20.1-47.4.15_mapped_parchment_2023.09.03-1.20.1.jar%23191!/:?]
	at net.minecraft.world.level.storage.loot.entries.LootPoolSingletonContainer$Serializer.deserializeCustom(LootPoolSingletonContainer.java:129) ~[forge-1.20.1-47.4.15_mapped_parchment_2023.09.03-1.20.1.jar%23191!/:?]
	at net.minecraft.world.level.storage.loot.entries.LootPoolEntryContainer$Serializer.deserialize(LootPoolEntryContainer.java:86) ~[forge-1.20.1-47.4.15_mapped_parchment_2023.09.03-1.20.1.jar%23191!/:?]
	at net.minecraft.world.level.storage.loot.entries.LootPoolEntryContainer$Serializer.deserialize(LootPoolEntryContainer.java:74) ~[forge-1.20.1-47.4.15_mapped_parchment_2023.09.03-1.20.1.jar%23191!/:?]
	at net.minecraft.world.level.storage.loot.GsonAdapterFactory$JsonAdapter.deserialize(GsonAdapterFactory.java:102) ~[forge-1.20.1-47.4.15_mapped_parchment_2023.09.03-1.20.1.jar%23191!/:?]
	at com.google.gson.internal.bind.TreeTypeAdapter.read(TreeTypeAdapter.java:76) ~[gson-2.10.jar%23131!/:?]
	at com.google.gson.internal.bind.TypeAdapterRuntimeTypeWrapper.read(TypeAdapterRuntimeTypeWrapper.java:40) ~[gson-2.10.jar%23131!/:?]
	at com.google.gson.internal.bind.ArrayTypeAdapter.read(ArrayTypeAdapter.java:72) ~[gson-2.10.jar%23131!/:?]
	at com.google.gson.Gson.fromJson(Gson.java:1214) ~[gson-2.10.jar%23131!/:?]
	at com.google.gson.Gson.fromJson(Gson.java:1319) ~[gson-2.10.jar%23131!/:?]
	at com.google.gson.Gson.fromJson(Gson.java:1290) ~[gson-2.10.jar%23131!/:?]
	at com.google.gson.internal.bind.TreeTypeAdapter$GsonContextImpl.deserialize(TreeTypeAdapter.java:179) ~[gson-2.10.jar%23131!/:?]
	at net.minecraft.util.GsonHelper.convertToObject(GsonHelper.java:463) ~[forge-1.20.1-47.4.15_mapped_parchment_2023.09.03-1.20.1.jar%23191!/:?]
	at net.minecraft.util.GsonHelper.getAsObject(GsonHelper.java:471) ~[forge-1.20.1-47.4.15_mapped_parchment_2023.09.03-1.20.1.jar%23191!/:?]
	at net.minecraft.world.level.storage.loot.LootPool$Serializer.deserialize(LootPool.java:192) ~[forge-1.20.1-47.4.15_mapped_parchment_2023.09.03-1.20.1.jar%23191!/:?]
	at net.minecraft.world.level.storage.loot.LootPool$Serializer.deserialize(LootPool.java:189) ~[forge-1.20.1-47.4.15_mapped_parchment_2023.09.03-1.20.1.jar%23191!/:?]
	at com.google.gson.internal.bind.TreeTypeAdapter.read(TreeTypeAdapter.java:76) ~[gson-2.10.jar%23131!/:?]
	at com.google.gson.internal.bind.TypeAdapterRuntimeTypeWrapper.read(TypeAdapterRuntimeTypeWrapper.java:40) ~[gson-2.10.jar%23131!/:?]
	at com.google.gson.internal.bind.ArrayTypeAdapter.read(ArrayTypeAdapter.java:72) ~[gson-2.10.jar%23131!/:?]
	at com.google.gson.Gson.fromJson(Gson.java:1214) ~[gson-2.10.jar%23131!/:?]
	at com.google.gson.Gson.fromJson(Gson.java:1319) ~[gson-2.10.jar%23131!/:?]
	at com.google.gson.Gson.fromJson(Gson.java:1290) ~[gson-2.10.jar%23131!/:?]
	at com.google.gson.internal.bind.TreeTypeAdapter$GsonContextImpl.deserialize(TreeTypeAdapter.java:179) ~[gson-2.10.jar%23131!/:?]
	at net.minecraft.util.GsonHelper.convertToObject(GsonHelper.java:463) ~[forge-1.20.1-47.4.15_mapped_parchment_2023.09.03-1.20.1.jar%23191!/:?]
	at net.minecraft.util.GsonHelper.getAsObject(GsonHelper.java:481) ~[forge-1.20.1-47.4.15_mapped_parchment_2023.09.03-1.20.1.jar%23191!/:?]
	at net.minecraft.world.level.storage.loot.LootTable$Serializer.deserialize(LootTable.java:294) ~[forge-1.20.1-47.4.15_mapped_parchment_2023.09.03-1.20.1.jar%23191!/:?]
	at net.minecraft.world.level.storage.loot.LootTable$Serializer.deserialize(LootTable.java:291) ~[forge-1.20.1-47.4.15_mapped_parchment_2023.09.03-1.20.1.jar%23191!/:?]
	at com.google.gson.internal.bind.TreeTypeAdapter.read(TreeTypeAdapter.java:76) ~[gson-2.10.jar%23131!/:?]
	at com.google.gson.Gson.fromJson(Gson.java:1214) ~[gson-2.10.jar%23131!/:?]
	at com.google.gson.Gson.fromJson(Gson.java:1319) ~[gson-2.10.jar%23131!/:?]
	at com.google.gson.Gson.fromJson(Gson.java:1261) ~[gson-2.10.jar%23131!/:?]
	at net.minecraftforge.common.ForgeHooks.loadLootTable(ForgeHooks.java:872) ~[forge-1.20.1-47.4.15_mapped_parchment_2023.09.03-1.20.1.jar%23190%23197!/:?]
	at net.minecraftforge.common.ForgeHooks.lambda$getLootTableDeserializer$3(ForgeHooks.java:849) ~[forge-1.20.1-47.4.15_mapped_parchment_2023.09.03-1.20.1.jar%23190%23197!/:?]
	at net.minecraft.world.level.storage.loot.LootDataType.deserialize(LootDataType.java:45) ~[forge-1.20.1-47.4.15_mapped_parchment_2023.09.03-1.20.1.jar%23191!/:?]
	at net.minecraft.world.level.storage.loot.LootDataManager.lambda$scheduleElementParse$4(LootDataManager.java:56) ~[forge-1.20.1-47.4.15_mapped_parchment_2023.09.03-1.20.1.jar%23191!/:?]
	at java.util.HashMap.forEach(HashMap.java:1421) ~[?:?]
	at net.minecraft.world.level.storage.loot.LootDataManager.lambda$scheduleElementParse$5(LootDataManager.java:55) ~[forge-1.20.1-47.4.15_mapped_parchment_2023.09.03-1.20.1.jar%23191!/:?]
	at java.util.concurrent.CompletableFuture$AsyncRun.run(CompletableFuture.java:1804) ~[?:?]
	at java.util.concurrent.CompletableFuture$AsyncRun.exec(CompletableFuture.java:1796) ~[?:?]
	at java.util.concurrent.ForkJoinTask.doExec(ForkJoinTask.java:373) ~[?:?]
	at java.util.concurrent.ForkJoinPool$WorkQueue.topLevelExec(ForkJoinPool.java:1182) ~[?:?]
	at java.util.concurrent.ForkJoinPool.scan(ForkJoinPool.java:1655) ~[?:?]
	at java.util.concurrent.ForkJoinPool.runWorker(ForkJoinPool.java:1622) ~[?:?]
	at java.util.concurrent.ForkJoinWorkerThread.run(ForkJoinWorkerThread.java:165) ~[?:?]
[21Mar2026 17:50:08.264] [Worker-Main-2/ERROR] [net.minecraftforge.common.ForgeHooks/]: Couldn't parse element loot_tables:oneironaut:blocks/concept_decorator_color/brown
com.google.gson.JsonSyntaxException: Expected name to be an item, was unknown string 'oneironaut:concept_decorator_color_brown'
	at net.minecraft.util.GsonHelper.lambda$convertToItem$0(GsonHelper.java:145) ~[forge-1.20.1-47.4.15_mapped_parchment_2023.09.03-1.20.1.jar%23191!/:?]
	at java.util.Optional.orElseThrow(Optional.java:403) ~[?:?]
	at net.minecraft.util.GsonHelper.convertToItem(GsonHelper.java:145) ~[forge-1.20.1-47.4.15_mapped_parchment_2023.09.03-1.20.1.jar%23191!/:?]
	at net.minecraft.util.GsonHelper.getAsItem(GsonHelper.java:153) ~[forge-1.20.1-47.4.15_mapped_parchment_2023.09.03-1.20.1.jar%23191!/:?]
	at net.minecraft.world.level.storage.loot.entries.LootItem$Serializer.deserialize(LootItem.java:55) ~[forge-1.20.1-47.4.15_mapped_parchment_2023.09.03-1.20.1.jar%23191!/:?]
	at net.minecraft.world.level.storage.loot.entries.LootItem$Serializer.deserialize(LootItem.java:40) ~[forge-1.20.1-47.4.15_mapped_parchment_2023.09.03-1.20.1.jar%23191!/:?]
	at net.minecraft.world.level.storage.loot.entries.LootPoolSingletonContainer$Serializer.deserializeCustom(LootPoolSingletonContainer.java:151) ~[forge-1.20.1-47.4.15_mapped_parchment_2023.09.03-1.20.1.jar%23191!/:?]
	at net.minecraft.world.level.storage.loot.entries.LootPoolSingletonContainer$Serializer.deserializeCustom(LootPoolSingletonContainer.java:129) ~[forge-1.20.1-47.4.15_mapped_parchment_2023.09.03-1.20.1.jar%23191!/:?]
	at net.minecraft.world.level.storage.loot.entries.LootPoolEntryContainer$Serializer.deserialize(LootPoolEntryContainer.java:86) ~[forge-1.20.1-47.4.15_mapped_parchment_2023.09.03-1.20.1.jar%23191!/:?]
	at net.minecraft.world.level.storage.loot.entries.LootPoolEntryContainer$Serializer.deserialize(LootPoolEntryContainer.java:74) ~[forge-1.20.1-47.4.15_mapped_parchment_2023.09.03-1.20.1.jar%23191!/:?]
	at net.minecraft.world.level.storage.loot.GsonAdapterFactory$JsonAdapter.deserialize(GsonAdapterFactory.java:102) ~[forge-1.20.1-47.4.15_mapped_parchment_2023.09.03-1.20.1.jar%23191!/:?]
	at com.google.gson.internal.bind.TreeTypeAdapter.read(TreeTypeAdapter.java:76) ~[gson-2.10.jar%23131!/:?]
	at com.google.gson.internal.bind.TypeAdapterRuntimeTypeWrapper.read(TypeAdapterRuntimeTypeWrapper.java:40) ~[gson-2.10.jar%23131!/:?]
	at com.google.gson.internal.bind.ArrayTypeAdapter.read(ArrayTypeAdapter.java:72) ~[gson-2.10.jar%23131!/:?]
	at com.google.gson.Gson.fromJson(Gson.java:1214) ~[gson-2.10.jar%23131!/:?]
	at com.google.gson.Gson.fromJson(Gson.java:1319) ~[gson-2.10.jar%23131!/:?]
	at com.google.gson.Gson.fromJson(Gson.java:1290) ~[gson-2.10.jar%23131!/:?]
	at com.google.gson.internal.bind.TreeTypeAdapter$GsonContextImpl.deserialize(TreeTypeAdapter.java:179) ~[gson-2.10.jar%23131!/:?]
	at net.minecraft.util.GsonHelper.convertToObject(GsonHelper.java:463) ~[forge-1.20.1-47.4.15_mapped_parchment_2023.09.03-1.20.1.jar%23191!/:?]
	at net.minecraft.util.GsonHelper.getAsObject(GsonHelper.java:471) ~[forge-1.20.1-47.4.15_mapped_parchment_2023.09.03-1.20.1.jar%23191!/:?]
	at net.minecraft.world.level.storage.loot.LootPool$Serializer.deserialize(LootPool.java:192) ~[forge-1.20.1-47.4.15_mapped_parchment_2023.09.03-1.20.1.jar%23191!/:?]
	at net.minecraft.world.level.storage.loot.LootPool$Serializer.deserialize(LootPool.java:189) ~[forge-1.20.1-47.4.15_mapped_parchment_2023.09.03-1.20.1.jar%23191!/:?]
	at com.google.gson.internal.bind.TreeTypeAdapter.read(TreeTypeAdapter.java:76) ~[gson-2.10.jar%23131!/:?]
	at com.google.gson.internal.bind.TypeAdapterRuntimeTypeWrapper.read(TypeAdapterRuntimeTypeWrapper.java:40) ~[gson-2.10.jar%23131!/:?]
	at com.google.gson.internal.bind.ArrayTypeAdapter.read(ArrayTypeAdapter.java:72) ~[gson-2.10.jar%23131!/:?]
	at com.google.gson.Gson.fromJson(Gson.java:1214) ~[gson-2.10.jar%23131!/:?]
	at com.google.gson.Gson.fromJson(Gson.java:1319) ~[gson-2.10.jar%23131!/:?]
	at com.google.gson.Gson.fromJson(Gson.java:1290) ~[gson-2.10.jar%23131!/:?]
	at com.google.gson.internal.bind.TreeTypeAdapter$GsonContextImpl.deserialize(TreeTypeAdapter.java:179) ~[gson-2.10.jar%23131!/:?]
	at net.minecraft.util.GsonHelper.convertToObject(GsonHelper.java:463) ~[forge-1.20.1-47.4.15_mapped_parchment_2023.09.03-1.20.1.jar%23191!/:?]
	at net.minecraft.util.GsonHelper.getAsObject(GsonHelper.java:481) ~[forge-1.20.1-47.4.15_mapped_parchment_2023.09.03-1.20.1.jar%23191!/:?]
	at net.minecraft.world.level.storage.loot.LootTable$Serializer.deserialize(LootTable.java:294) ~[forge-1.20.1-47.4.15_mapped_parchment_2023.09.03-1.20.1.jar%23191!/:?]
	at net.minecraft.world.level.storage.loot.LootTable$Serializer.deserialize(LootTable.java:291) ~[forge-1.20.1-47.4.15_mapped_parchment_2023.09.03-1.20.1.jar%23191!/:?]
	at com.google.gson.internal.bind.TreeTypeAdapter.read(TreeTypeAdapter.java:76) ~[gson-2.10.jar%23131!/:?]
	at com.google.gson.Gson.fromJson(Gson.java:1214) ~[gson-2.10.jar%23131!/:?]
	at com.google.gson.Gson.fromJson(Gson.java:1319) ~[gson-2.10.jar%23131!/:?]
	at com.google.gson.Gson.fromJson(Gson.java:1261) ~[gson-2.10.jar%23131!/:?]
	at net.minecraftforge.common.ForgeHooks.loadLootTable(ForgeHooks.java:872) ~[forge-1.20.1-47.4.15_mapped_parchment_2023.09.03-1.20.1.jar%23190%23197!/:?]
	at net.minecraftforge.common.ForgeHooks.lambda$getLootTableDeserializer$3(ForgeHooks.java:849) ~[forge-1.20.1-47.4.15_mapped_parchment_2023.09.03-1.20.1.jar%23190%23197!/:?]
	at net.minecraft.world.level.storage.loot.LootDataType.deserialize(LootDataType.java:45) ~[forge-1.20.1-47.4.15_mapped_parchment_2023.09.03-1.20.1.jar%23191!/:?]
	at net.minecraft.world.level.storage.loot.LootDataManager.lambda$scheduleElementParse$4(LootDataManager.java:56) ~[forge-1.20.1-47.4.15_mapped_parchment_2023.09.03-1.20.1.jar%23191!/:?]
	at java.util.HashMap.forEach(HashMap.java:1421) ~[?:?]
	at net.minecraft.world.level.storage.loot.LootDataManager.lambda$scheduleElementParse$5(LootDataManager.java:55) ~[forge-1.20.1-47.4.15_mapped_parchment_2023.09.03-1.20.1.jar%23191!/:?]
	at java.util.concurrent.CompletableFuture$AsyncRun.run(CompletableFuture.java:1804) ~[?:?]
	at java.util.concurrent.CompletableFuture$AsyncRun.exec(CompletableFuture.java:1796) ~[?:?]
	at java.util.concurrent.ForkJoinTask.doExec(ForkJoinTask.java:373) ~[?:?]
	at java.util.concurrent.ForkJoinPool$WorkQueue.topLevelExec(ForkJoinPool.java:1182) ~[?:?]
	at java.util.concurrent.ForkJoinPool.scan(ForkJoinPool.java:1655) ~[?:?]
	at java.util.concurrent.ForkJoinPool.runWorker(ForkJoinPool.java:1622) ~[?:?]
	at java.util.concurrent.ForkJoinWorkerThread.run(ForkJoinWorkerThread.java:165) ~[?:?]
[21Mar2026 17:50:08.271] [Worker-Main-2/ERROR] [net.minecraftforge.common.ForgeHooks/]: Couldn't parse element loot_tables:oneironaut:blocks/concept_decorator_color/black
com.google.gson.JsonSyntaxException: Expected name to be an item, was unknown string 'oneironaut:concept_decorator_color_black'
	at net.minecraft.util.GsonHelper.lambda$convertToItem$0(GsonHelper.java:145) ~[forge-1.20.1-47.4.15_mapped_parchment_2023.09.03-1.20.1.jar%23191!/:?]
	at java.util.Optional.orElseThrow(Optional.java:403) ~[?:?]
	at net.minecraft.util.GsonHelper.convertToItem(GsonHelper.java:145) ~[forge-1.20.1-47.4.15_mapped_parchment_2023.09.03-1.20.1.jar%23191!/:?]
	at net.minecraft.util.GsonHelper.getAsItem(GsonHelper.java:153) ~[forge-1.20.1-47.4.15_mapped_parchment_2023.09.03-1.20.1.jar%23191!/:?]
	at net.minecraft.world.level.storage.loot.entries.LootItem$Serializer.deserialize(LootItem.java:55) ~[forge-1.20.1-47.4.15_mapped_parchment_2023.09.03-1.20.1.jar%23191!/:?]
	at net.minecraft.world.level.storage.loot.entries.LootItem$Serializer.deserialize(LootItem.java:40) ~[forge-1.20.1-47.4.15_mapped_parchment_2023.09.03-1.20.1.jar%23191!/:?]
	at net.minecraft.world.level.storage.loot.entries.LootPoolSingletonContainer$Serializer.deserializeCustom(LootPoolSingletonContainer.java:151) ~[forge-1.20.1-47.4.15_mapped_parchment_2023.09.03-1.20.1.jar%23191!/:?]
	at net.minecraft.world.level.storage.loot.entries.LootPoolSingletonContainer$Serializer.deserializeCustom(LootPoolSingletonContainer.java:129) ~[forge-1.20.1-47.4.15_mapped_parchment_2023.09.03-1.20.1.jar%23191!/:?]
	at net.minecraft.world.level.storage.loot.entries.LootPoolEntryContainer$Serializer.deserialize(LootPoolEntryContainer.java:86) ~[forge-1.20.1-47.4.15_mapped_parchment_2023.09.03-1.20.1.jar%23191!/:?]
	at net.minecraft.world.level.storage.loot.entries.LootPoolEntryContainer$Serializer.deserialize(LootPoolEntryContainer.java:74) ~[forge-1.20.1-47.4.15_mapped_parchment_2023.09.03-1.20.1.jar%23191!/:?]
	at net.minecraft.world.level.storage.loot.GsonAdapterFactory$JsonAdapter.deserialize(GsonAdapterFactory.java:102) ~[forge-1.20.1-47.4.15_mapped_parchment_2023.09.03-1.20.1.jar%23191!/:?]
	at com.google.gson.internal.bind.TreeTypeAdapter.read(TreeTypeAdapter.java:76) ~[gson-2.10.jar%23131!/:?]
	at com.google.gson.internal.bind.TypeAdapterRuntimeTypeWrapper.read(TypeAdapterRuntimeTypeWrapper.java:40) ~[gson-2.10.jar%23131!/:?]
	at com.google.gson.internal.bind.ArrayTypeAdapter.read(ArrayTypeAdapter.java:72) ~[gson-2.10.jar%23131!/:?]
	at com.google.gson.Gson.fromJson(Gson.java:1214) ~[gson-2.10.jar%23131!/:?]
	at com.google.gson.Gson.fromJson(Gson.java:1319) ~[gson-2.10.jar%23131!/:?]
	at com.google.gson.Gson.fromJson(Gson.java:1290) ~[gson-2.10.jar%23131!/:?]
	at com.google.gson.internal.bind.TreeTypeAdapter$GsonContextImpl.deserialize(TreeTypeAdapter.java:179) ~[gson-2.10.jar%23131!/:?]
	at net.minecraft.util.GsonHelper.convertToObject(GsonHelper.java:463) ~[forge-1.20.1-47.4.15_mapped_parchment_2023.09.03-1.20.1.jar%23191!/:?]
	at net.minecraft.util.GsonHelper.getAsObject(GsonHelper.java:471) ~[forge-1.20.1-47.4.15_mapped_parchment_2023.09.03-1.20.1.jar%23191!/:?]
	at net.minecraft.world.level.storage.loot.LootPool$Serializer.deserialize(LootPool.java:192) ~[forge-1.20.1-47.4.15_mapped_parchment_2023.09.03-1.20.1.jar%23191!/:?]
	at net.minecraft.world.level.storage.loot.LootPool$Serializer.deserialize(LootPool.java:189) ~[forge-1.20.1-47.4.15_mapped_parchment_2023.09.03-1.20.1.jar%23191!/:?]
	at com.google.gson.internal.bind.TreeTypeAdapter.read(TreeTypeAdapter.java:76) ~[gson-2.10.jar%23131!/:?]
	at com.google.gson.internal.bind.TypeAdapterRuntimeTypeWrapper.read(TypeAdapterRuntimeTypeWrapper.java:40) ~[gson-2.10.jar%23131!/:?]
	at com.google.gson.internal.bind.ArrayTypeAdapter.read(ArrayTypeAdapter.java:72) ~[gson-2.10.jar%23131!/:?]
	at com.google.gson.Gson.fromJson(Gson.java:1214) ~[gson-2.10.jar%23131!/:?]
	at com.google.gson.Gson.fromJson(Gson.java:1319) ~[gson-2.10.jar%23131!/:?]
	at com.google.gson.Gson.fromJson(Gson.java:1290) ~[gson-2.10.jar%23131!/:?]
	at com.google.gson.internal.bind.TreeTypeAdapter$GsonContextImpl.deserialize(TreeTypeAdapter.java:179) ~[gson-2.10.jar%23131!/:?]
	at net.minecraft.util.GsonHelper.convertToObject(GsonHelper.java:463) ~[forge-1.20.1-47.4.15_mapped_parchment_2023.09.03-1.20.1.jar%23191!/:?]
	at net.minecraft.util.GsonHelper.getAsObject(GsonHelper.java:481) ~[forge-1.20.1-47.4.15_mapped_parchment_2023.09.03-1.20.1.jar%23191!/:?]
	at net.minecraft.world.level.storage.loot.LootTable$Serializer.deserialize(LootTable.java:294) ~[forge-1.20.1-47.4.15_mapped_parchment_2023.09.03-1.20.1.jar%23191!/:?]
	at net.minecraft.world.level.storage.loot.LootTable$Serializer.deserialize(LootTable.java:291) ~[forge-1.20.1-47.4.15_mapped_parchment_2023.09.03-1.20.1.jar%23191!/:?]
	at com.google.gson.internal.bind.TreeTypeAdapter.read(TreeTypeAdapter.java:76) ~[gson-2.10.jar%23131!/:?]
	at com.google.gson.Gson.fromJson(Gson.java:1214) ~[gson-2.10.jar%23131!/:?]
	at com.google.gson.Gson.fromJson(Gson.java:1319) ~[gson-2.10.jar%23131!/:?]
	at com.google.gson.Gson.fromJson(Gson.java:1261) ~[gson-2.10.jar%23131!/:?]
	at net.minecraftforge.common.ForgeHooks.loadLootTable(ForgeHooks.java:872) ~[forge-1.20.1-47.4.15_mapped_parchment_2023.09.03-1.20.1.jar%23190%23197!/:?]
	at net.minecraftforge.common.ForgeHooks.lambda$getLootTableDeserializer$3(ForgeHooks.java:849) ~[forge-1.20.1-47.4.15_mapped_parchment_2023.09.03-1.20.1.jar%23190%23197!/:?]
	at net.minecraft.world.level.storage.loot.LootDataType.deserialize(LootDataType.java:45) ~[forge-1.20.1-47.4.15_mapped_parchment_2023.09.03-1.20.1.jar%23191!/:?]
	at net.minecraft.world.level.storage.loot.LootDataManager.lambda$scheduleElementParse$4(LootDataManager.java:56) ~[forge-1.20.1-47.4.15_mapped_parchment_2023.09.03-1.20.1.jar%23191!/:?]
	at java.util.HashMap.forEach(HashMap.java:1421) ~[?:?]
	at net.minecraft.world.level.storage.loot.LootDataManager.lambda$scheduleElementParse$5(LootDataManager.java:55) ~[forge-1.20.1-47.4.15_mapped_parchment_2023.09.03-1.20.1.jar%23191!/:?]
	at java.util.concurrent.CompletableFuture$AsyncRun.run(CompletableFuture.java:1804) ~[?:?]
	at java.util.concurrent.CompletableFuture$AsyncRun.exec(CompletableFuture.java:1796) ~[?:?]
	at java.util.concurrent.ForkJoinTask.doExec(ForkJoinTask.java:373) ~[?:?]
	at java.util.concurrent.ForkJoinPool$WorkQueue.topLevelExec(ForkJoinPool.java:1182) ~[?:?]
	at java.util.concurrent.ForkJoinPool.scan(ForkJoinPool.java:1655) ~[?:?]
	at java.util.concurrent.ForkJoinPool.runWorker(ForkJoinPool.java:1622) ~[?:?]
	at java.util.concurrent.ForkJoinWorkerThread.run(ForkJoinWorkerThread.java:165) ~[?:?]
[21Mar2026 17:50:08.288] [Worker-Main-2/ERROR] [net.minecraftforge.common.ForgeHooks/]: Couldn't parse element loot_tables:oneironaut:blocks/concept_decorator_color/yellow
com.google.gson.JsonSyntaxException: Expected name to be an item, was unknown string 'oneironaut:concept_decorator_color_yellow'
	at net.minecraft.util.GsonHelper.lambda$convertToItem$0(GsonHelper.java:145) ~[forge-1.20.1-47.4.15_mapped_parchment_2023.09.03-1.20.1.jar%23191!/:?]
	at java.util.Optional.orElseThrow(Optional.java:403) ~[?:?]
	at net.minecraft.util.GsonHelper.convertToItem(GsonHelper.java:145) ~[forge-1.20.1-47.4.15_mapped_parchment_2023.09.03-1.20.1.jar%23191!/:?]
	at net.minecraft.util.GsonHelper.getAsItem(GsonHelper.java:153) ~[forge-1.20.1-47.4.15_mapped_parchment_2023.09.03-1.20.1.jar%23191!/:?]
	at net.minecraft.world.level.storage.loot.entries.LootItem$Serializer.deserialize(LootItem.java:55) ~[forge-1.20.1-47.4.15_mapped_parchment_2023.09.03-1.20.1.jar%23191!/:?]
	at net.minecraft.world.level.storage.loot.entries.LootItem$Serializer.deserialize(LootItem.java:40) ~[forge-1.20.1-47.4.15_mapped_parchment_2023.09.03-1.20.1.jar%23191!/:?]
	at net.minecraft.world.level.storage.loot.entries.LootPoolSingletonContainer$Serializer.deserializeCustom(LootPoolSingletonContainer.java:151) ~[forge-1.20.1-47.4.15_mapped_parchment_2023.09.03-1.20.1.jar%23191!/:?]
	at net.minecraft.world.level.storage.loot.entries.LootPoolSingletonContainer$Serializer.deserializeCustom(LootPoolSingletonContainer.java:129) ~[forge-1.20.1-47.4.15_mapped_parchment_2023.09.03-1.20.1.jar%23191!/:?]
	at net.minecraft.world.level.storage.loot.entries.LootPoolEntryContainer$Serializer.deserialize(LootPoolEntryContainer.java:86) ~[forge-1.20.1-47.4.15_mapped_parchment_2023.09.03-1.20.1.jar%23191!/:?]
	at net.minecraft.world.level.storage.loot.entries.LootPoolEntryContainer$Serializer.deserialize(LootPoolEntryContainer.java:74) ~[forge-1.20.1-47.4.15_mapped_parchment_2023.09.03-1.20.1.jar%23191!/:?]
	at net.minecraft.world.level.storage.loot.GsonAdapterFactory$JsonAdapter.deserialize(GsonAdapterFactory.java:102) ~[forge-1.20.1-47.4.15_mapped_parchment_2023.09.03-1.20.1.jar%23191!/:?]
	at com.google.gson.internal.bind.TreeTypeAdapter.read(TreeTypeAdapter.java:76) ~[gson-2.10.jar%23131!/:?]
	at com.google.gson.internal.bind.TypeAdapterRuntimeTypeWrapper.read(TypeAdapterRuntimeTypeWrapper.java:40) ~[gson-2.10.jar%23131!/:?]
	at com.google.gson.internal.bind.ArrayTypeAdapter.read(ArrayTypeAdapter.java:72) ~[gson-2.10.jar%23131!/:?]
	at com.google.gson.Gson.fromJson(Gson.java:1214) ~[gson-2.10.jar%23131!/:?]
	at com.google.gson.Gson.fromJson(Gson.java:1319) ~[gson-2.10.jar%23131!/:?]
	at com.google.gson.Gson.fromJson(Gson.java:1290) ~[gson-2.10.jar%23131!/:?]
	at com.google.gson.internal.bind.TreeTypeAdapter$GsonContextImpl.deserialize(TreeTypeAdapter.java:179) ~[gson-2.10.jar%23131!/:?]
	at net.minecraft.util.GsonHelper.convertToObject(GsonHelper.java:463) ~[forge-1.20.1-47.4.15_mapped_parchment_2023.09.03-1.20.1.jar%23191!/:?]
	at net.minecraft.util.GsonHelper.getAsObject(GsonHelper.java:471) ~[forge-1.20.1-47.4.15_mapped_parchment_2023.09.03-1.20.1.jar%23191!/:?]
	at net.minecraft.world.level.storage.loot.LootPool$Serializer.deserialize(LootPool.java:192) ~[forge-1.20.1-47.4.15_mapped_parchment_2023.09.03-1.20.1.jar%23191!/:?]
	at net.minecraft.world.level.storage.loot.LootPool$Serializer.deserialize(LootPool.java:189) ~[forge-1.20.1-47.4.15_mapped_parchment_2023.09.03-1.20.1.jar%23191!/:?]
	at com.google.gson.internal.bind.TreeTypeAdapter.read(TreeTypeAdapter.java:76) ~[gson-2.10.jar%23131!/:?]
	at com.google.gson.internal.bind.TypeAdapterRuntimeTypeWrapper.read(TypeAdapterRuntimeTypeWrapper.java:40) ~[gson-2.10.jar%23131!/:?]
	at com.google.gson.internal.bind.ArrayTypeAdapter.read(ArrayTypeAdapter.java:72) ~[gson-2.10.jar%23131!/:?]
	at com.google.gson.Gson.fromJson(Gson.java:1214) ~[gson-2.10.jar%23131!/:?]
	at com.google.gson.Gson.fromJson(Gson.java:1319) ~[gson-2.10.jar%23131!/:?]
	at com.google.gson.Gson.fromJson(Gson.java:1290) ~[gson-2.10.jar%23131!/:?]
	at com.google.gson.internal.bind.TreeTypeAdapter$GsonContextImpl.deserialize(TreeTypeAdapter.java:179) ~[gson-2.10.jar%23131!/:?]
	at net.minecraft.util.GsonHelper.convertToObject(GsonHelper.java:463) ~[forge-1.20.1-47.4.15_mapped_parchment_2023.09.03-1.20.1.jar%23191!/:?]
	at net.minecraft.util.GsonHelper.getAsObject(GsonHelper.java:481) ~[forge-1.20.1-47.4.15_mapped_parchment_2023.09.03-1.20.1.jar%23191!/:?]
	at net.minecraft.world.level.storage.loot.LootTable$Serializer.deserialize(LootTable.java:294) ~[forge-1.20.1-47.4.15_mapped_parchment_2023.09.03-1.20.1.jar%23191!/:?]
	at net.minecraft.world.level.storage.loot.LootTable$Serializer.deserialize(LootTable.java:291) ~[forge-1.20.1-47.4.15_mapped_parchment_2023.09.03-1.20.1.jar%23191!/:?]
	at com.google.gson.internal.bind.TreeTypeAdapter.read(TreeTypeAdapter.java:76) ~[gson-2.10.jar%23131!/:?]
	at com.google.gson.Gson.fromJson(Gson.java:1214) ~[gson-2.10.jar%23131!/:?]
	at com.google.gson.Gson.fromJson(Gson.java:1319) ~[gson-2.10.jar%23131!/:?]
	at com.google.gson.Gson.fromJson(Gson.java:1261) ~[gson-2.10.jar%23131!/:?]
	at net.minecraftforge.common.ForgeHooks.loadLootTable(ForgeHooks.java:872) ~[forge-1.20.1-47.4.15_mapped_parchment_2023.09.03-1.20.1.jar%23190%23197!/:?]
	at net.minecraftforge.common.ForgeHooks.lambda$getLootTableDeserializer$3(ForgeHooks.java:849) ~[forge-1.20.1-47.4.15_mapped_parchment_2023.09.03-1.20.1.jar%23190%23197!/:?]
	at net.minecraft.world.level.storage.loot.LootDataType.deserialize(LootDataType.java:45) ~[forge-1.20.1-47.4.15_mapped_parchment_2023.09.03-1.20.1.jar%23191!/:?]
	at net.minecraft.world.level.storage.loot.LootDataManager.lambda$scheduleElementParse$4(LootDataManager.java:56) ~[forge-1.20.1-47.4.15_mapped_parchment_2023.09.03-1.20.1.jar%23191!/:?]
	at java.util.HashMap.forEach(HashMap.java:1421) ~[?:?]
	at net.minecraft.world.level.storage.loot.LootDataManager.lambda$scheduleElementParse$5(LootDataManager.java:55) ~[forge-1.20.1-47.4.15_mapped_parchment_2023.09.03-1.20.1.jar%23191!/:?]
	at java.util.concurrent.CompletableFuture$AsyncRun.run(CompletableFuture.java:1804) ~[?:?]
	at java.util.concurrent.CompletableFuture$AsyncRun.exec(CompletableFuture.java:1796) ~[?:?]
	at java.util.concurrent.ForkJoinTask.doExec(ForkJoinTask.java:373) ~[?:?]
	at java.util.concurrent.ForkJoinPool$WorkQueue.topLevelExec(ForkJoinPool.java:1182) ~[?:?]
	at java.util.concurrent.ForkJoinPool.scan(ForkJoinPool.java:1655) ~[?:?]
	at java.util.concurrent.ForkJoinPool.runWorker(ForkJoinPool.java:1622) ~[?:?]
	at java.util.concurrent.ForkJoinWorkerThread.run(ForkJoinWorkerThread.java:165) ~[?:?]
[21Mar2026 17:50:08.306] [Worker-Main-2/ERROR] [net.minecraftforge.common.ForgeHooks/]: Couldn't parse element loot_tables:oneironaut:blocks/concept_decorator_color/green
com.google.gson.JsonSyntaxException: Expected name to be an item, was unknown string 'oneironaut:concept_decorator_color_green'
	at net.minecraft.util.GsonHelper.lambda$convertToItem$0(GsonHelper.java:145) ~[forge-1.20.1-47.4.15_mapped_parchment_2023.09.03-1.20.1.jar%23191!/:?]
	at java.util.Optional.orElseThrow(Optional.java:403) ~[?:?]
	at net.minecraft.util.GsonHelper.convertToItem(GsonHelper.java:145) ~[forge-1.20.1-47.4.15_mapped_parchment_2023.09.03-1.20.1.jar%23191!/:?]
	at net.minecraft.util.GsonHelper.getAsItem(GsonHelper.java:153) ~[forge-1.20.1-47.4.15_mapped_parchment_2023.09.03-1.20.1.jar%23191!/:?]
	at net.minecraft.world.level.storage.loot.entries.LootItem$Serializer.deserialize(LootItem.java:55) ~[forge-1.20.1-47.4.15_mapped_parchment_2023.09.03-1.20.1.jar%23191!/:?]
	at net.minecraft.world.level.storage.loot.entries.LootItem$Serializer.deserialize(LootItem.java:40) ~[forge-1.20.1-47.4.15_mapped_parchment_2023.09.03-1.20.1.jar%23191!/:?]
	at net.minecraft.world.level.storage.loot.entries.LootPoolSingletonContainer$Serializer.deserializeCustom(LootPoolSingletonContainer.java:151) ~[forge-1.20.1-47.4.15_mapped_parchment_2023.09.03-1.20.1.jar%23191!/:?]
	at net.minecraft.world.level.storage.loot.entries.LootPoolSingletonContainer$Serializer.deserializeCustom(LootPoolSingletonContainer.java:129) ~[forge-1.20.1-47.4.15_mapped_parchment_2023.09.03-1.20.1.jar%23191!/:?]
	at net.minecraft.world.level.storage.loot.entries.LootPoolEntryContainer$Serializer.deserialize(LootPoolEntryContainer.java:86) ~[forge-1.20.1-47.4.15_mapped_parchment_2023.09.03-1.20.1.jar%23191!/:?]
	at net.minecraft.world.level.storage.loot.entries.LootPoolEntryContainer$Serializer.deserialize(LootPoolEntryContainer.java:74) ~[forge-1.20.1-47.4.15_mapped_parchment_2023.09.03-1.20.1.jar%23191!/:?]
	at net.minecraft.world.level.storage.loot.GsonAdapterFactory$JsonAdapter.deserialize(GsonAdapterFactory.java:102) ~[forge-1.20.1-47.4.15_mapped_parchment_2023.09.03-1.20.1.jar%23191!/:?]
	at com.google.gson.internal.bind.TreeTypeAdapter.read(TreeTypeAdapter.java:76) ~[gson-2.10.jar%23131!/:?]
	at com.google.gson.internal.bind.TypeAdapterRuntimeTypeWrapper.read(TypeAdapterRuntimeTypeWrapper.java:40) ~[gson-2.10.jar%23131!/:?]
	at com.google.gson.internal.bind.ArrayTypeAdapter.read(ArrayTypeAdapter.java:72) ~[gson-2.10.jar%23131!/:?]
	at com.google.gson.Gson.fromJson(Gson.java:1214) ~[gson-2.10.jar%23131!/:?]
	at com.google.gson.Gson.fromJson(Gson.java:1319) ~[gson-2.10.jar%23131!/:?]
	at com.google.gson.Gson.fromJson(Gson.java:1290) ~[gson-2.10.jar%23131!/:?]
	at com.google.gson.internal.bind.TreeTypeAdapter$GsonContextImpl.deserialize(TreeTypeAdapter.java:179) ~[gson-2.10.jar%23131!/:?]
	at net.minecraft.util.GsonHelper.convertToObject(GsonHelper.java:463) ~[forge-1.20.1-47.4.15_mapped_parchment_2023.09.03-1.20.1.jar%23191!/:?]
	at net.minecraft.util.GsonHelper.getAsObject(GsonHelper.java:471) ~[forge-1.20.1-47.4.15_mapped_parchment_2023.09.03-1.20.1.jar%23191!/:?]
	at net.minecraft.world.level.storage.loot.LootPool$Serializer.deserialize(LootPool.java:192) ~[forge-1.20.1-47.4.15_mapped_parchment_2023.09.03-1.20.1.jar%23191!/:?]
	at net.minecraft.world.level.storage.loot.LootPool$Serializer.deserialize(LootPool.java:189) ~[forge-1.20.1-47.4.15_mapped_parchment_2023.09.03-1.20.1.jar%23191!/:?]
	at com.google.gson.internal.bind.TreeTypeAdapter.read(TreeTypeAdapter.java:76) ~[gson-2.10.jar%23131!/:?]
	at com.google.gson.internal.bind.TypeAdapterRuntimeTypeWrapper.read(TypeAdapterRuntimeTypeWrapper.java:40) ~[gson-2.10.jar%23131!/:?]
	at com.google.gson.internal.bind.ArrayTypeAdapter.read(ArrayTypeAdapter.java:72) ~[gson-2.10.jar%23131!/:?]
	at com.google.gson.Gson.fromJson(Gson.java:1214) ~[gson-2.10.jar%23131!/:?]
	at com.google.gson.Gson.fromJson(Gson.java:1319) ~[gson-2.10.jar%23131!/:?]
	at com.google.gson.Gson.fromJson(Gson.java:1290) ~[gson-2.10.jar%23131!/:?]
	at com.google.gson.internal.bind.TreeTypeAdapter$GsonContextImpl.deserialize(TreeTypeAdapter.java:179) ~[gson-2.10.jar%23131!/:?]
	at net.minecraft.util.GsonHelper.convertToObject(GsonHelper.java:463) ~[forge-1.20.1-47.4.15_mapped_parchment_2023.09.03-1.20.1.jar%23191!/:?]
	at net.minecraft.util.GsonHelper.getAsObject(GsonHelper.java:481) ~[forge-1.20.1-47.4.15_mapped_parchment_2023.09.03-1.20.1.jar%23191!/:?]
	at net.minecraft.world.level.storage.loot.LootTable$Serializer.deserialize(LootTable.java:294) ~[forge-1.20.1-47.4.15_mapped_parchment_2023.09.03-1.20.1.jar%23191!/:?]
	at net.minecraft.world.level.storage.loot.LootTable$Serializer.deserialize(LootTable.java:291) ~[forge-1.20.1-47.4.15_mapped_parchment_2023.09.03-1.20.1.jar%23191!/:?]
	at com.google.gson.internal.bind.TreeTypeAdapter.read(TreeTypeAdapter.java:76) ~[gson-2.10.jar%23131!/:?]
	at com.google.gson.Gson.fromJson(Gson.java:1214) ~[gson-2.10.jar%23131!/:?]
	at com.google.gson.Gson.fromJson(Gson.java:1319) ~[gson-2.10.jar%23131!/:?]
	at com.google.gson.Gson.fromJson(Gson.java:1261) ~[gson-2.10.jar%23131!/:?]
	at net.minecraftforge.common.ForgeHooks.loadLootTable(ForgeHooks.java:872) ~[forge-1.20.1-47.4.15_mapped_parchment_2023.09.03-1.20.1.jar%23190%23197!/:?]
	at net.minecraftforge.common.ForgeHooks.lambda$getLootTableDeserializer$3(ForgeHooks.java:849) ~[forge-1.20.1-47.4.15_mapped_parchment_2023.09.03-1.20.1.jar%23190%23197!/:?]
	at net.minecraft.world.level.storage.loot.LootDataType.deserialize(LootDataType.java:45) ~[forge-1.20.1-47.4.15_mapped_parchment_2023.09.03-1.20.1.jar%23191!/:?]
	at net.minecraft.world.level.storage.loot.LootDataManager.lambda$scheduleElementParse$4(LootDataManager.java:56) ~[forge-1.20.1-47.4.15_mapped_parchment_2023.09.03-1.20.1.jar%23191!/:?]
	at java.util.HashMap.forEach(HashMap.java:1421) ~[?:?]
	at net.minecraft.world.level.storage.loot.LootDataManager.lambda$scheduleElementParse$5(LootDataManager.java:55) ~[forge-1.20.1-47.4.15_mapped_parchment_2023.09.03-1.20.1.jar%23191!/:?]
	at java.util.concurrent.CompletableFuture$AsyncRun.run(CompletableFuture.java:1804) ~[?:?]
	at java.util.concurrent.CompletableFuture$AsyncRun.exec(CompletableFuture.java:1796) ~[?:?]
	at java.util.concurrent.ForkJoinTask.doExec(ForkJoinTask.java:373) ~[?:?]
	at java.util.concurrent.ForkJoinPool$WorkQueue.topLevelExec(ForkJoinPool.java:1182) ~[?:?]
	at java.util.concurrent.ForkJoinPool.scan(ForkJoinPool.java:1655) ~[?:?]
	at java.util.concurrent.ForkJoinPool.runWorker(ForkJoinPool.java:1622) ~[?:?]
	at java.util.concurrent.ForkJoinWorkerThread.run(ForkJoinWorkerThread.java:165) ~[?:?]
[21Mar2026 17:50:08.342] [Worker-Main-2/ERROR] [net.minecraftforge.common.ForgeHooks/]: Couldn't parse element loot_tables:oneironaut:blocks/concept_decorator_color/lime
com.google.gson.JsonSyntaxException: Expected name to be an item, was unknown string 'oneironaut:concept_decorator_color_lime'
	at net.minecraft.util.GsonHelper.lambda$convertToItem$0(GsonHelper.java:145) ~[forge-1.20.1-47.4.15_mapped_parchment_2023.09.03-1.20.1.jar%23191!/:?]
	at java.util.Optional.orElseThrow(Optional.java:403) ~[?:?]
	at net.minecraft.util.GsonHelper.convertToItem(GsonHelper.java:145) ~[forge-1.20.1-47.4.15_mapped_parchment_2023.09.03-1.20.1.jar%23191!/:?]
	at net.minecraft.util.GsonHelper.getAsItem(GsonHelper.java:153) ~[forge-1.20.1-47.4.15_mapped_parchment_2023.09.03-1.20.1.jar%23191!/:?]
	at net.minecraft.world.level.storage.loot.entries.LootItem$Serializer.deserialize(LootItem.java:55) ~[forge-1.20.1-47.4.15_mapped_parchment_2023.09.03-1.20.1.jar%23191!/:?]
	at net.minecraft.world.level.storage.loot.entries.LootItem$Serializer.deserialize(LootItem.java:40) ~[forge-1.20.1-47.4.15_mapped_parchment_2023.09.03-1.20.1.jar%23191!/:?]
	at net.minecraft.world.level.storage.loot.entries.LootPoolSingletonContainer$Serializer.deserializeCustom(LootPoolSingletonContainer.java:151) ~[forge-1.20.1-47.4.15_mapped_parchment_2023.09.03-1.20.1.jar%23191!/:?]
	at net.minecraft.world.level.storage.loot.entries.LootPoolSingletonContainer$Serializer.deserializeCustom(LootPoolSingletonContainer.java:129) ~[forge-1.20.1-47.4.15_mapped_parchment_2023.09.03-1.20.1.jar%23191!/:?]
	at net.minecraft.world.level.storage.loot.entries.LootPoolEntryContainer$Serializer.deserialize(LootPoolEntryContainer.java:86) ~[forge-1.20.1-47.4.15_mapped_parchment_2023.09.03-1.20.1.jar%23191!/:?]
	at net.minecraft.world.level.storage.loot.entries.LootPoolEntryContainer$Serializer.deserialize(LootPoolEntryContainer.java:74) ~[forge-1.20.1-47.4.15_mapped_parchment_2023.09.03-1.20.1.jar%23191!/:?]
	at net.minecraft.world.level.storage.loot.GsonAdapterFactory$JsonAdapter.deserialize(GsonAdapterFactory.java:102) ~[forge-1.20.1-47.4.15_mapped_parchment_2023.09.03-1.20.1.jar%23191!/:?]
	at com.google.gson.internal.bind.TreeTypeAdapter.read(TreeTypeAdapter.java:76) ~[gson-2.10.jar%23131!/:?]
	at com.google.gson.internal.bind.TypeAdapterRuntimeTypeWrapper.read(TypeAdapterRuntimeTypeWrapper.java:40) ~[gson-2.10.jar%23131!/:?]
	at com.google.gson.internal.bind.ArrayTypeAdapter.read(ArrayTypeAdapter.java:72) ~[gson-2.10.jar%23131!/:?]
	at com.google.gson.Gson.fromJson(Gson.java:1214) ~[gson-2.10.jar%23131!/:?]
	at com.google.gson.Gson.fromJson(Gson.java:1319) ~[gson-2.10.jar%23131!/:?]
	at com.google.gson.Gson.fromJson(Gson.java:1290) ~[gson-2.10.jar%23131!/:?]
	at com.google.gson.internal.bind.TreeTypeAdapter$GsonContextImpl.deserialize(TreeTypeAdapter.java:179) ~[gson-2.10.jar%23131!/:?]
	at net.minecraft.util.GsonHelper.convertToObject(GsonHelper.java:463) ~[forge-1.20.1-47.4.15_mapped_parchment_2023.09.03-1.20.1.jar%23191!/:?]
	at net.minecraft.util.GsonHelper.getAsObject(GsonHelper.java:471) ~[forge-1.20.1-47.4.15_mapped_parchment_2023.09.03-1.20.1.jar%23191!/:?]
	at net.minecraft.world.level.storage.loot.LootPool$Serializer.deserialize(LootPool.java:192) ~[forge-1.20.1-47.4.15_mapped_parchment_2023.09.03-1.20.1.jar%23191!/:?]
	at net.minecraft.world.level.storage.loot.LootPool$Serializer.deserialize(LootPool.java:189) ~[forge-1.20.1-47.4.15_mapped_parchment_2023.09.03-1.20.1.jar%23191!/:?]
	at com.google.gson.internal.bind.TreeTypeAdapter.read(TreeTypeAdapter.java:76) ~[gson-2.10.jar%23131!/:?]
	at com.google.gson.internal.bind.TypeAdapterRuntimeTypeWrapper.read(TypeAdapterRuntimeTypeWrapper.java:40) ~[gson-2.10.jar%23131!/:?]
	at com.google.gson.internal.bind.ArrayTypeAdapter.read(ArrayTypeAdapter.java:72) ~[gson-2.10.jar%23131!/:?]
	at com.google.gson.Gson.fromJson(Gson.java:1214) ~[gson-2.10.jar%23131!/:?]
	at com.google.gson.Gson.fromJson(Gson.java:1319) ~[gson-2.10.jar%23131!/:?]
	at com.google.gson.Gson.fromJson(Gson.java:1290) ~[gson-2.10.jar%23131!/:?]
	at com.google.gson.internal.bind.TreeTypeAdapter$GsonContextImpl.deserialize(TreeTypeAdapter.java:179) ~[gson-2.10.jar%23131!/:?]
	at net.minecraft.util.GsonHelper.convertToObject(GsonHelper.java:463) ~[forge-1.20.1-47.4.15_mapped_parchment_2023.09.03-1.20.1.jar%23191!/:?]
	at net.minecraft.util.GsonHelper.getAsObject(GsonHelper.java:481) ~[forge-1.20.1-47.4.15_mapped_parchment_2023.09.03-1.20.1.jar%23191!/:?]
	at net.minecraft.world.level.storage.loot.LootTable$Serializer.deserialize(LootTable.java:294) ~[forge-1.20.1-47.4.15_mapped_parchment_2023.09.03-1.20.1.jar%23191!/:?]
	at net.minecraft.world.level.storage.loot.LootTable$Serializer.deserialize(LootTable.java:291) ~[forge-1.20.1-47.4.15_mapped_parchment_2023.09.03-1.20.1.jar%23191!/:?]
	at com.google.gson.internal.bind.TreeTypeAdapter.read(TreeTypeAdapter.java:76) ~[gson-2.10.jar%23131!/:?]
	at com.google.gson.Gson.fromJson(Gson.java:1214) ~[gson-2.10.jar%23131!/:?]
	at com.google.gson.Gson.fromJson(Gson.java:1319) ~[gson-2.10.jar%23131!/:?]
	at com.google.gson.Gson.fromJson(Gson.java:1261) ~[gson-2.10.jar%23131!/:?]
	at net.minecraftforge.common.ForgeHooks.loadLootTable(ForgeHooks.java:872) ~[forge-1.20.1-47.4.15_mapped_parchment_2023.09.03-1.20.1.jar%23190%23197!/:?]
	at net.minecraftforge.common.ForgeHooks.lambda$getLootTableDeserializer$3(ForgeHooks.java:849) ~[forge-1.20.1-47.4.15_mapped_parchment_2023.09.03-1.20.1.jar%23190%23197!/:?]
	at net.minecraft.world.level.storage.loot.LootDataType.deserialize(LootDataType.java:45) ~[forge-1.20.1-47.4.15_mapped_parchment_2023.09.03-1.20.1.jar%23191!/:?]
	at net.minecraft.world.level.storage.loot.LootDataManager.lambda$scheduleElementParse$4(LootDataManager.java:56) ~[forge-1.20.1-47.4.15_mapped_parchment_2023.09.03-1.20.1.jar%23191!/:?]
	at java.util.HashMap.forEach(HashMap.java:1421) ~[?:?]
	at net.minecraft.world.level.storage.loot.LootDataManager.lambda$scheduleElementParse$5(LootDataManager.java:55) ~[forge-1.20.1-47.4.15_mapped_parchment_2023.09.03-1.20.1.jar%23191!/:?]
	at java.util.concurrent.CompletableFuture$AsyncRun.run(CompletableFuture.java:1804) ~[?:?]
	at java.util.concurrent.CompletableFuture$AsyncRun.exec(CompletableFuture.java:1796) ~[?:?]
	at java.util.concurrent.ForkJoinTask.doExec(ForkJoinTask.java:373) ~[?:?]
	at java.util.concurrent.ForkJoinPool$WorkQueue.topLevelExec(ForkJoinPool.java:1182) ~[?:?]
	at java.util.concurrent.ForkJoinPool.scan(ForkJoinPool.java:1655) ~[?:?]
	at java.util.concurrent.ForkJoinPool.runWorker(ForkJoinPool.java:1622) ~[?:?]
	at java.util.concurrent.ForkJoinWorkerThread.run(ForkJoinWorkerThread.java:165) ~[?:?]
[21Mar2026 17:50:08.348] [Worker-Main-2/ERROR] [net.minecraftforge.common.ForgeHooks/]: Couldn't parse element loot_tables:oneironaut:blocks/concept_decorator_color/blue
com.google.gson.JsonSyntaxException: Expected name to be an item, was unknown string 'oneironaut:concept_decorator_color_blue'
	at net.minecraft.util.GsonHelper.lambda$convertToItem$0(GsonHelper.java:145) ~[forge-1.20.1-47.4.15_mapped_parchment_2023.09.03-1.20.1.jar%23191!/:?]
	at java.util.Optional.orElseThrow(Optional.java:403) ~[?:?]
	at net.minecraft.util.GsonHelper.convertToItem(GsonHelper.java:145) ~[forge-1.20.1-47.4.15_mapped_parchment_2023.09.03-1.20.1.jar%23191!/:?]
	at net.minecraft.util.GsonHelper.getAsItem(GsonHelper.java:153) ~[forge-1.20.1-47.4.15_mapped_parchment_2023.09.03-1.20.1.jar%23191!/:?]
	at net.minecraft.world.level.storage.loot.entries.LootItem$Serializer.deserialize(LootItem.java:55) ~[forge-1.20.1-47.4.15_mapped_parchment_2023.09.03-1.20.1.jar%23191!/:?]
	at net.minecraft.world.level.storage.loot.entries.LootItem$Serializer.deserialize(LootItem.java:40) ~[forge-1.20.1-47.4.15_mapped_parchment_2023.09.03-1.20.1.jar%23191!/:?]
	at net.minecraft.world.level.storage.loot.entries.LootPoolSingletonContainer$Serializer.deserializeCustom(LootPoolSingletonContainer.java:151) ~[forge-1.20.1-47.4.15_mapped_parchment_2023.09.03-1.20.1.jar%23191!/:?]
	at net.minecraft.world.level.storage.loot.entries.LootPoolSingletonContainer$Serializer.deserializeCustom(LootPoolSingletonContainer.java:129) ~[forge-1.20.1-47.4.15_mapped_parchment_2023.09.03-1.20.1.jar%23191!/:?]
	at net.minecraft.world.level.storage.loot.entries.LootPoolEntryContainer$Serializer.deserialize(LootPoolEntryContainer.java:86) ~[forge-1.20.1-47.4.15_mapped_parchment_2023.09.03-1.20.1.jar%23191!/:?]
	at net.minecraft.world.level.storage.loot.entries.LootPoolEntryContainer$Serializer.deserialize(LootPoolEntryContainer.java:74) ~[forge-1.20.1-47.4.15_mapped_parchment_2023.09.03-1.20.1.jar%23191!/:?]
	at net.minecraft.world.level.storage.loot.GsonAdapterFactory$JsonAdapter.deserialize(GsonAdapterFactory.java:102) ~[forge-1.20.1-47.4.15_mapped_parchment_2023.09.03-1.20.1.jar%23191!/:?]
	at com.google.gson.internal.bind.TreeTypeAdapter.read(TreeTypeAdapter.java:76) ~[gson-2.10.jar%23131!/:?]
	at com.google.gson.internal.bind.TypeAdapterRuntimeTypeWrapper.read(TypeAdapterRuntimeTypeWrapper.java:40) ~[gson-2.10.jar%23131!/:?]
	at com.google.gson.internal.bind.ArrayTypeAdapter.read(ArrayTypeAdapter.java:72) ~[gson-2.10.jar%23131!/:?]
	at com.google.gson.Gson.fromJson(Gson.java:1214) ~[gson-2.10.jar%23131!/:?]
	at com.google.gson.Gson.fromJson(Gson.java:1319) ~[gson-2.10.jar%23131!/:?]
	at com.google.gson.Gson.fromJson(Gson.java:1290) ~[gson-2.10.jar%23131!/:?]
	at com.google.gson.internal.bind.TreeTypeAdapter$GsonContextImpl.deserialize(TreeTypeAdapter.java:179) ~[gson-2.10.jar%23131!/:?]
	at net.minecraft.util.GsonHelper.convertToObject(GsonHelper.java:463) ~[forge-1.20.1-47.4.15_mapped_parchment_2023.09.03-1.20.1.jar%23191!/:?]
	at net.minecraft.util.GsonHelper.getAsObject(GsonHelper.java:471) ~[forge-1.20.1-47.4.15_mapped_parchment_2023.09.03-1.20.1.jar%23191!/:?]
	at net.minecraft.world.level.storage.loot.LootPool$Serializer.deserialize(LootPool.java:192) ~[forge-1.20.1-47.4.15_mapped_parchment_2023.09.03-1.20.1.jar%23191!/:?]
	at net.minecraft.world.level.storage.loot.LootPool$Serializer.deserialize(LootPool.java:189) ~[forge-1.20.1-47.4.15_mapped_parchment_2023.09.03-1.20.1.jar%23191!/:?]
	at com.google.gson.internal.bind.TreeTypeAdapter.read(TreeTypeAdapter.java:76) ~[gson-2.10.jar%23131!/:?]
	at com.google.gson.internal.bind.TypeAdapterRuntimeTypeWrapper.read(TypeAdapterRuntimeTypeWrapper.java:40) ~[gson-2.10.jar%23131!/:?]
	at com.google.gson.internal.bind.ArrayTypeAdapter.read(ArrayTypeAdapter.java:72) ~[gson-2.10.jar%23131!/:?]
	at com.google.gson.Gson.fromJson(Gson.java:1214) ~[gson-2.10.jar%23131!/:?]
	at com.google.gson.Gson.fromJson(Gson.java:1319) ~[gson-2.10.jar%23131!/:?]
	at com.google.gson.Gson.fromJson(Gson.java:1290) ~[gson-2.10.jar%23131!/:?]
	at com.google.gson.internal.bind.TreeTypeAdapter$GsonContextImpl.deserialize(TreeTypeAdapter.java:179) ~[gson-2.10.jar%23131!/:?]
	at net.minecraft.util.GsonHelper.convertToObject(GsonHelper.java:463) ~[forge-1.20.1-47.4.15_mapped_parchment_2023.09.03-1.20.1.jar%23191!/:?]
	at net.minecraft.util.GsonHelper.getAsObject(GsonHelper.java:481) ~[forge-1.20.1-47.4.15_mapped_parchment_2023.09.03-1.20.1.jar%23191!/:?]
	at net.minecraft.world.level.storage.loot.LootTable$Serializer.deserialize(LootTable.java:294) ~[forge-1.20.1-47.4.15_mapped_parchment_2023.09.03-1.20.1.jar%23191!/:?]
	at net.minecraft.world.level.storage.loot.LootTable$Serializer.deserialize(LootTable.java:291) ~[forge-1.20.1-47.4.15_mapped_parchment_2023.09.03-1.20.1.jar%23191!/:?]
	at com.google.gson.internal.bind.TreeTypeAdapter.read(TreeTypeAdapter.java:76) ~[gson-2.10.jar%23131!/:?]
	at com.google.gson.Gson.fromJson(Gson.java:1214) ~[gson-2.10.jar%23131!/:?]
	at com.google.gson.Gson.fromJson(Gson.java:1319) ~[gson-2.10.jar%23131!/:?]
	at com.google.gson.Gson.fromJson(Gson.java:1261) ~[gson-2.10.jar%23131!/:?]
	at net.minecraftforge.common.ForgeHooks.loadLootTable(ForgeHooks.java:872) ~[forge-1.20.1-47.4.15_mapped_parchment_2023.09.03-1.20.1.jar%23190%23197!/:?]
	at net.minecraftforge.common.ForgeHooks.lambda$getLootTableDeserializer$3(ForgeHooks.java:849) ~[forge-1.20.1-47.4.15_mapped_parchment_2023.09.03-1.20.1.jar%23190%23197!/:?]
	at net.minecraft.world.level.storage.loot.LootDataType.deserialize(LootDataType.java:45) ~[forge-1.20.1-47.4.15_mapped_parchment_2023.09.03-1.20.1.jar%23191!/:?]
	at net.minecraft.world.level.storage.loot.LootDataManager.lambda$scheduleElementParse$4(LootDataManager.java:56) ~[forge-1.20.1-47.4.15_mapped_parchment_2023.09.03-1.20.1.jar%23191!/:?]
	at java.util.HashMap.forEach(HashMap.java:1421) ~[?:?]
	at net.minecraft.world.level.storage.loot.LootDataManager.lambda$scheduleElementParse$5(LootDataManager.java:55) ~[forge-1.20.1-47.4.15_mapped_parchment_2023.09.03-1.20.1.jar%23191!/:?]
	at java.util.concurrent.CompletableFuture$AsyncRun.run(CompletableFuture.java:1804) ~[?:?]
	at java.util.concurrent.CompletableFuture$AsyncRun.exec(CompletableFuture.java:1796) ~[?:?]
	at java.util.concurrent.ForkJoinTask.doExec(ForkJoinTask.java:373) ~[?:?]
	at java.util.concurrent.ForkJoinPool$WorkQueue.topLevelExec(ForkJoinPool.java:1182) ~[?:?]
	at java.util.concurrent.ForkJoinPool.scan(ForkJoinPool.java:1655) ~[?:?]
	at java.util.concurrent.ForkJoinPool.runWorker(ForkJoinPool.java:1622) ~[?:?]
	at java.util.concurrent.ForkJoinWorkerThread.run(ForkJoinWorkerThread.java:165) ~[?:?]
[21Mar2026 17:50:08.359] [Worker-Main-2/ERROR] [net.minecraftforge.common.ForgeHooks/]: Couldn't parse element loot_tables:oneironaut:blocks/concept_decorator_color/pink
com.google.gson.JsonSyntaxException: Expected name to be an item, was unknown string 'oneironaut:concept_decorator_color_pink'
	at net.minecraft.util.GsonHelper.lambda$convertToItem$0(GsonHelper.java:145) ~[forge-1.20.1-47.4.15_mapped_parchment_2023.09.03-1.20.1.jar%23191!/:?]
	at java.util.Optional.orElseThrow(Optional.java:403) ~[?:?]
	at net.minecraft.util.GsonHelper.convertToItem(GsonHelper.java:145) ~[forge-1.20.1-47.4.15_mapped_parchment_2023.09.03-1.20.1.jar%23191!/:?]
	at net.minecraft.util.GsonHelper.getAsItem(GsonHelper.java:153) ~[forge-1.20.1-47.4.15_mapped_parchment_2023.09.03-1.20.1.jar%23191!/:?]
	at net.minecraft.world.level.storage.loot.entries.LootItem$Serializer.deserialize(LootItem.java:55) ~[forge-1.20.1-47.4.15_mapped_parchment_2023.09.03-1.20.1.jar%23191!/:?]
	at net.minecraft.world.level.storage.loot.entries.LootItem$Serializer.deserialize(LootItem.java:40) ~[forge-1.20.1-47.4.15_mapped_parchment_2023.09.03-1.20.1.jar%23191!/:?]
	at net.minecraft.world.level.storage.loot.entries.LootPoolSingletonContainer$Serializer.deserializeCustom(LootPoolSingletonContainer.java:151) ~[forge-1.20.1-47.4.15_mapped_parchment_2023.09.03-1.20.1.jar%23191!/:?]
	at net.minecraft.world.level.storage.loot.entries.LootPoolSingletonContainer$Serializer.deserializeCustom(LootPoolSingletonContainer.java:129) ~[forge-1.20.1-47.4.15_mapped_parchment_2023.09.03-1.20.1.jar%23191!/:?]
	at net.minecraft.world.level.storage.loot.entries.LootPoolEntryContainer$Serializer.deserialize(LootPoolEntryContainer.java:86) ~[forge-1.20.1-47.4.15_mapped_parchment_2023.09.03-1.20.1.jar%23191!/:?]
	at net.minecraft.world.level.storage.loot.entries.LootPoolEntryContainer$Serializer.deserialize(LootPoolEntryContainer.java:74) ~[forge-1.20.1-47.4.15_mapped_parchment_2023.09.03-1.20.1.jar%23191!/:?]
	at net.minecraft.world.level.storage.loot.GsonAdapterFactory$JsonAdapter.deserialize(GsonAdapterFactory.java:102) ~[forge-1.20.1-47.4.15_mapped_parchment_2023.09.03-1.20.1.jar%23191!/:?]
	at com.google.gson.internal.bind.TreeTypeAdapter.read(TreeTypeAdapter.java:76) ~[gson-2.10.jar%23131!/:?]
	at com.google.gson.internal.bind.TypeAdapterRuntimeTypeWrapper.read(TypeAdapterRuntimeTypeWrapper.java:40) ~[gson-2.10.jar%23131!/:?]
	at com.google.gson.internal.bind.ArrayTypeAdapter.read(ArrayTypeAdapter.java:72) ~[gson-2.10.jar%23131!/:?]
	at com.google.gson.Gson.fromJson(Gson.java:1214) ~[gson-2.10.jar%23131!/:?]
	at com.google.gson.Gson.fromJson(Gson.java:1319) ~[gson-2.10.jar%23131!/:?]
	at com.google.gson.Gson.fromJson(Gson.java:1290) ~[gson-2.10.jar%23131!/:?]
	at com.google.gson.internal.bind.TreeTypeAdapter$GsonContextImpl.deserialize(TreeTypeAdapter.java:179) ~[gson-2.10.jar%23131!/:?]
	at net.minecraft.util.GsonHelper.convertToObject(GsonHelper.java:463) ~[forge-1.20.1-47.4.15_mapped_parchment_2023.09.03-1.20.1.jar%23191!/:?]
	at net.minecraft.util.GsonHelper.getAsObject(GsonHelper.java:471) ~[forge-1.20.1-47.4.15_mapped_parchment_2023.09.03-1.20.1.jar%23191!/:?]
	at net.minecraft.world.level.storage.loot.LootPool$Serializer.deserialize(LootPool.java:192) ~[forge-1.20.1-47.4.15_mapped_parchment_2023.09.03-1.20.1.jar%23191!/:?]
	at net.minecraft.world.level.storage.loot.LootPool$Serializer.deserialize(LootPool.java:189) ~[forge-1.20.1-47.4.15_mapped_parchment_2023.09.03-1.20.1.jar%23191!/:?]
	at com.google.gson.internal.bind.TreeTypeAdapter.read(TreeTypeAdapter.java:76) ~[gson-2.10.jar%23131!/:?]
	at com.google.gson.internal.bind.TypeAdapterRuntimeTypeWrapper.read(TypeAdapterRuntimeTypeWrapper.java:40) ~[gson-2.10.jar%23131!/:?]
	at com.google.gson.internal.bind.ArrayTypeAdapter.read(ArrayTypeAdapter.java:72) ~[gson-2.10.jar%23131!/:?]
	at com.google.gson.Gson.fromJson(Gson.java:1214) ~[gson-2.10.jar%23131!/:?]
	at com.google.gson.Gson.fromJson(Gson.java:1319) ~[gson-2.10.jar%23131!/:?]
	at com.google.gson.Gson.fromJson(Gson.java:1290) ~[gson-2.10.jar%23131!/:?]
	at com.google.gson.internal.bind.TreeTypeAdapter$GsonContextImpl.deserialize(TreeTypeAdapter.java:179) ~[gson-2.10.jar%23131!/:?]
	at net.minecraft.util.GsonHelper.convertToObject(GsonHelper.java:463) ~[forge-1.20.1-47.4.15_mapped_parchment_2023.09.03-1.20.1.jar%23191!/:?]
	at net.minecraft.util.GsonHelper.getAsObject(GsonHelper.java:481) ~[forge-1.20.1-47.4.15_mapped_parchment_2023.09.03-1.20.1.jar%23191!/:?]
	at net.minecraft.world.level.storage.loot.LootTable$Serializer.deserialize(LootTable.java:294) ~[forge-1.20.1-47.4.15_mapped_parchment_2023.09.03-1.20.1.jar%23191!/:?]
	at net.minecraft.world.level.storage.loot.LootTable$Serializer.deserialize(LootTable.java:291) ~[forge-1.20.1-47.4.15_mapped_parchment_2023.09.03-1.20.1.jar%23191!/:?]
	at com.google.gson.internal.bind.TreeTypeAdapter.read(TreeTypeAdapter.java:76) ~[gson-2.10.jar%23131!/:?]
	at com.google.gson.Gson.fromJson(Gson.java:1214) ~[gson-2.10.jar%23131!/:?]
	at com.google.gson.Gson.fromJson(Gson.java:1319) ~[gson-2.10.jar%23131!/:?]
	at com.google.gson.Gson.fromJson(Gson.java:1261) ~[gson-2.10.jar%23131!/:?]
	at net.minecraftforge.common.ForgeHooks.loadLootTable(ForgeHooks.java:872) ~[forge-1.20.1-47.4.15_mapped_parchment_2023.09.03-1.20.1.jar%23190%23197!/:?]
	at net.minecraftforge.common.ForgeHooks.lambda$getLootTableDeserializer$3(ForgeHooks.java:849) ~[forge-1.20.1-47.4.15_mapped_parchment_2023.09.03-1.20.1.jar%23190%23197!/:?]
	at net.minecraft.world.level.storage.loot.LootDataType.deserialize(LootDataType.java:45) ~[forge-1.20.1-47.4.15_mapped_parchment_2023.09.03-1.20.1.jar%23191!/:?]
	at net.minecraft.world.level.storage.loot.LootDataManager.lambda$scheduleElementParse$4(LootDataManager.java:56) ~[forge-1.20.1-47.4.15_mapped_parchment_2023.09.03-1.20.1.jar%23191!/:?]
	at java.util.HashMap.forEach(HashMap.java:1421) ~[?:?]
	at net.minecraft.world.level.storage.loot.LootDataManager.lambda$scheduleElementParse$5(LootDataManager.java:55) ~[forge-1.20.1-47.4.15_mapped_parchment_2023.09.03-1.20.1.jar%23191!/:?]
	at java.util.concurrent.CompletableFuture$AsyncRun.run(CompletableFuture.java:1804) ~[?:?]
	at java.util.concurrent.CompletableFuture$AsyncRun.exec(CompletableFuture.java:1796) ~[?:?]
	at java.util.concurrent.ForkJoinTask.doExec(ForkJoinTask.java:373) ~[?:?]
	at java.util.concurrent.ForkJoinPool$WorkQueue.topLevelExec(ForkJoinPool.java:1182) ~[?:?]
	at java.util.concurrent.ForkJoinPool.scan(ForkJoinPool.java:1655) ~[?:?]
	at java.util.concurrent.ForkJoinPool.runWorker(ForkJoinPool.java:1622) ~[?:?]
	at java.util.concurrent.ForkJoinWorkerThread.run(ForkJoinWorkerThread.java:165) ~[?:?]
[21Mar2026 17:50:08.370] [Worker-Main-2/ERROR] [net.minecraftforge.common.ForgeHooks/]: Couldn't parse element loot_tables:oneironaut:blocks/concept_decorator_color/magenta
com.google.gson.JsonSyntaxException: Expected name to be an item, was unknown string 'oneironaut:concept_decorator_color_magenta'
	at net.minecraft.util.GsonHelper.lambda$convertToItem$0(GsonHelper.java:145) ~[forge-1.20.1-47.4.15_mapped_parchment_2023.09.03-1.20.1.jar%23191!/:?]
	at java.util.Optional.orElseThrow(Optional.java:403) ~[?:?]
	at net.minecraft.util.GsonHelper.convertToItem(GsonHelper.java:145) ~[forge-1.20.1-47.4.15_mapped_parchment_2023.09.03-1.20.1.jar%23191!/:?]
	at net.minecraft.util.GsonHelper.getAsItem(GsonHelper.java:153) ~[forge-1.20.1-47.4.15_mapped_parchment_2023.09.03-1.20.1.jar%23191!/:?]
	at net.minecraft.world.level.storage.loot.entries.LootItem$Serializer.deserialize(LootItem.java:55) ~[forge-1.20.1-47.4.15_mapped_parchment_2023.09.03-1.20.1.jar%23191!/:?]
	at net.minecraft.world.level.storage.loot.entries.LootItem$Serializer.deserialize(LootItem.java:40) ~[forge-1.20.1-47.4.15_mapped_parchment_2023.09.03-1.20.1.jar%23191!/:?]
	at net.minecraft.world.level.storage.loot.entries.LootPoolSingletonContainer$Serializer.deserializeCustom(LootPoolSingletonContainer.java:151) ~[forge-1.20.1-47.4.15_mapped_parchment_2023.09.03-1.20.1.jar%23191!/:?]
	at net.minecraft.world.level.storage.loot.entries.LootPoolSingletonContainer$Serializer.deserializeCustom(LootPoolSingletonContainer.java:129) ~[forge-1.20.1-47.4.15_mapped_parchment_2023.09.03-1.20.1.jar%23191!/:?]
	at net.minecraft.world.level.storage.loot.entries.LootPoolEntryContainer$Serializer.deserialize(LootPoolEntryContainer.java:86) ~[forge-1.20.1-47.4.15_mapped_parchment_2023.09.03-1.20.1.jar%23191!/:?]
	at net.minecraft.world.level.storage.loot.entries.LootPoolEntryContainer$Serializer.deserialize(LootPoolEntryContainer.java:74) ~[forge-1.20.1-47.4.15_mapped_parchment_2023.09.03-1.20.1.jar%23191!/:?]
	at net.minecraft.world.level.storage.loot.GsonAdapterFactory$JsonAdapter.deserialize(GsonAdapterFactory.java:102) ~[forge-1.20.1-47.4.15_mapped_parchment_2023.09.03-1.20.1.jar%23191!/:?]
	at com.google.gson.internal.bind.TreeTypeAdapter.read(TreeTypeAdapter.java:76) ~[gson-2.10.jar%23131!/:?]
	at com.google.gson.internal.bind.TypeAdapterRuntimeTypeWrapper.read(TypeAdapterRuntimeTypeWrapper.java:40) ~[gson-2.10.jar%23131!/:?]
	at com.google.gson.internal.bind.ArrayTypeAdapter.read(ArrayTypeAdapter.java:72) ~[gson-2.10.jar%23131!/:?]
	at com.google.gson.Gson.fromJson(Gson.java:1214) ~[gson-2.10.jar%23131!/:?]
	at com.google.gson.Gson.fromJson(Gson.java:1319) ~[gson-2.10.jar%23131!/:?]
	at com.google.gson.Gson.fromJson(Gson.java:1290) ~[gson-2.10.jar%23131!/:?]
	at com.google.gson.internal.bind.TreeTypeAdapter$GsonContextImpl.deserialize(TreeTypeAdapter.java:179) ~[gson-2.10.jar%23131!/:?]
	at net.minecraft.util.GsonHelper.convertToObject(GsonHelper.java:463) ~[forge-1.20.1-47.4.15_mapped_parchment_2023.09.03-1.20.1.jar%23191!/:?]
	at net.minecraft.util.GsonHelper.getAsObject(GsonHelper.java:471) ~[forge-1.20.1-47.4.15_mapped_parchment_2023.09.03-1.20.1.jar%23191!/:?]
	at net.minecraft.world.level.storage.loot.LootPool$Serializer.deserialize(LootPool.java:192) ~[forge-1.20.1-47.4.15_mapped_parchment_2023.09.03-1.20.1.jar%23191!/:?]
	at net.minecraft.world.level.storage.loot.LootPool$Serializer.deserialize(LootPool.java:189) ~[forge-1.20.1-47.4.15_mapped_parchment_2023.09.03-1.20.1.jar%23191!/:?]
	at com.google.gson.internal.bind.TreeTypeAdapter.read(TreeTypeAdapter.java:76) ~[gson-2.10.jar%23131!/:?]
	at com.google.gson.internal.bind.TypeAdapterRuntimeTypeWrapper.read(TypeAdapterRuntimeTypeWrapper.java:40) ~[gson-2.10.jar%23131!/:?]
	at com.google.gson.internal.bind.ArrayTypeAdapter.read(ArrayTypeAdapter.java:72) ~[gson-2.10.jar%23131!/:?]
	at com.google.gson.Gson.fromJson(Gson.java:1214) ~[gson-2.10.jar%23131!/:?]
	at com.google.gson.Gson.fromJson(Gson.java:1319) ~[gson-2.10.jar%23131!/:?]
	at com.google.gson.Gson.fromJson(Gson.java:1290) ~[gson-2.10.jar%23131!/:?]
	at com.google.gson.internal.bind.TreeTypeAdapter$GsonContextImpl.deserialize(TreeTypeAdapter.java:179) ~[gson-2.10.jar%23131!/:?]
	at net.minecraft.util.GsonHelper.convertToObject(GsonHelper.java:463) ~[forge-1.20.1-47.4.15_mapped_parchment_2023.09.03-1.20.1.jar%23191!/:?]
	at net.minecraft.util.GsonHelper.getAsObject(GsonHelper.java:481) ~[forge-1.20.1-47.4.15_mapped_parchment_2023.09.03-1.20.1.jar%23191!/:?]
	at net.minecraft.world.level.storage.loot.LootTable$Serializer.deserialize(LootTable.java:294) ~[forge-1.20.1-47.4.15_mapped_parchment_2023.09.03-1.20.1.jar%23191!/:?]
	at net.minecraft.world.level.storage.loot.LootTable$Serializer.deserialize(LootTable.java:291) ~[forge-1.20.1-47.4.15_mapped_parchment_2023.09.03-1.20.1.jar%23191!/:?]
	at com.google.gson.internal.bind.TreeTypeAdapter.read(TreeTypeAdapter.java:76) ~[gson-2.10.jar%23131!/:?]
	at com.google.gson.Gson.fromJson(Gson.java:1214) ~[gson-2.10.jar%23131!/:?]
	at com.google.gson.Gson.fromJson(Gson.java:1319) ~[gson-2.10.jar%23131!/:?]
	at com.google.gson.Gson.fromJson(Gson.java:1261) ~[gson-2.10.jar%23131!/:?]
	at net.minecraftforge.common.ForgeHooks.loadLootTable(ForgeHooks.java:872) ~[forge-1.20.1-47.4.15_mapped_parchment_2023.09.03-1.20.1.jar%23190%23197!/:?]
	at net.minecraftforge.common.ForgeHooks.lambda$getLootTableDeserializer$3(ForgeHooks.java:849) ~[forge-1.20.1-47.4.15_mapped_parchment_2023.09.03-1.20.1.jar%23190%23197!/:?]
	at net.minecraft.world.level.storage.loot.LootDataType.deserialize(LootDataType.java:45) ~[forge-1.20.1-47.4.15_mapped_parchment_2023.09.03-1.20.1.jar%23191!/:?]
	at net.minecraft.world.level.storage.loot.LootDataManager.lambda$scheduleElementParse$4(LootDataManager.java:56) ~[forge-1.20.1-47.4.15_mapped_parchment_2023.09.03-1.20.1.jar%23191!/:?]
	at java.util.HashMap.forEach(HashMap.java:1421) ~[?:?]
	at net.minecraft.world.level.storage.loot.LootDataManager.lambda$scheduleElementParse$5(LootDataManager.java:55) ~[forge-1.20.1-47.4.15_mapped_parchment_2023.09.03-1.20.1.jar%23191!/:?]
	at java.util.concurrent.CompletableFuture$AsyncRun.run(CompletableFuture.java:1804) ~[?:?]
	at java.util.concurrent.CompletableFuture$AsyncRun.exec(CompletableFuture.java:1796) ~[?:?]
	at java.util.concurrent.ForkJoinTask.doExec(ForkJoinTask.java:373) ~[?:?]
	at java.util.concurrent.ForkJoinPool$WorkQueue.topLevelExec(ForkJoinPool.java:1182) ~[?:?]
	at java.util.concurrent.ForkJoinPool.scan(ForkJoinPool.java:1655) ~[?:?]
	at java.util.concurrent.ForkJoinPool.runWorker(ForkJoinPool.java:1622) ~[?:?]
	at java.util.concurrent.ForkJoinWorkerThread.run(ForkJoinWorkerThread.java:165) ~[?:?]
[21Mar2026 17:50:08.375] [Worker-Main-2/ERROR] [net.minecraftforge.common.ForgeHooks/]: Couldn't parse element loot_tables:oneironaut:blocks/concept_decorator_color/gray
com.google.gson.JsonSyntaxException: Expected name to be an item, was unknown string 'oneironaut:concept_decorator_color_gray'
	at net.minecraft.util.GsonHelper.lambda$convertToItem$0(GsonHelper.java:145) ~[forge-1.20.1-47.4.15_mapped_parchment_2023.09.03-1.20.1.jar%23191!/:?]
	at java.util.Optional.orElseThrow(Optional.java:403) ~[?:?]
	at net.minecraft.util.GsonHelper.convertToItem(GsonHelper.java:145) ~[forge-1.20.1-47.4.15_mapped_parchment_2023.09.03-1.20.1.jar%23191!/:?]
	at net.minecraft.util.GsonHelper.getAsItem(GsonHelper.java:153) ~[forge-1.20.1-47.4.15_mapped_parchment_2023.09.03-1.20.1.jar%23191!/:?]
	at net.minecraft.world.level.storage.loot.entries.LootItem$Serializer.deserialize(LootItem.java:55) ~[forge-1.20.1-47.4.15_mapped_parchment_2023.09.03-1.20.1.jar%23191!/:?]
	at net.minecraft.world.level.storage.loot.entries.LootItem$Serializer.deserialize(LootItem.java:40) ~[forge-1.20.1-47.4.15_mapped_parchment_2023.09.03-1.20.1.jar%23191!/:?]
	at net.minecraft.world.level.storage.loot.entries.LootPoolSingletonContainer$Serializer.deserializeCustom(LootPoolSingletonContainer.java:151) ~[forge-1.20.1-47.4.15_mapped_parchment_2023.09.03-1.20.1.jar%23191!/:?]
	at net.minecraft.world.level.storage.loot.entries.LootPoolSingletonContainer$Serializer.deserializeCustom(LootPoolSingletonContainer.java:129) ~[forge-1.20.1-47.4.15_mapped_parchment_2023.09.03-1.20.1.jar%23191!/:?]
	at net.minecraft.world.level.storage.loot.entries.LootPoolEntryContainer$Serializer.deserialize(LootPoolEntryContainer.java:86) ~[forge-1.20.1-47.4.15_mapped_parchment_2023.09.03-1.20.1.jar%23191!/:?]
	at net.minecraft.world.level.storage.loot.entries.LootPoolEntryContainer$Serializer.deserialize(LootPoolEntryContainer.java:74) ~[forge-1.20.1-47.4.15_mapped_parchment_2023.09.03-1.20.1.jar%23191!/:?]
	at net.minecraft.world.level.storage.loot.GsonAdapterFactory$JsonAdapter.deserialize(GsonAdapterFactory.java:102) ~[forge-1.20.1-47.4.15_mapped_parchment_2023.09.03-1.20.1.jar%23191!/:?]
	at com.google.gson.internal.bind.TreeTypeAdapter.read(TreeTypeAdapter.java:76) ~[gson-2.10.jar%23131!/:?]
	at com.google.gson.internal.bind.TypeAdapterRuntimeTypeWrapper.read(TypeAdapterRuntimeTypeWrapper.java:40) ~[gson-2.10.jar%23131!/:?]
	at com.google.gson.internal.bind.ArrayTypeAdapter.read(ArrayTypeAdapter.java:72) ~[gson-2.10.jar%23131!/:?]
	at com.google.gson.Gson.fromJson(Gson.java:1214) ~[gson-2.10.jar%23131!/:?]
	at com.google.gson.Gson.fromJson(Gson.java:1319) ~[gson-2.10.jar%23131!/:?]
	at com.google.gson.Gson.fromJson(Gson.java:1290) ~[gson-2.10.jar%23131!/:?]
	at com.google.gson.internal.bind.TreeTypeAdapter$GsonContextImpl.deserialize(TreeTypeAdapter.java:179) ~[gson-2.10.jar%23131!/:?]
	at net.minecraft.util.GsonHelper.convertToObject(GsonHelper.java:463) ~[forge-1.20.1-47.4.15_mapped_parchment_2023.09.03-1.20.1.jar%23191!/:?]
	at net.minecraft.util.GsonHelper.getAsObject(GsonHelper.java:471) ~[forge-1.20.1-47.4.15_mapped_parchment_2023.09.03-1.20.1.jar%23191!/:?]
	at net.minecraft.world.level.storage.loot.LootPool$Serializer.deserialize(LootPool.java:192) ~[forge-1.20.1-47.4.15_mapped_parchment_2023.09.03-1.20.1.jar%23191!/:?]
	at net.minecraft.world.level.storage.loot.LootPool$Serializer.deserialize(LootPool.java:189) ~[forge-1.20.1-47.4.15_mapped_parchment_2023.09.03-1.20.1.jar%23191!/:?]
	at com.google.gson.internal.bind.TreeTypeAdapter.read(TreeTypeAdapter.java:76) ~[gson-2.10.jar%23131!/:?]
	at com.google.gson.internal.bind.TypeAdapterRuntimeTypeWrapper.read(TypeAdapterRuntimeTypeWrapper.java:40) ~[gson-2.10.jar%23131!/:?]
	at com.google.gson.internal.bind.ArrayTypeAdapter.read(ArrayTypeAdapter.java:72) ~[gson-2.10.jar%23131!/:?]
	at com.google.gson.Gson.fromJson(Gson.java:1214) ~[gson-2.10.jar%23131!/:?]
	at com.google.gson.Gson.fromJson(Gson.java:1319) ~[gson-2.10.jar%23131!/:?]
	at com.google.gson.Gson.fromJson(Gson.java:1290) ~[gson-2.10.jar%23131!/:?]
	at com.google.gson.internal.bind.TreeTypeAdapter$GsonContextImpl.deserialize(TreeTypeAdapter.java:179) ~[gson-2.10.jar%23131!/:?]
	at net.minecraft.util.GsonHelper.convertToObject(GsonHelper.java:463) ~[forge-1.20.1-47.4.15_mapped_parchment_2023.09.03-1.20.1.jar%23191!/:?]
	at net.minecraft.util.GsonHelper.getAsObject(GsonHelper.java:481) ~[forge-1.20.1-47.4.15_mapped_parchment_2023.09.03-1.20.1.jar%23191!/:?]
	at net.minecraft.world.level.storage.loot.LootTable$Serializer.deserialize(LootTable.java:294) ~[forge-1.20.1-47.4.15_mapped_parchment_2023.09.03-1.20.1.jar%23191!/:?]
	at net.minecraft.world.level.storage.loot.LootTable$Serializer.deserialize(LootTable.java:291) ~[forge-1.20.1-47.4.15_mapped_parchment_2023.09.03-1.20.1.jar%23191!/:?]
	at com.google.gson.internal.bind.TreeTypeAdapter.read(TreeTypeAdapter.java:76) ~[gson-2.10.jar%23131!/:?]
	at com.google.gson.Gson.fromJson(Gson.java:1214) ~[gson-2.10.jar%23131!/:?]
	at com.google.gson.Gson.fromJson(Gson.java:1319) ~[gson-2.10.jar%23131!/:?]
	at com.google.gson.Gson.fromJson(Gson.java:1261) ~[gson-2.10.jar%23131!/:?]
	at net.minecraftforge.common.ForgeHooks.loadLootTable(ForgeHooks.java:872) ~[forge-1.20.1-47.4.15_mapped_parchment_2023.09.03-1.20.1.jar%23190%23197!/:?]
	at net.minecraftforge.common.ForgeHooks.lambda$getLootTableDeserializer$3(ForgeHooks.java:849) ~[forge-1.20.1-47.4.15_mapped_parchment_2023.09.03-1.20.1.jar%23190%23197!/:?]
	at net.minecraft.world.level.storage.loot.LootDataType.deserialize(LootDataType.java:45) ~[forge-1.20.1-47.4.15_mapped_parchment_2023.09.03-1.20.1.jar%23191!/:?]
	at net.minecraft.world.level.storage.loot.LootDataManager.lambda$scheduleElementParse$4(LootDataManager.java:56) ~[forge-1.20.1-47.4.15_mapped_parchment_2023.09.03-1.20.1.jar%23191!/:?]
	at java.util.HashMap.forEach(HashMap.java:1421) ~[?:?]
	at net.minecraft.world.level.storage.loot.LootDataManager.lambda$scheduleElementParse$5(LootDataManager.java:55) ~[forge-1.20.1-47.4.15_mapped_parchment_2023.09.03-1.20.1.jar%23191!/:?]
	at java.util.concurrent.CompletableFuture$AsyncRun.run(CompletableFuture.java:1804) ~[?:?]
	at java.util.concurrent.CompletableFuture$AsyncRun.exec(CompletableFuture.java:1796) ~[?:?]
	at java.util.concurrent.ForkJoinTask.doExec(ForkJoinTask.java:373) ~[?:?]
	at java.util.concurrent.ForkJoinPool$WorkQueue.topLevelExec(ForkJoinPool.java:1182) ~[?:?]
	at java.util.concurrent.ForkJoinPool.scan(ForkJoinPool.java:1655) ~[?:?]
	at java.util.concurrent.ForkJoinPool.runWorker(ForkJoinPool.java:1622) ~[?:?]
	at java.util.concurrent.ForkJoinWorkerThread.run(ForkJoinWorkerThread.java:165) ~[?:?]
[21Mar2026 17:50:08.376] [Worker-Main-2/ERROR] [net.minecraftforge.common.ForgeHooks/]: Couldn't parse element loot_tables:oneironaut:blocks/concept_decorator_color/light_gray
com.google.gson.JsonSyntaxException: Expected name to be an item, was unknown string 'oneironaut:concept_decorator_color_light_gray'
	at net.minecraft.util.GsonHelper.lambda$convertToItem$0(GsonHelper.java:145) ~[forge-1.20.1-47.4.15_mapped_parchment_2023.09.03-1.20.1.jar%23191!/:?]
	at java.util.Optional.orElseThrow(Optional.java:403) ~[?:?]
	at net.minecraft.util.GsonHelper.convertToItem(GsonHelper.java:145) ~[forge-1.20.1-47.4.15_mapped_parchment_2023.09.03-1.20.1.jar%23191!/:?]
	at net.minecraft.util.GsonHelper.getAsItem(GsonHelper.java:153) ~[forge-1.20.1-47.4.15_mapped_parchment_2023.09.03-1.20.1.jar%23191!/:?]
	at net.minecraft.world.level.storage.loot.entries.LootItem$Serializer.deserialize(LootItem.java:55) ~[forge-1.20.1-47.4.15_mapped_parchment_2023.09.03-1.20.1.jar%23191!/:?]
	at net.minecraft.world.level.storage.loot.entries.LootItem$Serializer.deserialize(LootItem.java:40) ~[forge-1.20.1-47.4.15_mapped_parchment_2023.09.03-1.20.1.jar%23191!/:?]
	at net.minecraft.world.level.storage.loot.entries.LootPoolSingletonContainer$Serializer.deserializeCustom(LootPoolSingletonContainer.java:151) ~[forge-1.20.1-47.4.15_mapped_parchment_2023.09.03-1.20.1.jar%23191!/:?]
	at net.minecraft.world.level.storage.loot.entries.LootPoolSingletonContainer$Serializer.deserializeCustom(LootPoolSingletonContainer.java:129) ~[forge-1.20.1-47.4.15_mapped_parchment_2023.09.03-1.20.1.jar%23191!/:?]
	at net.minecraft.world.level.storage.loot.entries.LootPoolEntryContainer$Serializer.deserialize(LootPoolEntryContainer.java:86) ~[forge-1.20.1-47.4.15_mapped_parchment_2023.09.03-1.20.1.jar%23191!/:?]
	at net.minecraft.world.level.storage.loot.entries.LootPoolEntryContainer$Serializer.deserialize(LootPoolEntryContainer.java:74) ~[forge-1.20.1-47.4.15_mapped_parchment_2023.09.03-1.20.1.jar%23191!/:?]
	at net.minecraft.world.level.storage.loot.GsonAdapterFactory$JsonAdapter.deserialize(GsonAdapterFactory.java:102) ~[forge-1.20.1-47.4.15_mapped_parchment_2023.09.03-1.20.1.jar%23191!/:?]
	at com.google.gson.internal.bind.TreeTypeAdapter.read(TreeTypeAdapter.java:76) ~[gson-2.10.jar%23131!/:?]
	at com.google.gson.internal.bind.TypeAdapterRuntimeTypeWrapper.read(TypeAdapterRuntimeTypeWrapper.java:40) ~[gson-2.10.jar%23131!/:?]
	at com.google.gson.internal.bind.ArrayTypeAdapter.read(ArrayTypeAdapter.java:72) ~[gson-2.10.jar%23131!/:?]
	at com.google.gson.Gson.fromJson(Gson.java:1214) ~[gson-2.10.jar%23131!/:?]
	at com.google.gson.Gson.fromJson(Gson.java:1319) ~[gson-2.10.jar%23131!/:?]
	at com.google.gson.Gson.fromJson(Gson.java:1290) ~[gson-2.10.jar%23131!/:?]
	at com.google.gson.internal.bind.TreeTypeAdapter$GsonContextImpl.deserialize(TreeTypeAdapter.java:179) ~[gson-2.10.jar%23131!/:?]
	at net.minecraft.util.GsonHelper.convertToObject(GsonHelper.java:463) ~[forge-1.20.1-47.4.15_mapped_parchment_2023.09.03-1.20.1.jar%23191!/:?]
	at net.minecraft.util.GsonHelper.getAsObject(GsonHelper.java:471) ~[forge-1.20.1-47.4.15_mapped_parchment_2023.09.03-1.20.1.jar%23191!/:?]
	at net.minecraft.world.level.storage.loot.LootPool$Serializer.deserialize(LootPool.java:192) ~[forge-1.20.1-47.4.15_mapped_parchment_2023.09.03-1.20.1.jar%23191!/:?]
	at net.minecraft.world.level.storage.loot.LootPool$Serializer.deserialize(LootPool.java:189) ~[forge-1.20.1-47.4.15_mapped_parchment_2023.09.03-1.20.1.jar%23191!/:?]
	at com.google.gson.internal.bind.TreeTypeAdapter.read(TreeTypeAdapter.java:76) ~[gson-2.10.jar%23131!/:?]
	at com.google.gson.internal.bind.TypeAdapterRuntimeTypeWrapper.read(TypeAdapterRuntimeTypeWrapper.java:40) ~[gson-2.10.jar%23131!/:?]
	at com.google.gson.internal.bind.ArrayTypeAdapter.read(ArrayTypeAdapter.java:72) ~[gson-2.10.jar%23131!/:?]
	at com.google.gson.Gson.fromJson(Gson.java:1214) ~[gson-2.10.jar%23131!/:?]
	at com.google.gson.Gson.fromJson(Gson.java:1319) ~[gson-2.10.jar%23131!/:?]
	at com.google.gson.Gson.fromJson(Gson.java:1290) ~[gson-2.10.jar%23131!/:?]
	at com.google.gson.internal.bind.TreeTypeAdapter$GsonContextImpl.deserialize(TreeTypeAdapter.java:179) ~[gson-2.10.jar%23131!/:?]
	at net.minecraft.util.GsonHelper.convertToObject(GsonHelper.java:463) ~[forge-1.20.1-47.4.15_mapped_parchment_2023.09.03-1.20.1.jar%23191!/:?]
	at net.minecraft.util.GsonHelper.getAsObject(GsonHelper.java:481) ~[forge-1.20.1-47.4.15_mapped_parchment_2023.09.03-1.20.1.jar%23191!/:?]
	at net.minecraft.world.level.storage.loot.LootTable$Serializer.deserialize(LootTable.java:294) ~[forge-1.20.1-47.4.15_mapped_parchment_2023.09.03-1.20.1.jar%23191!/:?]
	at net.minecraft.world.level.storage.loot.LootTable$Serializer.deserialize(LootTable.java:291) ~[forge-1.20.1-47.4.15_mapped_parchment_2023.09.03-1.20.1.jar%23191!/:?]
	at com.google.gson.internal.bind.TreeTypeAdapter.read(TreeTypeAdapter.java:76) ~[gson-2.10.jar%23131!/:?]
	at com.google.gson.Gson.fromJson(Gson.java:1214) ~[gson-2.10.jar%23131!/:?]
	at com.google.gson.Gson.fromJson(Gson.java:1319) ~[gson-2.10.jar%23131!/:?]
	at com.google.gson.Gson.fromJson(Gson.java:1261) ~[gson-2.10.jar%23131!/:?]
	at net.minecraftforge.common.ForgeHooks.loadLootTable(ForgeHooks.java:872) ~[forge-1.20.1-47.4.15_mapped_parchment_2023.09.03-1.20.1.jar%23190%23197!/:?]
	at net.minecraftforge.common.ForgeHooks.lambda$getLootTableDeserializer$3(ForgeHooks.java:849) ~[forge-1.20.1-47.4.15_mapped_parchment_2023.09.03-1.20.1.jar%23190%23197!/:?]
	at net.minecraft.world.level.storage.loot.LootDataType.deserialize(LootDataType.java:45) ~[forge-1.20.1-47.4.15_mapped_parchment_2023.09.03-1.20.1.jar%23191!/:?]
	at net.minecraft.world.level.storage.loot.LootDataManager.lambda$scheduleElementParse$4(LootDataManager.java:56) ~[forge-1.20.1-47.4.15_mapped_parchment_2023.09.03-1.20.1.jar%23191!/:?]
	at java.util.HashMap.forEach(HashMap.java:1421) ~[?:?]
	at net.minecraft.world.level.storage.loot.LootDataManager.lambda$scheduleElementParse$5(LootDataManager.java:55) ~[forge-1.20.1-47.4.15_mapped_parchment_2023.09.03-1.20.1.jar%23191!/:?]
	at java.util.concurrent.CompletableFuture$AsyncRun.run(CompletableFuture.java:1804) ~[?:?]
	at java.util.concurrent.CompletableFuture$AsyncRun.exec(CompletableFuture.java:1796) ~[?:?]
	at java.util.concurrent.ForkJoinTask.doExec(ForkJoinTask.java:373) ~[?:?]
	at java.util.concurrent.ForkJoinPool$WorkQueue.topLevelExec(ForkJoinPool.java:1182) ~[?:?]
	at java.util.concurrent.ForkJoinPool.scan(ForkJoinPool.java:1655) ~[?:?]
	at java.util.concurrent.ForkJoinPool.runWorker(ForkJoinPool.java:1622) ~[?:?]
	at java.util.concurrent.ForkJoinWorkerThread.run(ForkJoinWorkerThread.java:165) ~[?:?]
[21Mar2026 17:50:08.404] [Render thread/DEBUG] [mixin/]: Mixing AccessorSmithingTrimRecipe from patchouli_xplat.mixins.json into net.minecraft.world.item.crafting.SmithingTrimRecipe
[21Mar2026 17:50:08.418] [Render thread/INFO] [net.minecraft.world.item.crafting.RecipeManager/]: Skipping loading recipe hexcasting:compat/farmersdelight/cutting/akashic_wood as it's serializer returned null
[21Mar2026 17:50:08.421] [Render thread/DEBUG] [mixin/]: Mixing AccessorSmithingTransformRecipe from patchouli_xplat.mixins.json into net.minecraft.world.item.crafting.SmithingTransformRecipe
[21Mar2026 17:50:08.442] [Render thread/INFO] [net.minecraft.world.item.crafting.RecipeManager/]: Skipping loading recipe hexcasting:compat/farmersdelight/cutting/edified_log as it's serializer returned null
[21Mar2026 17:50:08.443] [Render thread/INFO] [net.minecraft.world.item.crafting.RecipeManager/]: Skipping loading recipe hexcasting:compat/create/crushing/amethyst_shard as it's serializer returned null
[21Mar2026 17:50:08.449] [Render thread/INFO] [net.minecraft.world.item.crafting.RecipeManager/]: Skipping loading recipe hexcasting:compat/farmersdelight/cutting/edified_log_aventurine as it's serializer returned null
[21Mar2026 17:50:08.450] [Render thread/INFO] [net.minecraft.world.item.crafting.RecipeManager/]: Skipping loading recipe hexcasting:compat/farmersdelight/cutting/edified_log_amethyst as it's serializer returned null
[21Mar2026 17:50:08.454] [Render thread/INFO] [net.minecraft.world.item.crafting.RecipeManager/]: Skipping loading recipe create:crushing/amethyst_cluster as it's serializer returned null
[21Mar2026 17:50:08.455] [Render thread/INFO] [net.minecraft.world.item.crafting.RecipeManager/]: Skipping loading recipe hexcasting:compat/farmersdelight/cutting/akashic_door as it's serializer returned null
[21Mar2026 17:50:08.456] [Render thread/INFO] [net.minecraft.world.item.crafting.RecipeManager/]: Skipping loading recipe hexcasting:compat/farmersdelight/cutting/edified_log_citrine as it's serializer returned null
[21Mar2026 17:50:08.457] [Render thread/INFO] [net.minecraft.world.item.crafting.RecipeManager/]: Skipping loading recipe hexcasting:compat/farmersdelight/cutting/akashic_trapdoor as it's serializer returned null
[21Mar2026 17:50:08.458] [Render thread/INFO] [net.minecraft.world.item.crafting.RecipeManager/]: Skipping loading recipe create:crushing/amethyst_block as it's serializer returned null
[21Mar2026 17:50:08.458] [Render thread/INFO] [net.minecraft.world.item.crafting.RecipeManager/]: Skipping loading recipe hexcasting:compat/farmersdelight/cutting/edified_log_purple as it's serializer returned null
[21Mar2026 17:50:08.458] [Render thread/ERROR] [net.minecraft.world.item.crafting.RecipeManager/]: Parsing error loading recipe oneironaut:create_crushing/crush_pseudocluster
com.google.gson.JsonSyntaxException: Invalid or unsupported recipe type 'create:crushing'
	at net.minecraft.world.item.crafting.RecipeManager.lambda$fromJson$9(RecipeManager.java:170) ~[forge-1.20.1-47.4.15_mapped_parchment_2023.09.03-1.20.1.jar:?]
	at java.util.Optional.orElseThrow(Optional.java:403) ~[?:?]
	at net.minecraft.world.item.crafting.RecipeManager.fromJson(RecipeManager.java:169) ~[forge-1.20.1-47.4.15_mapped_parchment_2023.09.03-1.20.1.jar:?]
	at net.minecraft.world.item.crafting.RecipeManager.apply(RecipeManager.java:67) ~[forge-1.20.1-47.4.15_mapped_parchment_2023.09.03-1.20.1.jar:?]
	at net.minecraft.world.item.crafting.RecipeManager.apply(RecipeManager.java:34) ~[forge-1.20.1-47.4.15_mapped_parchment_2023.09.03-1.20.1.jar:?]
	at net.minecraft.server.packs.resources.SimplePreparableReloadListener.lambda$reload$1(SimplePreparableReloadListener.java:13) ~[forge-1.20.1-47.4.15_mapped_parchment_2023.09.03-1.20.1.jar:?]
	at java.util.concurrent.CompletableFuture$UniAccept.tryFire(CompletableFuture.java:718) ~[?:?]
	at java.util.concurrent.CompletableFuture$Completion.run(CompletableFuture.java:482) ~[?:?]
	at net.minecraft.server.packs.resources.SimpleReloadInstance.lambda$new$3(SimpleReloadInstance.java:69) ~[forge-1.20.1-47.4.15_mapped_parchment_2023.09.03-1.20.1.jar:?]
	at net.minecraft.util.thread.BlockableEventLoop.doRunTask(BlockableEventLoop.java:156) ~[forge-1.20.1-47.4.15_mapped_parchment_2023.09.03-1.20.1.jar:?]
	at net.minecraft.util.thread.ReentrantBlockableEventLoop.doRunTask(ReentrantBlockableEventLoop.java:23) ~[forge-1.20.1-47.4.15_mapped_parchment_2023.09.03-1.20.1.jar:?]
	at net.minecraft.util.thread.BlockableEventLoop.pollTask(BlockableEventLoop.java:130) ~[forge-1.20.1-47.4.15_mapped_parchment_2023.09.03-1.20.1.jar:?]
	at net.minecraft.util.thread.BlockableEventLoop.managedBlock(BlockableEventLoop.java:139) ~[forge-1.20.1-47.4.15_mapped_parchment_2023.09.03-1.20.1.jar:?]
	at net.minecraft.client.gui.screens.worldselection.WorldOpenFlows.loadWorldDataBlocking(WorldOpenFlows.java:163) ~[forge-1.20.1-47.4.15_mapped_parchment_2023.09.03-1.20.1.jar:?]
	at net.minecraft.client.gui.screens.worldselection.WorldOpenFlows.loadWorldStem(WorldOpenFlows.java:113) ~[forge-1.20.1-47.4.15_mapped_parchment_2023.09.03-1.20.1.jar:?]
	at net.minecraft.client.gui.screens.worldselection.WorldOpenFlows.doLoadLevel(WorldOpenFlows.java:181) ~[forge-1.20.1-47.4.15_mapped_parchment_2023.09.03-1.20.1.jar:?]
	at net.minecraft.client.gui.screens.worldselection.WorldOpenFlows.doLoadLevel(WorldOpenFlows.java:169) ~[forge-1.20.1-47.4.15_mapped_parchment_2023.09.03-1.20.1.jar:?]
	at net.minecraft.client.gui.screens.worldselection.WorldOpenFlows.loadLevel(WorldOpenFlows.java:65) ~[forge-1.20.1-47.4.15_mapped_parchment_2023.09.03-1.20.1.jar:?]
	at net.minecraft.client.gui.screens.worldselection.WorldSelectionList$WorldListEntry.loadWorld(WorldSelectionList.java:575) ~[forge-1.20.1-47.4.15_mapped_parchment_2023.09.03-1.20.1.jar:?]
	at net.minecraft.client.gui.screens.worldselection.WorldSelectionList$WorldListEntry.joinWorld(WorldSelectionList.java:474) ~[forge-1.20.1-47.4.15_mapped_parchment_2023.09.03-1.20.1.jar:?]
	at net.minecraft.client.gui.screens.worldselection.WorldSelectionList$WorldListEntry.mouseClicked(WorldSelectionList.java:416) ~[forge-1.20.1-47.4.15_mapped_parchment_2023.09.03-1.20.1.jar:?]
	at net.minecraft.client.gui.components.AbstractSelectionList.mouseClicked(AbstractSelectionList.java:298) ~[forge-1.20.1-47.4.15_mapped_parchment_2023.09.03-1.20.1.jar:?]
	at net.minecraft.client.gui.components.events.ContainerEventHandler.mouseClicked(ContainerEventHandler.java:38) ~[forge-1.20.1-47.4.15_mapped_parchment_2023.09.03-1.20.1.jar:?]
	at net.minecraft.client.MouseHandler.lambda$onPress$0(MouseHandler.java:92) ~[forge-1.20.1-47.4.15_mapped_parchment_2023.09.03-1.20.1.jar:?]
	at net.minecraft.client.gui.screens.Screen.wrapScreenError(Screen.java:437) ~[forge-1.20.1-47.4.15_mapped_parchment_2023.09.03-1.20.1.jar:?]
	at net.minecraft.client.MouseHandler.onPress(MouseHandler.java:89) ~[forge-1.20.1-47.4.15_mapped_parchment_2023.09.03-1.20.1.jar:?]
	at net.minecraft.client.MouseHandler.lambda$setup$4(MouseHandler.java:189) ~[forge-1.20.1-47.4.15_mapped_parchment_2023.09.03-1.20.1.jar:?]
	at net.minecraft.util.thread.BlockableEventLoop.execute(BlockableEventLoop.java:102) ~[forge-1.20.1-47.4.15_mapped_parchment_2023.09.03-1.20.1.jar:?]
	at net.minecraft.client.MouseHandler.lambda$setup$5(MouseHandler.java:188) ~[forge-1.20.1-47.4.15_mapped_parchment_2023.09.03-1.20.1.jar:?]
	at org.lwjgl.glfw.GLFWMouseButtonCallbackI.callback(GLFWMouseButtonCallbackI.java:43) ~[lwjgl-glfw-3.3.1.jar:build 7]
	at org.lwjgl.system.JNI.invokeV(Native Method) ~[lwjgl-3.3.1.jar:build 7]
	at org.lwjgl.glfw.GLFW.glfwWaitEventsTimeout(GLFW.java:3474) ~[lwjgl-glfw-3.3.1.jar:build 7]
	at com.mojang.blaze3d.systems.RenderSystem.limitDisplayFPS(RenderSystem.java:237) ~[forge-1.20.1-47.4.15_mapped_parchment_2023.09.03-1.20.1.jar:?]
	at net.minecraft.client.Minecraft.runTick(Minecraft.java:1173) ~[forge-1.20.1-47.4.15_mapped_parchment_2023.09.03-1.20.1.jar:?]
	at net.minecraft.client.Minecraft.run(Minecraft.java:718) ~[forge-1.20.1-47.4.15_mapped_parchment_2023.09.03-1.20.1.jar:?]
	at net.minecraft.client.main.Main.main(Main.java:218) ~[forge-1.20.1-47.4.15_mapped_parchment_2023.09.03-1.20.1.jar:?]
	at jdk.internal.reflect.NativeMethodAccessorImpl.invoke0(Native Method) ~[?:?]
	at jdk.internal.reflect.NativeMethodAccessorImpl.invoke(NativeMethodAccessorImpl.java:77) ~[?:?]
	at jdk.internal.reflect.DelegatingMethodAccessorImpl.invoke(DelegatingMethodAccessorImpl.java:43) ~[?:?]
	at java.lang.reflect.Method.invoke(Method.java:569) ~[?:?]
	at net.minecraftforge.fml.loading.targets.CommonLaunchHandler.runTarget(CommonLaunchHandler.java:111) ~[fmlloader-1.20.1-47.4.15.jar:?]
	at net.minecraftforge.fml.loading.targets.CommonLaunchHandler.clientService(CommonLaunchHandler.java:99) ~[fmlloader-1.20.1-47.4.15.jar:?]
	at net.minecraftforge.fml.loading.targets.ForgeClientUserdevLaunchHandler.devService(ForgeClientUserdevLaunchHandler.java:19) ~[fmlloader-1.20.1-47.4.15.jar:?]
	at net.minecraftforge.fml.loading.targets.CommonDevLaunchHandler.lambda$makeService$7(CommonDevLaunchHandler.java:135) ~[fmlloader-1.20.1-47.4.15.jar:?]
	at cpw.mods.modlauncher.LaunchServiceHandlerDecorator.launch(LaunchServiceHandlerDecorator.java:30) ~[modlauncher-10.0.9.jar:?]
	at cpw.mods.modlauncher.LaunchServiceHandler.launch(LaunchServiceHandler.java:53) ~[modlauncher-10.0.9.jar:?]
	at cpw.mods.modlauncher.LaunchServiceHandler.launch(LaunchServiceHandler.java:71) ~[modlauncher-10.0.9.jar:?]
	at cpw.mods.modlauncher.Launcher.run(Launcher.java:108) ~[modlauncher-10.0.9.jar:?]
	at cpw.mods.modlauncher.Launcher.main(Launcher.java:78) ~[modlauncher-10.0.9.jar:?]
	at cpw.mods.modlauncher.BootstrapLaunchConsumer.accept(BootstrapLaunchConsumer.java:26) ~[modlauncher-10.0.9.jar:?]
	at cpw.mods.modlauncher.BootstrapLaunchConsumer.accept(BootstrapLaunchConsumer.java:23) ~[modlauncher-10.0.9.jar:?]
	at cpw.mods.bootstraplauncher.BootstrapLauncher.main(BootstrapLauncher.java:141) ~[bootstraplauncher-1.1.2.jar:?]
[21Mar2026 17:50:08.495] [Render thread/INFO] [net.minecraft.world.item.crafting.RecipeManager/]: Loaded 10 recipes
[21Mar2026 17:50:08.551] [Render thread/INFO] [net.minecraft.advancements.AdvancementList/]: Loaded 1440 advancements
[21Mar2026 17:50:10.442] [Render thread/WARN] [net.minecraftforge.common.ForgeHooks/WP]: The following mods have version differences that were not resolved:
oneironaut (version 1.0.3 -> 1.0.4)
Things may not work well.
[21Mar2026 17:50:10.446] [Render thread/INFO] [net.minecraftforge.registries.GameData/REGISTRIES]: Injecting existing registry data into this CLIENT instance
[21Mar2026 17:50:10.467] [Render thread/DEBUG] [net.minecraftforge.registries.ForgeRegistry/REGISTRIES]: Registry minecraft:block Sync: ACTIVE -> STAGING
[21Mar2026 17:50:10.470] [Render thread/DEBUG] [net.minecraftforge.registries.ForgeRegistry/REGISTRIES]: Registry minecraft:fluid Sync: ACTIVE -> STAGING
[21Mar2026 17:50:10.470] [Render thread/DEBUG] [net.minecraftforge.registries.ForgeRegistry/REGISTRIES]: Registry minecraft:item Sync: ACTIVE -> STAGING
[21Mar2026 17:50:10.472] [Render thread/DEBUG] [net.minecraftforge.registries.ForgeRegistry/REGISTRIES]: Registry minecraft:mob_effect Sync: ACTIVE -> STAGING
[21Mar2026 17:50:10.473] [Render thread/DEBUG] [net.minecraftforge.registries.ForgeRegistry/REGISTRIES]: Registry minecraft:sound_event Sync: ACTIVE -> STAGING
[21Mar2026 17:50:10.476] [Render thread/DEBUG] [net.minecraftforge.registries.ForgeRegistry/REGISTRIES]: Registry minecraft:potion Sync: ACTIVE -> STAGING
[21Mar2026 17:50:10.476] [Render thread/DEBUG] [net.minecraftforge.registries.ForgeRegistry/REGISTRIES]: Registry minecraft:enchantment Sync: ACTIVE -> STAGING
[21Mar2026 17:50:10.476] [Render thread/DEBUG] [net.minecraftforge.registries.ForgeRegistry/REGISTRIES]: Registry minecraft:entity_type Sync: ACTIVE -> STAGING
[21Mar2026 17:50:10.476] [Render thread/DEBUG] [net.minecraftforge.registries.ForgeRegistry/REGISTRIES]: Registry minecraft:block_entity_type Sync: ACTIVE -> STAGING
[21Mar2026 17:50:10.476] [Render thread/DEBUG] [net.minecraftforge.registries.ForgeRegistry/REGISTRIES]: Registry minecraft:particle_type Sync: ACTIVE -> STAGING
[21Mar2026 17:50:10.476] [Render thread/DEBUG] [net.minecraftforge.registries.ForgeRegistry/REGISTRIES]: Registry minecraft:menu Sync: ACTIVE -> STAGING
[21Mar2026 17:50:10.476] [Render thread/DEBUG] [net.minecraftforge.registries.ForgeRegistry/REGISTRIES]: Registry minecraft:painting_variant Sync: ACTIVE -> STAGING
[21Mar2026 17:50:10.476] [Render thread/DEBUG] [net.minecraftforge.registries.ForgeRegistry/REGISTRIES]: Registry minecraft:recipe_type Sync: ACTIVE -> STAGING
[21Mar2026 17:50:10.476] [Render thread/DEBUG] [net.minecraftforge.registries.ForgeRegistry/REGISTRIES]: Registry minecraft:recipe_serializer Sync: ACTIVE -> STAGING
[21Mar2026 17:50:10.477] [Render thread/DEBUG] [net.minecraftforge.registries.ForgeRegistry/REGISTRIES]: Registry minecraft:attribute Sync: ACTIVE -> STAGING
[21Mar2026 17:50:10.477] [Render thread/DEBUG] [net.minecraftforge.registries.ForgeRegistry/REGISTRIES]: Registry minecraft:stat_type Sync: ACTIVE -> STAGING
[21Mar2026 17:50:10.477] [Render thread/DEBUG] [net.minecraftforge.registries.ForgeRegistry/REGISTRIES]: Registry minecraft:command_argument_type Sync: ACTIVE -> STAGING
[21Mar2026 17:50:10.477] [Render thread/DEBUG] [net.minecraftforge.registries.ForgeRegistry/REGISTRIES]: Registry minecraft:villager_profession Sync: ACTIVE -> STAGING
[21Mar2026 17:50:10.477] [Render thread/DEBUG] [net.minecraftforge.registries.ForgeRegistry/REGISTRIES]: Registry minecraft:point_of_interest_type Sync: ACTIVE -> STAGING
[21Mar2026 17:50:10.477] [Render thread/DEBUG] [net.minecraftforge.registries.ForgeRegistry/REGISTRIES]: Registry minecraft:memory_module_type Sync: ACTIVE -> STAGING
[21Mar2026 17:50:10.478] [Render thread/DEBUG] [net.minecraftforge.registries.ForgeRegistry/REGISTRIES]: Registry minecraft:sensor_type Sync: ACTIVE -> STAGING
[21Mar2026 17:50:10.478] [Render thread/DEBUG] [net.minecraftforge.registries.ForgeRegistry/REGISTRIES]: Registry minecraft:schedule Sync: ACTIVE -> STAGING
[21Mar2026 17:50:10.478] [Render thread/DEBUG] [net.minecraftforge.registries.ForgeRegistry/REGISTRIES]: Registry minecraft:activity Sync: ACTIVE -> STAGING
[21Mar2026 17:50:10.478] [Render thread/DEBUG] [net.minecraftforge.registries.ForgeRegistry/REGISTRIES]: Registry minecraft:worldgen/carver Sync: ACTIVE -> STAGING
[21Mar2026 17:50:10.478] [Render thread/DEBUG] [net.minecraftforge.registries.ForgeRegistry/REGISTRIES]: Registry minecraft:worldgen/feature Sync: ACTIVE -> STAGING
[21Mar2026 17:50:10.478] [Render thread/DEBUG] [net.minecraftforge.registries.ForgeRegistry/REGISTRIES]: Registry minecraft:chunk_status Sync: ACTIVE -> STAGING
[21Mar2026 17:50:10.478] [Render thread/DEBUG] [net.minecraftforge.registries.ForgeRegistry/REGISTRIES]: Registry minecraft:worldgen/block_state_provider_type Sync: ACTIVE -> STAGING
[21Mar2026 17:50:10.478] [Render thread/DEBUG] [net.minecraftforge.registries.ForgeRegistry/REGISTRIES]: Registry minecraft:worldgen/foliage_placer_type Sync: ACTIVE -> STAGING
[21Mar2026 17:50:10.478] [Render thread/DEBUG] [net.minecraftforge.registries.ForgeRegistry/REGISTRIES]: Registry minecraft:worldgen/tree_decorator_type Sync: ACTIVE -> STAGING
[21Mar2026 17:50:10.478] [Render thread/DEBUG] [net.minecraftforge.registries.ForgeRegistry/REGISTRIES]: Registry minecraft:worldgen/biome Sync: ACTIVE -> STAGING
[21Mar2026 17:50:10.478] [Render thread/DEBUG] [net.minecraftforge.registries.ForgeRegistry/REGISTRIES]: Registry forge:entity_data_serializers Sync: ACTIVE -> STAGING
[21Mar2026 17:50:10.478] [Render thread/DEBUG] [net.minecraftforge.registries.ForgeRegistry/REGISTRIES]: Registry forge:global_loot_modifier_serializers Sync: ACTIVE -> STAGING
[21Mar2026 17:50:10.478] [Render thread/DEBUG] [net.minecraftforge.registries.ForgeRegistry/REGISTRIES]: Registry forge:biome_modifier_serializers Sync: ACTIVE -> STAGING
[21Mar2026 17:50:10.478] [Render thread/DEBUG] [net.minecraftforge.registries.ForgeRegistry/REGISTRIES]: Registry forge:fluid_type Sync: ACTIVE -> STAGING
[21Mar2026 17:50:10.478] [Render thread/DEBUG] [net.minecraftforge.registries.ForgeRegistry/REGISTRIES]: Registry forge:structure_modifier_serializers Sync: ACTIVE -> STAGING
[21Mar2026 17:50:10.478] [Render thread/DEBUG] [net.minecraftforge.registries.ForgeRegistry/REGISTRIES]: Registry forge:holder_set_type Sync: ACTIVE -> STAGING
[21Mar2026 17:50:10.478] [Render thread/DEBUG] [net.minecraftforge.registries.ForgeRegistry/REGISTRIES]: Registry forge:display_contexts Sync: ACTIVE -> STAGING
[21Mar2026 17:50:10.691] [Render thread/DEBUG] [net.minecraftforge.registries.ObjectHolderRegistry/REGISTRIES]: Applying holder lookups
[21Mar2026 17:50:10.695] [Render thread/DEBUG] [net.minecraftforge.registries.ObjectHolderRegistry/REGISTRIES]: Holder lookups applied
[21Mar2026 17:50:10.700] [Render thread/DEBUG] [net.minecraftforge.server.ServerLifecycleHooks/CORE]: Generating PackInfo named mod:paucal for mod file C:\Users\ashwa\.gradle\caches\forge_gradle\deobf_dependencies\curse\maven\paucal-597824\5687007_mapped_parchment_2023.09.03-1.20.1\paucal-597824-5687007_mapped_parchment_2023.09.03-1.20.1.jar
[21Mar2026 17:50:10.700] [Render thread/DEBUG] [net.minecraftforge.server.ServerLifecycleHooks/CORE]: Generating PackInfo named mod:geckolib for mod file C:\Users\ashwa\.gradle\caches\forge_gradle\deobf_dependencies\curse\maven\geckolib-388172\7025129_mapped_parchment_2023.09.03-1.20.1\geckolib-388172-7025129_mapped_parchment_2023.09.03-1.20.1.jar
[21Mar2026 17:50:10.700] [Render thread/DEBUG] [net.minecraftforge.server.ServerLifecycleHooks/CORE]: Generating PackInfo named mod:moreiotas for mod file C:\Users\ashwa\.gradle\caches\forge_gradle\deobf_dependencies\curse\maven\moreiotas-824728\7027592_mapped_parchment_2023.09.03-1.20.1\moreiotas-824728-7027592_mapped_parchment_2023.09.03-1.20.1.jar
[21Mar2026 17:50:10.701] [Render thread/DEBUG] [net.minecraftforge.server.ServerLifecycleHooks/CORE]: Generating PackInfo named mod:oneironaut for mod file D:\Intelij Projects\oneironautfinal\build\resources\main
[21Mar2026 17:50:10.701] [Render thread/DEBUG] [net.minecraftforge.server.ServerLifecycleHooks/CORE]: Generating PackInfo named mod:hexal for mod file C:\Users\ashwa\.gradle\caches\forge_gradle\deobf_dependencies\curse\maven\hexal-824725\7168104_mapped_parchment_2023.09.03-1.20.1\hexal-824725-7168104_mapped_parchment_2023.09.03-1.20.1.jar
[21Mar2026 17:50:10.701] [Render thread/DEBUG] [net.minecraftforge.server.ServerLifecycleHooks/CORE]: Generating PackInfo named mod:inline for mod file C:\Users\ashwa\.gradle\caches\forge_gradle\deobf_dependencies\curse\maven\inline-971167\6556850_mapped_parchment_2023.09.03-1.20.1\inline-971167-6556850_mapped_parchment_2023.09.03-1.20.1.jar
[21Mar2026 17:50:10.701] [Render thread/DEBUG] [net.minecraftforge.server.ServerLifecycleHooks/CORE]: Generating PackInfo named mod:hexcasting for mod file C:\Users\ashwa\.gradle\caches\forge_gradle\deobf_dependencies\at\petra-k\hexcasting\hexcasting-forge-1.20.1\0.11.3_mapped_parchment_2023.09.03-1.20.1\hexcasting-forge-1.20.1-0.11.3_mapped_parchment_2023.09.03-1.20.1.jar
[21Mar2026 17:50:10.701] [Render thread/DEBUG] [net.minecraftforge.server.ServerLifecycleHooks/CORE]: Generating PackInfo named mod:cloth_config for mod file C:\Users\ashwa\.gradle\caches\modules-2\files-2.1\me.shedaniel.cloth\cloth-config-forge\11.1.136\c65d07748acc57ceb45d53b3964368b84f34d54f\cloth-config-forge-11.1.136.jar
[21Mar2026 17:50:10.701] [Render thread/DEBUG] [net.minecraftforge.server.ServerLifecycleHooks/CORE]: Generating PackInfo named mod:caelus for mod file C:\Users\ashwa\.gradle\caches\forge_gradle\deobf_dependencies\curse\maven\caelus-308989\5281700_mapped_parchment_2023.09.03-1.20.1\caelus-308989-5281700_mapped_parchment_2023.09.03-1.20.1.jar
[21Mar2026 17:50:10.701] [Render thread/DEBUG] [net.minecraftforge.server.ServerLifecycleHooks/CORE]: Generating PackInfo named mod:kotlinforforge for mod file 
[21Mar2026 17:50:10.701] [Render thread/DEBUG] [net.minecraftforge.server.ServerLifecycleHooks/CORE]: Generating PackInfo named mod:forge for mod file /
[21Mar2026 17:50:10.702] [Render thread/DEBUG] [net.minecraftforge.server.ServerLifecycleHooks/CORE]: Generating PackInfo named mod:patchouli for mod file C:\Users\ashwa\.gradle\caches\forge_gradle\deobf_dependencies\vazkii\patchouli\Patchouli\1.20.1-80-FORGE_mapped_parchment_2023.09.03-1.20.1\Patchouli-1.20.1-80-FORGE_mapped_parchment_2023.09.03-1.20.1.jar
[21Mar2026 17:50:10.935] [Worker-Main-17/ERROR] [net.minecraft.tags.TagLoader/]: Couldn't load tag oneironaut:conceptdecorators as it is missing following references: oneironaut:concept_decorator_color_white (from main), 
	oneironaut:concept_decorator_color_light_gray (from main), 
	oneironaut:concept_decorator_color_black (from main), 
	oneironaut:concept_decorator_color_gray (from main), 
	oneironaut:concept_decorator_color_brown (from main), 
	oneironaut:concept_decorator_color_red (from main), 
	oneironaut:concept_decorator_color_orange (from main), 
	oneironaut:concept_decorator_color_yellow (from main), 
	oneironaut:concept_decorator_color_lime (from main), 
	oneironaut:concept_decorator_color_green (from main), 
	oneironaut:concept_decorator_color_cyan (from main), 
	oneironaut:concept_decorator_color_light_blue (from main), 
	oneironaut:concept_decorator_color_blue (from main), 
	oneironaut:concept_decorator_color_purple (from main), 
	oneironaut:concept_decorator_color_magenta (from main), 
	oneironaut:concept_decorator_color_pink (from main)
[21Mar2026 17:50:11.337] [Worker-Main-10/ERROR] [net.minecraftforge.common.ForgeHooks/]: Couldn't parse element loot_tables:oneironaut:blocks/concept_decorator_color/cyan
com.google.gson.JsonSyntaxException: Expected name to be an item, was unknown string 'oneironaut:concept_decorator_color_cyan'
	at net.minecraft.util.GsonHelper.lambda$convertToItem$0(GsonHelper.java:145) ~[forge-1.20.1-47.4.15_mapped_parchment_2023.09.03-1.20.1.jar%23191!/:?]
	at java.util.Optional.orElseThrow(Optional.java:403) ~[?:?]
	at net.minecraft.util.GsonHelper.convertToItem(GsonHelper.java:145) ~[forge-1.20.1-47.4.15_mapped_parchment_2023.09.03-1.20.1.jar%23191!/:?]
	at net.minecraft.util.GsonHelper.getAsItem(GsonHelper.java:153) ~[forge-1.20.1-47.4.15_mapped_parchment_2023.09.03-1.20.1.jar%23191!/:?]
	at net.minecraft.world.level.storage.loot.entries.LootItem$Serializer.deserialize(LootItem.java:55) ~[forge-1.20.1-47.4.15_mapped_parchment_2023.09.03-1.20.1.jar%23191!/:?]
	at net.minecraft.world.level.storage.loot.entries.LootItem$Serializer.deserialize(LootItem.java:40) ~[forge-1.20.1-47.4.15_mapped_parchment_2023.09.03-1.20.1.jar%23191!/:?]
	at net.minecraft.world.level.storage.loot.entries.LootPoolSingletonContainer$Serializer.deserializeCustom(LootPoolSingletonContainer.java:151) ~[forge-1.20.1-47.4.15_mapped_parchment_2023.09.03-1.20.1.jar%23191!/:?]
	at net.minecraft.world.level.storage.loot.entries.LootPoolSingletonContainer$Serializer.deserializeCustom(LootPoolSingletonContainer.java:129) ~[forge-1.20.1-47.4.15_mapped_parchment_2023.09.03-1.20.1.jar%23191!/:?]
	at net.minecraft.world.level.storage.loot.entries.LootPoolEntryContainer$Serializer.deserialize(LootPoolEntryContainer.java:86) ~[forge-1.20.1-47.4.15_mapped_parchment_2023.09.03-1.20.1.jar%23191!/:?]
	at net.minecraft.world.level.storage.loot.entries.LootPoolEntryContainer$Serializer.deserialize(LootPoolEntryContainer.java:74) ~[forge-1.20.1-47.4.15_mapped_parchment_2023.09.03-1.20.1.jar%23191!/:?]
	at net.minecraft.world.level.storage.loot.GsonAdapterFactory$JsonAdapter.deserialize(GsonAdapterFactory.java:102) ~[forge-1.20.1-47.4.15_mapped_parchment_2023.09.03-1.20.1.jar%23191!/:?]
	at com.google.gson.internal.bind.TreeTypeAdapter.read(TreeTypeAdapter.java:76) ~[gson-2.10.jar%23131!/:?]
	at com.google.gson.internal.bind.TypeAdapterRuntimeTypeWrapper.read(TypeAdapterRuntimeTypeWrapper.java:40) ~[gson-2.10.jar%23131!/:?]
	at com.google.gson.internal.bind.ArrayTypeAdapter.read(ArrayTypeAdapter.java:72) ~[gson-2.10.jar%23131!/:?]
	at com.google.gson.Gson.fromJson(Gson.java:1214) ~[gson-2.10.jar%23131!/:?]
	at com.google.gson.Gson.fromJson(Gson.java:1319) ~[gson-2.10.jar%23131!/:?]
	at com.google.gson.Gson.fromJson(Gson.java:1290) ~[gson-2.10.jar%23131!/:?]
	at com.google.gson.internal.bind.TreeTypeAdapter$GsonContextImpl.deserialize(TreeTypeAdapter.java:179) ~[gson-2.10.jar%23131!/:?]
	at net.minecraft.util.GsonHelper.convertToObject(GsonHelper.java:463) ~[forge-1.20.1-47.4.15_mapped_parchment_2023.09.03-1.20.1.jar%23191!/:?]
	at net.minecraft.util.GsonHelper.getAsObject(GsonHelper.java:471) ~[forge-1.20.1-47.4.15_mapped_parchment_2023.09.03-1.20.1.jar%23191!/:?]
	at net.minecraft.world.level.storage.loot.LootPool$Serializer.deserialize(LootPool.java:192) ~[forge-1.20.1-47.4.15_mapped_parchment_2023.09.03-1.20.1.jar%23191!/:?]
	at net.minecraft.world.level.storage.loot.LootPool$Serializer.deserialize(LootPool.java:189) ~[forge-1.20.1-47.4.15_mapped_parchment_2023.09.03-1.20.1.jar%23191!/:?]
	at com.google.gson.internal.bind.TreeTypeAdapter.read(TreeTypeAdapter.java:76) ~[gson-2.10.jar%23131!/:?]
	at com.google.gson.internal.bind.TypeAdapterRuntimeTypeWrapper.read(TypeAdapterRuntimeTypeWrapper.java:40) ~[gson-2.10.jar%23131!/:?]
	at com.google.gson.internal.bind.ArrayTypeAdapter.read(ArrayTypeAdapter.java:72) ~[gson-2.10.jar%23131!/:?]
	at com.google.gson.Gson.fromJson(Gson.java:1214) ~[gson-2.10.jar%23131!/:?]
	at com.google.gson.Gson.fromJson(Gson.java:1319) ~[gson-2.10.jar%23131!/:?]
	at com.google.gson.Gson.fromJson(Gson.java:1290) ~[gson-2.10.jar%23131!/:?]
	at com.google.gson.internal.bind.TreeTypeAdapter$GsonContextImpl.deserialize(TreeTypeAdapter.java:179) ~[gson-2.10.jar%23131!/:?]
	at net.minecraft.util.GsonHelper.convertToObject(GsonHelper.java:463) ~[forge-1.20.1-47.4.15_mapped_parchment_2023.09.03-1.20.1.jar%23191!/:?]
	at net.minecraft.util.GsonHelper.getAsObject(GsonHelper.java:481) ~[forge-1.20.1-47.4.15_mapped_parchment_2023.09.03-1.20.1.jar%23191!/:?]
	at net.minecraft.world.level.storage.loot.LootTable$Serializer.deserialize(LootTable.java:294) ~[forge-1.20.1-47.4.15_mapped_parchment_2023.09.03-1.20.1.jar%23191!/:?]
	at net.minecraft.world.level.storage.loot.LootTable$Serializer.deserialize(LootTable.java:291) ~[forge-1.20.1-47.4.15_mapped_parchment_2023.09.03-1.20.1.jar%23191!/:?]
	at com.google.gson.internal.bind.TreeTypeAdapter.read(TreeTypeAdapter.java:76) ~[gson-2.10.jar%23131!/:?]
	at com.google.gson.Gson.fromJson(Gson.java:1214) ~[gson-2.10.jar%23131!/:?]
	at com.google.gson.Gson.fromJson(Gson.java:1319) ~[gson-2.10.jar%23131!/:?]
	at com.google.gson.Gson.fromJson(Gson.java:1261) ~[gson-2.10.jar%23131!/:?]
	at net.minecraftforge.common.ForgeHooks.loadLootTable(ForgeHooks.java:872) ~[forge-1.20.1-47.4.15_mapped_parchment_2023.09.03-1.20.1.jar%23190%23197!/:?]
	at net.minecraftforge.common.ForgeHooks.lambda$getLootTableDeserializer$3(ForgeHooks.java:849) ~[forge-1.20.1-47.4.15_mapped_parchment_2023.09.03-1.20.1.jar%23190%23197!/:?]
	at net.minecraft.world.level.storage.loot.LootDataType.deserialize(LootDataType.java:45) ~[forge-1.20.1-47.4.15_mapped_parchment_2023.09.03-1.20.1.jar%23191!/:?]
	at net.minecraft.world.level.storage.loot.LootDataManager.lambda$scheduleElementParse$4(LootDataManager.java:56) ~[forge-1.20.1-47.4.15_mapped_parchment_2023.09.03-1.20.1.jar%23191!/:?]
	at java.util.HashMap.forEach(HashMap.java:1421) ~[?:?]
	at net.minecraft.world.level.storage.loot.LootDataManager.lambda$scheduleElementParse$5(LootDataManager.java:55) ~[forge-1.20.1-47.4.15_mapped_parchment_2023.09.03-1.20.1.jar%23191!/:?]
	at java.util.concurrent.CompletableFuture$AsyncRun.run(CompletableFuture.java:1804) ~[?:?]
	at java.util.concurrent.CompletableFuture$AsyncRun.exec(CompletableFuture.java:1796) ~[?:?]
	at java.util.concurrent.ForkJoinTask.doExec(ForkJoinTask.java:373) ~[?:?]
	at java.util.concurrent.ForkJoinPool$WorkQueue.topLevelExec(ForkJoinPool.java:1182) ~[?:?]
	at java.util.concurrent.ForkJoinPool.scan(ForkJoinPool.java:1655) ~[?:?]
	at java.util.concurrent.ForkJoinPool.runWorker(ForkJoinPool.java:1622) ~[?:?]
	at java.util.concurrent.ForkJoinWorkerThread.run(ForkJoinWorkerThread.java:165) ~[?:?]
[21Mar2026 17:50:11.341] [Worker-Main-10/ERROR] [net.minecraftforge.common.ForgeHooks/]: Couldn't parse element loot_tables:oneironaut:blocks/concept_decorator_color/red
com.google.gson.JsonSyntaxException: Expected name to be an item, was unknown string 'oneironaut:concept_decorator_color_red'
	at net.minecraft.util.GsonHelper.lambda$convertToItem$0(GsonHelper.java:145) ~[forge-1.20.1-47.4.15_mapped_parchment_2023.09.03-1.20.1.jar%23191!/:?]
	at java.util.Optional.orElseThrow(Optional.java:403) ~[?:?]
	at net.minecraft.util.GsonHelper.convertToItem(GsonHelper.java:145) ~[forge-1.20.1-47.4.15_mapped_parchment_2023.09.03-1.20.1.jar%23191!/:?]
	at net.minecraft.util.GsonHelper.getAsItem(GsonHelper.java:153) ~[forge-1.20.1-47.4.15_mapped_parchment_2023.09.03-1.20.1.jar%23191!/:?]
	at net.minecraft.world.level.storage.loot.entries.LootItem$Serializer.deserialize(LootItem.java:55) ~[forge-1.20.1-47.4.15_mapped_parchment_2023.09.03-1.20.1.jar%23191!/:?]
	at net.minecraft.world.level.storage.loot.entries.LootItem$Serializer.deserialize(LootItem.java:40) ~[forge-1.20.1-47.4.15_mapped_parchment_2023.09.03-1.20.1.jar%23191!/:?]
	at net.minecraft.world.level.storage.loot.entries.LootPoolSingletonContainer$Serializer.deserializeCustom(LootPoolSingletonContainer.java:151) ~[forge-1.20.1-47.4.15_mapped_parchment_2023.09.03-1.20.1.jar%23191!/:?]
	at net.minecraft.world.level.storage.loot.entries.LootPoolSingletonContainer$Serializer.deserializeCustom(LootPoolSingletonContainer.java:129) ~[forge-1.20.1-47.4.15_mapped_parchment_2023.09.03-1.20.1.jar%23191!/:?]
	at net.minecraft.world.level.storage.loot.entries.LootPoolEntryContainer$Serializer.deserialize(LootPoolEntryContainer.java:86) ~[forge-1.20.1-47.4.15_mapped_parchment_2023.09.03-1.20.1.jar%23191!/:?]
	at net.minecraft.world.level.storage.loot.entries.LootPoolEntryContainer$Serializer.deserialize(LootPoolEntryContainer.java:74) ~[forge-1.20.1-47.4.15_mapped_parchment_2023.09.03-1.20.1.jar%23191!/:?]
	at net.minecraft.world.level.storage.loot.GsonAdapterFactory$JsonAdapter.deserialize(GsonAdapterFactory.java:102) ~[forge-1.20.1-47.4.15_mapped_parchment_2023.09.03-1.20.1.jar%23191!/:?]
	at com.google.gson.internal.bind.TreeTypeAdapter.read(TreeTypeAdapter.java:76) ~[gson-2.10.jar%23131!/:?]
	at com.google.gson.internal.bind.TypeAdapterRuntimeTypeWrapper.read(TypeAdapterRuntimeTypeWrapper.java:40) ~[gson-2.10.jar%23131!/:?]
	at com.google.gson.internal.bind.ArrayTypeAdapter.read(ArrayTypeAdapter.java:72) ~[gson-2.10.jar%23131!/:?]
	at com.google.gson.Gson.fromJson(Gson.java:1214) ~[gson-2.10.jar%23131!/:?]
	at com.google.gson.Gson.fromJson(Gson.java:1319) ~[gson-2.10.jar%23131!/:?]
	at com.google.gson.Gson.fromJson(Gson.java:1290) ~[gson-2.10.jar%23131!/:?]
	at com.google.gson.internal.bind.TreeTypeAdapter$GsonContextImpl.deserialize(TreeTypeAdapter.java:179) ~[gson-2.10.jar%23131!/:?]
	at net.minecraft.util.GsonHelper.convertToObject(GsonHelper.java:463) ~[forge-1.20.1-47.4.15_mapped_parchment_2023.09.03-1.20.1.jar%23191!/:?]
	at net.minecraft.util.GsonHelper.getAsObject(GsonHelper.java:471) ~[forge-1.20.1-47.4.15_mapped_parchment_2023.09.03-1.20.1.jar%23191!/:?]
	at net.minecraft.world.level.storage.loot.LootPool$Serializer.deserialize(LootPool.java:192) ~[forge-1.20.1-47.4.15_mapped_parchment_2023.09.03-1.20.1.jar%23191!/:?]
	at net.minecraft.world.level.storage.loot.LootPool$Serializer.deserialize(LootPool.java:189) ~[forge-1.20.1-47.4.15_mapped_parchment_2023.09.03-1.20.1.jar%23191!/:?]
	at com.google.gson.internal.bind.TreeTypeAdapter.read(TreeTypeAdapter.java:76) ~[gson-2.10.jar%23131!/:?]
	at com.google.gson.internal.bind.TypeAdapterRuntimeTypeWrapper.read(TypeAdapterRuntimeTypeWrapper.java:40) ~[gson-2.10.jar%23131!/:?]
	at com.google.gson.internal.bind.ArrayTypeAdapter.read(ArrayTypeAdapter.java:72) ~[gson-2.10.jar%23131!/:?]
	at com.google.gson.Gson.fromJson(Gson.java:1214) ~[gson-2.10.jar%23131!/:?]
	at com.google.gson.Gson.fromJson(Gson.java:1319) ~[gson-2.10.jar%23131!/:?]
	at com.google.gson.Gson.fromJson(Gson.java:1290) ~[gson-2.10.jar%23131!/:?]
	at com.google.gson.internal.bind.TreeTypeAdapter$GsonContextImpl.deserialize(TreeTypeAdapter.java:179) ~[gson-2.10.jar%23131!/:?]
	at net.minecraft.util.GsonHelper.convertToObject(GsonHelper.java:463) ~[forge-1.20.1-47.4.15_mapped_parchment_2023.09.03-1.20.1.jar%23191!/:?]
	at net.minecraft.util.GsonHelper.getAsObject(GsonHelper.java:481) ~[forge-1.20.1-47.4.15_mapped_parchment_2023.09.03-1.20.1.jar%23191!/:?]
	at net.minecraft.world.level.storage.loot.LootTable$Serializer.deserialize(LootTable.java:294) ~[forge-1.20.1-47.4.15_mapped_parchment_2023.09.03-1.20.1.jar%23191!/:?]
	at net.minecraft.world.level.storage.loot.LootTable$Serializer.deserialize(LootTable.java:291) ~[forge-1.20.1-47.4.15_mapped_parchment_2023.09.03-1.20.1.jar%23191!/:?]
	at com.google.gson.internal.bind.TreeTypeAdapter.read(TreeTypeAdapter.java:76) ~[gson-2.10.jar%23131!/:?]
	at com.google.gson.Gson.fromJson(Gson.java:1214) ~[gson-2.10.jar%23131!/:?]
	at com.google.gson.Gson.fromJson(Gson.java:1319) ~[gson-2.10.jar%23131!/:?]
	at com.google.gson.Gson.fromJson(Gson.java:1261) ~[gson-2.10.jar%23131!/:?]
	at net.minecraftforge.common.ForgeHooks.loadLootTable(ForgeHooks.java:872) ~[forge-1.20.1-47.4.15_mapped_parchment_2023.09.03-1.20.1.jar%23190%23197!/:?]
	at net.minecraftforge.common.ForgeHooks.lambda$getLootTableDeserializer$3(ForgeHooks.java:849) ~[forge-1.20.1-47.4.15_mapped_parchment_2023.09.03-1.20.1.jar%23190%23197!/:?]
	at net.minecraft.world.level.storage.loot.LootDataType.deserialize(LootDataType.java:45) ~[forge-1.20.1-47.4.15_mapped_parchment_2023.09.03-1.20.1.jar%23191!/:?]
	at net.minecraft.world.level.storage.loot.LootDataManager.lambda$scheduleElementParse$4(LootDataManager.java:56) ~[forge-1.20.1-47.4.15_mapped_parchment_2023.09.03-1.20.1.jar%23191!/:?]
	at java.util.HashMap.forEach(HashMap.java:1421) ~[?:?]
	at net.minecraft.world.level.storage.loot.LootDataManager.lambda$scheduleElementParse$5(LootDataManager.java:55) ~[forge-1.20.1-47.4.15_mapped_parchment_2023.09.03-1.20.1.jar%23191!/:?]
	at java.util.concurrent.CompletableFuture$AsyncRun.run(CompletableFuture.java:1804) ~[?:?]
	at java.util.concurrent.CompletableFuture$AsyncRun.exec(CompletableFuture.java:1796) ~[?:?]
	at java.util.concurrent.ForkJoinTask.doExec(ForkJoinTask.java:373) ~[?:?]
	at java.util.concurrent.ForkJoinPool$WorkQueue.topLevelExec(ForkJoinPool.java:1182) ~[?:?]
	at java.util.concurrent.ForkJoinPool.scan(ForkJoinPool.java:1655) ~[?:?]
	at java.util.concurrent.ForkJoinPool.runWorker(ForkJoinPool.java:1622) ~[?:?]
	at java.util.concurrent.ForkJoinWorkerThread.run(ForkJoinWorkerThread.java:165) ~[?:?]
[21Mar2026 17:50:11.358] [Worker-Main-10/ERROR] [net.minecraftforge.common.ForgeHooks/]: Couldn't parse element loot_tables:oneironaut:blocks/concept_decorator_color/white
com.google.gson.JsonSyntaxException: Expected name to be an item, was unknown string 'oneironaut:concept_decorator_color_white'
	at net.minecraft.util.GsonHelper.lambda$convertToItem$0(GsonHelper.java:145) ~[forge-1.20.1-47.4.15_mapped_parchment_2023.09.03-1.20.1.jar%23191!/:?]
	at java.util.Optional.orElseThrow(Optional.java:403) ~[?:?]
	at net.minecraft.util.GsonHelper.convertToItem(GsonHelper.java:145) ~[forge-1.20.1-47.4.15_mapped_parchment_2023.09.03-1.20.1.jar%23191!/:?]
	at net.minecraft.util.GsonHelper.getAsItem(GsonHelper.java:153) ~[forge-1.20.1-47.4.15_mapped_parchment_2023.09.03-1.20.1.jar%23191!/:?]
	at net.minecraft.world.level.storage.loot.entries.LootItem$Serializer.deserialize(LootItem.java:55) ~[forge-1.20.1-47.4.15_mapped_parchment_2023.09.03-1.20.1.jar%23191!/:?]
	at net.minecraft.world.level.storage.loot.entries.LootItem$Serializer.deserialize(LootItem.java:40) ~[forge-1.20.1-47.4.15_mapped_parchment_2023.09.03-1.20.1.jar%23191!/:?]
	at net.minecraft.world.level.storage.loot.entries.LootPoolSingletonContainer$Serializer.deserializeCustom(LootPoolSingletonContainer.java:151) ~[forge-1.20.1-47.4.15_mapped_parchment_2023.09.03-1.20.1.jar%23191!/:?]
	at net.minecraft.world.level.storage.loot.entries.LootPoolSingletonContainer$Serializer.deserializeCustom(LootPoolSingletonContainer.java:129) ~[forge-1.20.1-47.4.15_mapped_parchment_2023.09.03-1.20.1.jar%23191!/:?]
	at net.minecraft.world.level.storage.loot.entries.LootPoolEntryContainer$Serializer.deserialize(LootPoolEntryContainer.java:86) ~[forge-1.20.1-47.4.15_mapped_parchment_2023.09.03-1.20.1.jar%23191!/:?]
	at net.minecraft.world.level.storage.loot.entries.LootPoolEntryContainer$Serializer.deserialize(LootPoolEntryContainer.java:74) ~[forge-1.20.1-47.4.15_mapped_parchment_2023.09.03-1.20.1.jar%23191!/:?]
	at net.minecraft.world.level.storage.loot.GsonAdapterFactory$JsonAdapter.deserialize(GsonAdapterFactory.java:102) ~[forge-1.20.1-47.4.15_mapped_parchment_2023.09.03-1.20.1.jar%23191!/:?]
	at com.google.gson.internal.bind.TreeTypeAdapter.read(TreeTypeAdapter.java:76) ~[gson-2.10.jar%23131!/:?]
	at com.google.gson.internal.bind.TypeAdapterRuntimeTypeWrapper.read(TypeAdapterRuntimeTypeWrapper.java:40) ~[gson-2.10.jar%23131!/:?]
	at com.google.gson.internal.bind.ArrayTypeAdapter.read(ArrayTypeAdapter.java:72) ~[gson-2.10.jar%23131!/:?]
	at com.google.gson.Gson.fromJson(Gson.java:1214) ~[gson-2.10.jar%23131!/:?]
	at com.google.gson.Gson.fromJson(Gson.java:1319) ~[gson-2.10.jar%23131!/:?]
	at com.google.gson.Gson.fromJson(Gson.java:1290) ~[gson-2.10.jar%23131!/:?]
	at com.google.gson.internal.bind.TreeTypeAdapter$GsonContextImpl.deserialize(TreeTypeAdapter.java:179) ~[gson-2.10.jar%23131!/:?]
	at net.minecraft.util.GsonHelper.convertToObject(GsonHelper.java:463) ~[forge-1.20.1-47.4.15_mapped_parchment_2023.09.03-1.20.1.jar%23191!/:?]
	at net.minecraft.util.GsonHelper.getAsObject(GsonHelper.java:471) ~[forge-1.20.1-47.4.15_mapped_parchment_2023.09.03-1.20.1.jar%23191!/:?]
	at net.minecraft.world.level.storage.loot.LootPool$Serializer.deserialize(LootPool.java:192) ~[forge-1.20.1-47.4.15_mapped_parchment_2023.09.03-1.20.1.jar%23191!/:?]
	at net.minecraft.world.level.storage.loot.LootPool$Serializer.deserialize(LootPool.java:189) ~[forge-1.20.1-47.4.15_mapped_parchment_2023.09.03-1.20.1.jar%23191!/:?]
	at com.google.gson.internal.bind.TreeTypeAdapter.read(TreeTypeAdapter.java:76) ~[gson-2.10.jar%23131!/:?]
	at com.google.gson.internal.bind.TypeAdapterRuntimeTypeWrapper.read(TypeAdapterRuntimeTypeWrapper.java:40) ~[gson-2.10.jar%23131!/:?]
	at com.google.gson.internal.bind.ArrayTypeAdapter.read(ArrayTypeAdapter.java:72) ~[gson-2.10.jar%23131!/:?]
	at com.google.gson.Gson.fromJson(Gson.java:1214) ~[gson-2.10.jar%23131!/:?]
	at com.google.gson.Gson.fromJson(Gson.java:1319) ~[gson-2.10.jar%23131!/:?]
	at com.google.gson.Gson.fromJson(Gson.java:1290) ~[gson-2.10.jar%23131!/:?]
	at com.google.gson.internal.bind.TreeTypeAdapter$GsonContextImpl.deserialize(TreeTypeAdapter.java:179) ~[gson-2.10.jar%23131!/:?]
	at net.minecraft.util.GsonHelper.convertToObject(GsonHelper.java:463) ~[forge-1.20.1-47.4.15_mapped_parchment_2023.09.03-1.20.1.jar%23191!/:?]
	at net.minecraft.util.GsonHelper.getAsObject(GsonHelper.java:481) ~[forge-1.20.1-47.4.15_mapped_parchment_2023.09.03-1.20.1.jar%23191!/:?]
	at net.minecraft.world.level.storage.loot.LootTable$Serializer.deserialize(LootTable.java:294) ~[forge-1.20.1-47.4.15_mapped_parchment_2023.09.03-1.20.1.jar%23191!/:?]
	at net.minecraft.world.level.storage.loot.LootTable$Serializer.deserialize(LootTable.java:291) ~[forge-1.20.1-47.4.15_mapped_parchment_2023.09.03-1.20.1.jar%23191!/:?]
	at com.google.gson.internal.bind.TreeTypeAdapter.read(TreeTypeAdapter.java:76) ~[gson-2.10.jar%23131!/:?]
	at com.google.gson.Gson.fromJson(Gson.java:1214) ~[gson-2.10.jar%23131!/:?]
	at com.google.gson.Gson.fromJson(Gson.java:1319) ~[gson-2.10.jar%23131!/:?]
	at com.google.gson.Gson.fromJson(Gson.java:1261) ~[gson-2.10.jar%23131!/:?]
	at net.minecraftforge.common.ForgeHooks.loadLootTable(ForgeHooks.java:872) ~[forge-1.20.1-47.4.15_mapped_parchment_2023.09.03-1.20.1.jar%23190%23197!/:?]
	at net.minecraftforge.common.ForgeHooks.lambda$getLootTableDeserializer$3(ForgeHooks.java:849) ~[forge-1.20.1-47.4.15_mapped_parchment_2023.09.03-1.20.1.jar%23190%23197!/:?]
	at net.minecraft.world.level.storage.loot.LootDataType.deserialize(LootDataType.java:45) ~[forge-1.20.1-47.4.15_mapped_parchment_2023.09.03-1.20.1.jar%23191!/:?]
	at net.minecraft.world.level.storage.loot.LootDataManager.lambda$scheduleElementParse$4(LootDataManager.java:56) ~[forge-1.20.1-47.4.15_mapped_parchment_2023.09.03-1.20.1.jar%23191!/:?]
	at java.util.HashMap.forEach(HashMap.java:1421) ~[?:?]
	at net.minecraft.world.level.storage.loot.LootDataManager.lambda$scheduleElementParse$5(LootDataManager.java:55) ~[forge-1.20.1-47.4.15_mapped_parchment_2023.09.03-1.20.1.jar%23191!/:?]
	at java.util.concurrent.CompletableFuture$AsyncRun.run(CompletableFuture.java:1804) ~[?:?]
	at java.util.concurrent.CompletableFuture$AsyncRun.exec(CompletableFuture.java:1796) ~[?:?]
	at java.util.concurrent.ForkJoinTask.doExec(ForkJoinTask.java:373) ~[?:?]
	at java.util.concurrent.ForkJoinPool$WorkQueue.topLevelExec(ForkJoinPool.java:1182) ~[?:?]
	at java.util.concurrent.ForkJoinPool.scan(ForkJoinPool.java:1655) ~[?:?]
	at java.util.concurrent.ForkJoinPool.runWorker(ForkJoinPool.java:1622) ~[?:?]
	at java.util.concurrent.ForkJoinWorkerThread.run(ForkJoinWorkerThread.java:165) ~[?:?]
[21Mar2026 17:50:11.362] [Worker-Main-10/ERROR] [net.minecraftforge.common.ForgeHooks/]: Couldn't parse element loot_tables:oneironaut:blocks/concept_decorator_color/orange
com.google.gson.JsonSyntaxException: Expected name to be an item, was unknown string 'oneironaut:concept_decorator_color_orange'
	at net.minecraft.util.GsonHelper.lambda$convertToItem$0(GsonHelper.java:145) ~[forge-1.20.1-47.4.15_mapped_parchment_2023.09.03-1.20.1.jar%23191!/:?]
	at java.util.Optional.orElseThrow(Optional.java:403) ~[?:?]
	at net.minecraft.util.GsonHelper.convertToItem(GsonHelper.java:145) ~[forge-1.20.1-47.4.15_mapped_parchment_2023.09.03-1.20.1.jar%23191!/:?]
	at net.minecraft.util.GsonHelper.getAsItem(GsonHelper.java:153) ~[forge-1.20.1-47.4.15_mapped_parchment_2023.09.03-1.20.1.jar%23191!/:?]
	at net.minecraft.world.level.storage.loot.entries.LootItem$Serializer.deserialize(LootItem.java:55) ~[forge-1.20.1-47.4.15_mapped_parchment_2023.09.03-1.20.1.jar%23191!/:?]
	at net.minecraft.world.level.storage.loot.entries.LootItem$Serializer.deserialize(LootItem.java:40) ~[forge-1.20.1-47.4.15_mapped_parchment_2023.09.03-1.20.1.jar%23191!/:?]
	at net.minecraft.world.level.storage.loot.entries.LootPoolSingletonContainer$Serializer.deserializeCustom(LootPoolSingletonContainer.java:151) ~[forge-1.20.1-47.4.15_mapped_parchment_2023.09.03-1.20.1.jar%23191!/:?]
	at net.minecraft.world.level.storage.loot.entries.LootPoolSingletonContainer$Serializer.deserializeCustom(LootPoolSingletonContainer.java:129) ~[forge-1.20.1-47.4.15_mapped_parchment_2023.09.03-1.20.1.jar%23191!/:?]
	at net.minecraft.world.level.storage.loot.entries.LootPoolEntryContainer$Serializer.deserialize(LootPoolEntryContainer.java:86) ~[forge-1.20.1-47.4.15_mapped_parchment_2023.09.03-1.20.1.jar%23191!/:?]
	at net.minecraft.world.level.storage.loot.entries.LootPoolEntryContainer$Serializer.deserialize(LootPoolEntryContainer.java:74) ~[forge-1.20.1-47.4.15_mapped_parchment_2023.09.03-1.20.1.jar%23191!/:?]
	at net.minecraft.world.level.storage.loot.GsonAdapterFactory$JsonAdapter.deserialize(GsonAdapterFactory.java:102) ~[forge-1.20.1-47.4.15_mapped_parchment_2023.09.03-1.20.1.jar%23191!/:?]
	at com.google.gson.internal.bind.TreeTypeAdapter.read(TreeTypeAdapter.java:76) ~[gson-2.10.jar%23131!/:?]
	at com.google.gson.internal.bind.TypeAdapterRuntimeTypeWrapper.read(TypeAdapterRuntimeTypeWrapper.java:40) ~[gson-2.10.jar%23131!/:?]
	at com.google.gson.internal.bind.ArrayTypeAdapter.read(ArrayTypeAdapter.java:72) ~[gson-2.10.jar%23131!/:?]
	at com.google.gson.Gson.fromJson(Gson.java:1214) ~[gson-2.10.jar%23131!/:?]
	at com.google.gson.Gson.fromJson(Gson.java:1319) ~[gson-2.10.jar%23131!/:?]
	at com.google.gson.Gson.fromJson(Gson.java:1290) ~[gson-2.10.jar%23131!/:?]
	at com.google.gson.internal.bind.TreeTypeAdapter$GsonContextImpl.deserialize(TreeTypeAdapter.java:179) ~[gson-2.10.jar%23131!/:?]
	at net.minecraft.util.GsonHelper.convertToObject(GsonHelper.java:463) ~[forge-1.20.1-47.4.15_mapped_parchment_2023.09.03-1.20.1.jar%23191!/:?]
	at net.minecraft.util.GsonHelper.getAsObject(GsonHelper.java:471) ~[forge-1.20.1-47.4.15_mapped_parchment_2023.09.03-1.20.1.jar%23191!/:?]
	at net.minecraft.world.level.storage.loot.LootPool$Serializer.deserialize(LootPool.java:192) ~[forge-1.20.1-47.4.15_mapped_parchment_2023.09.03-1.20.1.jar%23191!/:?]
	at net.minecraft.world.level.storage.loot.LootPool$Serializer.deserialize(LootPool.java:189) ~[forge-1.20.1-47.4.15_mapped_parchment_2023.09.03-1.20.1.jar%23191!/:?]
	at com.google.gson.internal.bind.TreeTypeAdapter.read(TreeTypeAdapter.java:76) ~[gson-2.10.jar%23131!/:?]
	at com.google.gson.internal.bind.TypeAdapterRuntimeTypeWrapper.read(TypeAdapterRuntimeTypeWrapper.java:40) ~[gson-2.10.jar%23131!/:?]
	at com.google.gson.internal.bind.ArrayTypeAdapter.read(ArrayTypeAdapter.java:72) ~[gson-2.10.jar%23131!/:?]
	at com.google.gson.Gson.fromJson(Gson.java:1214) ~[gson-2.10.jar%23131!/:?]
	at com.google.gson.Gson.fromJson(Gson.java:1319) ~[gson-2.10.jar%23131!/:?]
	at com.google.gson.Gson.fromJson(Gson.java:1290) ~[gson-2.10.jar%23131!/:?]
	at com.google.gson.internal.bind.TreeTypeAdapter$GsonContextImpl.deserialize(TreeTypeAdapter.java:179) ~[gson-2.10.jar%23131!/:?]
	at net.minecraft.util.GsonHelper.convertToObject(GsonHelper.java:463) ~[forge-1.20.1-47.4.15_mapped_parchment_2023.09.03-1.20.1.jar%23191!/:?]
	at net.minecraft.util.GsonHelper.getAsObject(GsonHelper.java:481) ~[forge-1.20.1-47.4.15_mapped_parchment_2023.09.03-1.20.1.jar%23191!/:?]
	at net.minecraft.world.level.storage.loot.LootTable$Serializer.deserialize(LootTable.java:294) ~[forge-1.20.1-47.4.15_mapped_parchment_2023.09.03-1.20.1.jar%23191!/:?]
	at net.minecraft.world.level.storage.loot.LootTable$Serializer.deserialize(LootTable.java:291) ~[forge-1.20.1-47.4.15_mapped_parchment_2023.09.03-1.20.1.jar%23191!/:?]
	at com.google.gson.internal.bind.TreeTypeAdapter.read(TreeTypeAdapter.java:76) ~[gson-2.10.jar%23131!/:?]
	at com.google.gson.Gson.fromJson(Gson.java:1214) ~[gson-2.10.jar%23131!/:?]
	at com.google.gson.Gson.fromJson(Gson.java:1319) ~[gson-2.10.jar%23131!/:?]
	at com.google.gson.Gson.fromJson(Gson.java:1261) ~[gson-2.10.jar%23131!/:?]
	at net.minecraftforge.common.ForgeHooks.loadLootTable(ForgeHooks.java:872) ~[forge-1.20.1-47.4.15_mapped_parchment_2023.09.03-1.20.1.jar%23190%23197!/:?]
	at net.minecraftforge.common.ForgeHooks.lambda$getLootTableDeserializer$3(ForgeHooks.java:849) ~[forge-1.20.1-47.4.15_mapped_parchment_2023.09.03-1.20.1.jar%23190%23197!/:?]
	at net.minecraft.world.level.storage.loot.LootDataType.deserialize(LootDataType.java:45) ~[forge-1.20.1-47.4.15_mapped_parchment_2023.09.03-1.20.1.jar%23191!/:?]
	at net.minecraft.world.level.storage.loot.LootDataManager.lambda$scheduleElementParse$4(LootDataManager.java:56) ~[forge-1.20.1-47.4.15_mapped_parchment_2023.09.03-1.20.1.jar%23191!/:?]
	at java.util.HashMap.forEach(HashMap.java:1421) ~[?:?]
	at net.minecraft.world.level.storage.loot.LootDataManager.lambda$scheduleElementParse$5(LootDataManager.java:55) ~[forge-1.20.1-47.4.15_mapped_parchment_2023.09.03-1.20.1.jar%23191!/:?]
	at java.util.concurrent.CompletableFuture$AsyncRun.run(CompletableFuture.java:1804) ~[?:?]
	at java.util.concurrent.CompletableFuture$AsyncRun.exec(CompletableFuture.java:1796) ~[?:?]
	at java.util.concurrent.ForkJoinTask.doExec(ForkJoinTask.java:373) ~[?:?]
	at java.util.concurrent.ForkJoinPool$WorkQueue.topLevelExec(ForkJoinPool.java:1182) ~[?:?]
	at java.util.concurrent.ForkJoinPool.scan(ForkJoinPool.java:1655) ~[?:?]
	at java.util.concurrent.ForkJoinPool.runWorker(ForkJoinPool.java:1622) ~[?:?]
	at java.util.concurrent.ForkJoinWorkerThread.run(ForkJoinWorkerThread.java:165) ~[?:?]
[21Mar2026 17:50:11.370] [Worker-Main-10/ERROR] [net.minecraftforge.common.ForgeHooks/]: Couldn't parse element loot_tables:oneironaut:blocks/concept_decorator_color/purple
com.google.gson.JsonSyntaxException: Expected name to be an item, was unknown string 'oneironaut:concept_decorator_color_purple'
	at net.minecraft.util.GsonHelper.lambda$convertToItem$0(GsonHelper.java:145) ~[forge-1.20.1-47.4.15_mapped_parchment_2023.09.03-1.20.1.jar%23191!/:?]
	at java.util.Optional.orElseThrow(Optional.java:403) ~[?:?]
	at net.minecraft.util.GsonHelper.convertToItem(GsonHelper.java:145) ~[forge-1.20.1-47.4.15_mapped_parchment_2023.09.03-1.20.1.jar%23191!/:?]
	at net.minecraft.util.GsonHelper.getAsItem(GsonHelper.java:153) ~[forge-1.20.1-47.4.15_mapped_parchment_2023.09.03-1.20.1.jar%23191!/:?]
	at net.minecraft.world.level.storage.loot.entries.LootItem$Serializer.deserialize(LootItem.java:55) ~[forge-1.20.1-47.4.15_mapped_parchment_2023.09.03-1.20.1.jar%23191!/:?]
	at net.minecraft.world.level.storage.loot.entries.LootItem$Serializer.deserialize(LootItem.java:40) ~[forge-1.20.1-47.4.15_mapped_parchment_2023.09.03-1.20.1.jar%23191!/:?]
	at net.minecraft.world.level.storage.loot.entries.LootPoolSingletonContainer$Serializer.deserializeCustom(LootPoolSingletonContainer.java:151) ~[forge-1.20.1-47.4.15_mapped_parchment_2023.09.03-1.20.1.jar%23191!/:?]
	at net.minecraft.world.level.storage.loot.entries.LootPoolSingletonContainer$Serializer.deserializeCustom(LootPoolSingletonContainer.java:129) ~[forge-1.20.1-47.4.15_mapped_parchment_2023.09.03-1.20.1.jar%23191!/:?]
	at net.minecraft.world.level.storage.loot.entries.LootPoolEntryContainer$Serializer.deserialize(LootPoolEntryContainer.java:86) ~[forge-1.20.1-47.4.15_mapped_parchment_2023.09.03-1.20.1.jar%23191!/:?]
	at net.minecraft.world.level.storage.loot.entries.LootPoolEntryContainer$Serializer.deserialize(LootPoolEntryContainer.java:74) ~[forge-1.20.1-47.4.15_mapped_parchment_2023.09.03-1.20.1.jar%23191!/:?]
	at net.minecraft.world.level.storage.loot.GsonAdapterFactory$JsonAdapter.deserialize(GsonAdapterFactory.java:102) ~[forge-1.20.1-47.4.15_mapped_parchment_2023.09.03-1.20.1.jar%23191!/:?]
	at com.google.gson.internal.bind.TreeTypeAdapter.read(TreeTypeAdapter.java:76) ~[gson-2.10.jar%23131!/:?]
	at com.google.gson.internal.bind.TypeAdapterRuntimeTypeWrapper.read(TypeAdapterRuntimeTypeWrapper.java:40) ~[gson-2.10.jar%23131!/:?]
	at com.google.gson.internal.bind.ArrayTypeAdapter.read(ArrayTypeAdapter.java:72) ~[gson-2.10.jar%23131!/:?]
	at com.google.gson.Gson.fromJson(Gson.java:1214) ~[gson-2.10.jar%23131!/:?]
	at com.google.gson.Gson.fromJson(Gson.java:1319) ~[gson-2.10.jar%23131!/:?]
	at com.google.gson.Gson.fromJson(Gson.java:1290) ~[gson-2.10.jar%23131!/:?]
	at com.google.gson.internal.bind.TreeTypeAdapter$GsonContextImpl.deserialize(TreeTypeAdapter.java:179) ~[gson-2.10.jar%23131!/:?]
	at net.minecraft.util.GsonHelper.convertToObject(GsonHelper.java:463) ~[forge-1.20.1-47.4.15_mapped_parchment_2023.09.03-1.20.1.jar%23191!/:?]
	at net.minecraft.util.GsonHelper.getAsObject(GsonHelper.java:471) ~[forge-1.20.1-47.4.15_mapped_parchment_2023.09.03-1.20.1.jar%23191!/:?]
	at net.minecraft.world.level.storage.loot.LootPool$Serializer.deserialize(LootPool.java:192) ~[forge-1.20.1-47.4.15_mapped_parchment_2023.09.03-1.20.1.jar%23191!/:?]
	at net.minecraft.world.level.storage.loot.LootPool$Serializer.deserialize(LootPool.java:189) ~[forge-1.20.1-47.4.15_mapped_parchment_2023.09.03-1.20.1.jar%23191!/:?]
	at com.google.gson.internal.bind.TreeTypeAdapter.read(TreeTypeAdapter.java:76) ~[gson-2.10.jar%23131!/:?]
	at com.google.gson.internal.bind.TypeAdapterRuntimeTypeWrapper.read(TypeAdapterRuntimeTypeWrapper.java:40) ~[gson-2.10.jar%23131!/:?]
	at com.google.gson.internal.bind.ArrayTypeAdapter.read(ArrayTypeAdapter.java:72) ~[gson-2.10.jar%23131!/:?]
	at com.google.gson.Gson.fromJson(Gson.java:1214) ~[gson-2.10.jar%23131!/:?]
	at com.google.gson.Gson.fromJson(Gson.java:1319) ~[gson-2.10.jar%23131!/:?]
	at com.google.gson.Gson.fromJson(Gson.java:1290) ~[gson-2.10.jar%23131!/:?]
	at com.google.gson.internal.bind.TreeTypeAdapter$GsonContextImpl.deserialize(TreeTypeAdapter.java:179) ~[gson-2.10.jar%23131!/:?]
	at net.minecraft.util.GsonHelper.convertToObject(GsonHelper.java:463) ~[forge-1.20.1-47.4.15_mapped_parchment_2023.09.03-1.20.1.jar%23191!/:?]
	at net.minecraft.util.GsonHelper.getAsObject(GsonHelper.java:481) ~[forge-1.20.1-47.4.15_mapped_parchment_2023.09.03-1.20.1.jar%23191!/:?]
	at net.minecraft.world.level.storage.loot.LootTable$Serializer.deserialize(LootTable.java:294) ~[forge-1.20.1-47.4.15_mapped_parchment_2023.09.03-1.20.1.jar%23191!/:?]
	at net.minecraft.world.level.storage.loot.LootTable$Serializer.deserialize(LootTable.java:291) ~[forge-1.20.1-47.4.15_mapped_parchment_2023.09.03-1.20.1.jar%23191!/:?]
	at com.google.gson.internal.bind.TreeTypeAdapter.read(TreeTypeAdapter.java:76) ~[gson-2.10.jar%23131!/:?]
	at com.google.gson.Gson.fromJson(Gson.java:1214) ~[gson-2.10.jar%23131!/:?]
	at com.google.gson.Gson.fromJson(Gson.java:1319) ~[gson-2.10.jar%23131!/:?]
	at com.google.gson.Gson.fromJson(Gson.java:1261) ~[gson-2.10.jar%23131!/:?]
	at net.minecraftforge.common.ForgeHooks.loadLootTable(ForgeHooks.java:872) ~[forge-1.20.1-47.4.15_mapped_parchment_2023.09.03-1.20.1.jar%23190%23197!/:?]
	at net.minecraftforge.common.ForgeHooks.lambda$getLootTableDeserializer$3(ForgeHooks.java:849) ~[forge-1.20.1-47.4.15_mapped_parchment_2023.09.03-1.20.1.jar%23190%23197!/:?]
	at net.minecraft.world.level.storage.loot.LootDataType.deserialize(LootDataType.java:45) ~[forge-1.20.1-47.4.15_mapped_parchment_2023.09.03-1.20.1.jar%23191!/:?]
	at net.minecraft.world.level.storage.loot.LootDataManager.lambda$scheduleElementParse$4(LootDataManager.java:56) ~[forge-1.20.1-47.4.15_mapped_parchment_2023.09.03-1.20.1.jar%23191!/:?]
	at java.util.HashMap.forEach(HashMap.java:1421) ~[?:?]
	at net.minecraft.world.level.storage.loot.LootDataManager.lambda$scheduleElementParse$5(LootDataManager.java:55) ~[forge-1.20.1-47.4.15_mapped_parchment_2023.09.03-1.20.1.jar%23191!/:?]
	at java.util.concurrent.CompletableFuture$AsyncRun.run(CompletableFuture.java:1804) ~[?:?]
	at java.util.concurrent.CompletableFuture$AsyncRun.exec(CompletableFuture.java:1796) ~[?:?]
	at java.util.concurrent.ForkJoinTask.doExec(ForkJoinTask.java:373) ~[?:?]
	at java.util.concurrent.ForkJoinPool$WorkQueue.topLevelExec(ForkJoinPool.java:1182) ~[?:?]
	at java.util.concurrent.ForkJoinPool.scan(ForkJoinPool.java:1655) ~[?:?]
	at java.util.concurrent.ForkJoinPool.runWorker(ForkJoinPool.java:1622) ~[?:?]
	at java.util.concurrent.ForkJoinWorkerThread.run(ForkJoinWorkerThread.java:165) ~[?:?]
[21Mar2026 17:50:11.386] [Worker-Main-10/ERROR] [net.minecraftforge.common.ForgeHooks/]: Couldn't parse element loot_tables:oneironaut:blocks/concept_decorator_color/light_blue
com.google.gson.JsonSyntaxException: Expected name to be an item, was unknown string 'oneironaut:concept_decorator_color_light_blue'
	at net.minecraft.util.GsonHelper.lambda$convertToItem$0(GsonHelper.java:145) ~[forge-1.20.1-47.4.15_mapped_parchment_2023.09.03-1.20.1.jar%23191!/:?]
	at java.util.Optional.orElseThrow(Optional.java:403) ~[?:?]
	at net.minecraft.util.GsonHelper.convertToItem(GsonHelper.java:145) ~[forge-1.20.1-47.4.15_mapped_parchment_2023.09.03-1.20.1.jar%23191!/:?]
	at net.minecraft.util.GsonHelper.getAsItem(GsonHelper.java:153) ~[forge-1.20.1-47.4.15_mapped_parchment_2023.09.03-1.20.1.jar%23191!/:?]
	at net.minecraft.world.level.storage.loot.entries.LootItem$Serializer.deserialize(LootItem.java:55) ~[forge-1.20.1-47.4.15_mapped_parchment_2023.09.03-1.20.1.jar%23191!/:?]
	at net.minecraft.world.level.storage.loot.entries.LootItem$Serializer.deserialize(LootItem.java:40) ~[forge-1.20.1-47.4.15_mapped_parchment_2023.09.03-1.20.1.jar%23191!/:?]
	at net.minecraft.world.level.storage.loot.entries.LootPoolSingletonContainer$Serializer.deserializeCustom(LootPoolSingletonContainer.java:151) ~[forge-1.20.1-47.4.15_mapped_parchment_2023.09.03-1.20.1.jar%23191!/:?]
	at net.minecraft.world.level.storage.loot.entries.LootPoolSingletonContainer$Serializer.deserializeCustom(LootPoolSingletonContainer.java:129) ~[forge-1.20.1-47.4.15_mapped_parchment_2023.09.03-1.20.1.jar%23191!/:?]
	at net.minecraft.world.level.storage.loot.entries.LootPoolEntryContainer$Serializer.deserialize(LootPoolEntryContainer.java:86) ~[forge-1.20.1-47.4.15_mapped_parchment_2023.09.03-1.20.1.jar%23191!/:?]
	at net.minecraft.world.level.storage.loot.entries.LootPoolEntryContainer$Serializer.deserialize(LootPoolEntryContainer.java:74) ~[forge-1.20.1-47.4.15_mapped_parchment_2023.09.03-1.20.1.jar%23191!/:?]
	at net.minecraft.world.level.storage.loot.GsonAdapterFactory$JsonAdapter.deserialize(GsonAdapterFactory.java:102) ~[forge-1.20.1-47.4.15_mapped_parchment_2023.09.03-1.20.1.jar%23191!/:?]
	at com.google.gson.internal.bind.TreeTypeAdapter.read(TreeTypeAdapter.java:76) ~[gson-2.10.jar%23131!/:?]
	at com.google.gson.internal.bind.TypeAdapterRuntimeTypeWrapper.read(TypeAdapterRuntimeTypeWrapper.java:40) ~[gson-2.10.jar%23131!/:?]
	at com.google.gson.internal.bind.ArrayTypeAdapter.read(ArrayTypeAdapter.java:72) ~[gson-2.10.jar%23131!/:?]
	at com.google.gson.Gson.fromJson(Gson.java:1214) ~[gson-2.10.jar%23131!/:?]
	at com.google.gson.Gson.fromJson(Gson.java:1319) ~[gson-2.10.jar%23131!/:?]
	at com.google.gson.Gson.fromJson(Gson.java:1290) ~[gson-2.10.jar%23131!/:?]
	at com.google.gson.internal.bind.TreeTypeAdapter$GsonContextImpl.deserialize(TreeTypeAdapter.java:179) ~[gson-2.10.jar%23131!/:?]
	at net.minecraft.util.GsonHelper.convertToObject(GsonHelper.java:463) ~[forge-1.20.1-47.4.15_mapped_parchment_2023.09.03-1.20.1.jar%23191!/:?]
	at net.minecraft.util.GsonHelper.getAsObject(GsonHelper.java:471) ~[forge-1.20.1-47.4.15_mapped_parchment_2023.09.03-1.20.1.jar%23191!/:?]
	at net.minecraft.world.level.storage.loot.LootPool$Serializer.deserialize(LootPool.java:192) ~[forge-1.20.1-47.4.15_mapped_parchment_2023.09.03-1.20.1.jar%23191!/:?]
	at net.minecraft.world.level.storage.loot.LootPool$Serializer.deserialize(LootPool.java:189) ~[forge-1.20.1-47.4.15_mapped_parchment_2023.09.03-1.20.1.jar%23191!/:?]
	at com.google.gson.internal.bind.TreeTypeAdapter.read(TreeTypeAdapter.java:76) ~[gson-2.10.jar%23131!/:?]
	at com.google.gson.internal.bind.TypeAdapterRuntimeTypeWrapper.read(TypeAdapterRuntimeTypeWrapper.java:40) ~[gson-2.10.jar%23131!/:?]
	at com.google.gson.internal.bind.ArrayTypeAdapter.read(ArrayTypeAdapter.java:72) ~[gson-2.10.jar%23131!/:?]
	at com.google.gson.Gson.fromJson(Gson.java:1214) ~[gson-2.10.jar%23131!/:?]
	at com.google.gson.Gson.fromJson(Gson.java:1319) ~[gson-2.10.jar%23131!/:?]
	at com.google.gson.Gson.fromJson(Gson.java:1290) ~[gson-2.10.jar%23131!/:?]
	at com.google.gson.internal.bind.TreeTypeAdapter$GsonContextImpl.deserialize(TreeTypeAdapter.java:179) ~[gson-2.10.jar%23131!/:?]
	at net.minecraft.util.GsonHelper.convertToObject(GsonHelper.java:463) ~[forge-1.20.1-47.4.15_mapped_parchment_2023.09.03-1.20.1.jar%23191!/:?]
	at net.minecraft.util.GsonHelper.getAsObject(GsonHelper.java:481) ~[forge-1.20.1-47.4.15_mapped_parchment_2023.09.03-1.20.1.jar%23191!/:?]
	at net.minecraft.world.level.storage.loot.LootTable$Serializer.deserialize(LootTable.java:294) ~[forge-1.20.1-47.4.15_mapped_parchment_2023.09.03-1.20.1.jar%23191!/:?]
	at net.minecraft.world.level.storage.loot.LootTable$Serializer.deserialize(LootTable.java:291) ~[forge-1.20.1-47.4.15_mapped_parchment_2023.09.03-1.20.1.jar%23191!/:?]
	at com.google.gson.internal.bind.TreeTypeAdapter.read(TreeTypeAdapter.java:76) ~[gson-2.10.jar%23131!/:?]
	at com.google.gson.Gson.fromJson(Gson.java:1214) ~[gson-2.10.jar%23131!/:?]
	at com.google.gson.Gson.fromJson(Gson.java:1319) ~[gson-2.10.jar%23131!/:?]
	at com.google.gson.Gson.fromJson(Gson.java:1261) ~[gson-2.10.jar%23131!/:?]
	at net.minecraftforge.common.ForgeHooks.loadLootTable(ForgeHooks.java:872) ~[forge-1.20.1-47.4.15_mapped_parchment_2023.09.03-1.20.1.jar%23190%23197!/:?]
	at net.minecraftforge.common.ForgeHooks.lambda$getLootTableDeserializer$3(ForgeHooks.java:849) ~[forge-1.20.1-47.4.15_mapped_parchment_2023.09.03-1.20.1.jar%23190%23197!/:?]
	at net.minecraft.world.level.storage.loot.LootDataType.deserialize(LootDataType.java:45) ~[forge-1.20.1-47.4.15_mapped_parchment_2023.09.03-1.20.1.jar%23191!/:?]
	at net.minecraft.world.level.storage.loot.LootDataManager.lambda$scheduleElementParse$4(LootDataManager.java:56) ~[forge-1.20.1-47.4.15_mapped_parchment_2023.09.03-1.20.1.jar%23191!/:?]
	at java.util.HashMap.forEach(HashMap.java:1421) ~[?:?]
	at net.minecraft.world.level.storage.loot.LootDataManager.lambda$scheduleElementParse$5(LootDataManager.java:55) ~[forge-1.20.1-47.4.15_mapped_parchment_2023.09.03-1.20.1.jar%23191!/:?]
	at java.util.concurrent.CompletableFuture$AsyncRun.run(CompletableFuture.java:1804) ~[?:?]
	at java.util.concurrent.CompletableFuture$AsyncRun.exec(CompletableFuture.java:1796) ~[?:?]
	at java.util.concurrent.ForkJoinTask.doExec(ForkJoinTask.java:373) ~[?:?]
	at java.util.concurrent.ForkJoinPool$WorkQueue.topLevelExec(ForkJoinPool.java:1182) ~[?:?]
	at java.util.concurrent.ForkJoinPool.scan(ForkJoinPool.java:1655) ~[?:?]
	at java.util.concurrent.ForkJoinPool.runWorker(ForkJoinPool.java:1622) ~[?:?]
	at java.util.concurrent.ForkJoinWorkerThread.run(ForkJoinWorkerThread.java:165) ~[?:?]
[21Mar2026 17:50:11.393] [Worker-Main-10/ERROR] [net.minecraftforge.common.ForgeHooks/]: Couldn't parse element loot_tables:oneironaut:blocks/concept_decorator_color/brown
com.google.gson.JsonSyntaxException: Expected name to be an item, was unknown string 'oneironaut:concept_decorator_color_brown'
	at net.minecraft.util.GsonHelper.lambda$convertToItem$0(GsonHelper.java:145) ~[forge-1.20.1-47.4.15_mapped_parchment_2023.09.03-1.20.1.jar%23191!/:?]
	at java.util.Optional.orElseThrow(Optional.java:403) ~[?:?]
	at net.minecraft.util.GsonHelper.convertToItem(GsonHelper.java:145) ~[forge-1.20.1-47.4.15_mapped_parchment_2023.09.03-1.20.1.jar%23191!/:?]
	at net.minecraft.util.GsonHelper.getAsItem(GsonHelper.java:153) ~[forge-1.20.1-47.4.15_mapped_parchment_2023.09.03-1.20.1.jar%23191!/:?]
	at net.minecraft.world.level.storage.loot.entries.LootItem$Serializer.deserialize(LootItem.java:55) ~[forge-1.20.1-47.4.15_mapped_parchment_2023.09.03-1.20.1.jar%23191!/:?]
	at net.minecraft.world.level.storage.loot.entries.LootItem$Serializer.deserialize(LootItem.java:40) ~[forge-1.20.1-47.4.15_mapped_parchment_2023.09.03-1.20.1.jar%23191!/:?]
	at net.minecraft.world.level.storage.loot.entries.LootPoolSingletonContainer$Serializer.deserializeCustom(LootPoolSingletonContainer.java:151) ~[forge-1.20.1-47.4.15_mapped_parchment_2023.09.03-1.20.1.jar%23191!/:?]
	at net.minecraft.world.level.storage.loot.entries.LootPoolSingletonContainer$Serializer.deserializeCustom(LootPoolSingletonContainer.java:129) ~[forge-1.20.1-47.4.15_mapped_parchment_2023.09.03-1.20.1.jar%23191!/:?]
	at net.minecraft.world.level.storage.loot.entries.LootPoolEntryContainer$Serializer.deserialize(LootPoolEntryContainer.java:86) ~[forge-1.20.1-47.4.15_mapped_parchment_2023.09.03-1.20.1.jar%23191!/:?]
	at net.minecraft.world.level.storage.loot.entries.LootPoolEntryContainer$Serializer.deserialize(LootPoolEntryContainer.java:74) ~[forge-1.20.1-47.4.15_mapped_parchment_2023.09.03-1.20.1.jar%23191!/:?]
	at net.minecraft.world.level.storage.loot.GsonAdapterFactory$JsonAdapter.deserialize(GsonAdapterFactory.java:102) ~[forge-1.20.1-47.4.15_mapped_parchment_2023.09.03-1.20.1.jar%23191!/:?]
	at com.google.gson.internal.bind.TreeTypeAdapter.read(TreeTypeAdapter.java:76) ~[gson-2.10.jar%23131!/:?]
	at com.google.gson.internal.bind.TypeAdapterRuntimeTypeWrapper.read(TypeAdapterRuntimeTypeWrapper.java:40) ~[gson-2.10.jar%23131!/:?]
	at com.google.gson.internal.bind.ArrayTypeAdapter.read(ArrayTypeAdapter.java:72) ~[gson-2.10.jar%23131!/:?]
	at com.google.gson.Gson.fromJson(Gson.java:1214) ~[gson-2.10.jar%23131!/:?]
	at com.google.gson.Gson.fromJson(Gson.java:1319) ~[gson-2.10.jar%23131!/:?]
	at com.google.gson.Gson.fromJson(Gson.java:1290) ~[gson-2.10.jar%23131!/:?]
	at com.google.gson.internal.bind.TreeTypeAdapter$GsonContextImpl.deserialize(TreeTypeAdapter.java:179) ~[gson-2.10.jar%23131!/:?]
	at net.minecraft.util.GsonHelper.convertToObject(GsonHelper.java:463) ~[forge-1.20.1-47.4.15_mapped_parchment_2023.09.03-1.20.1.jar%23191!/:?]
	at net.minecraft.util.GsonHelper.getAsObject(GsonHelper.java:471) ~[forge-1.20.1-47.4.15_mapped_parchment_2023.09.03-1.20.1.jar%23191!/:?]
	at net.minecraft.world.level.storage.loot.LootPool$Serializer.deserialize(LootPool.java:192) ~[forge-1.20.1-47.4.15_mapped_parchment_2023.09.03-1.20.1.jar%23191!/:?]
	at net.minecraft.world.level.storage.loot.LootPool$Serializer.deserialize(LootPool.java:189) ~[forge-1.20.1-47.4.15_mapped_parchment_2023.09.03-1.20.1.jar%23191!/:?]
	at com.google.gson.internal.bind.TreeTypeAdapter.read(TreeTypeAdapter.java:76) ~[gson-2.10.jar%23131!/:?]
	at com.google.gson.internal.bind.TypeAdapterRuntimeTypeWrapper.read(TypeAdapterRuntimeTypeWrapper.java:40) ~[gson-2.10.jar%23131!/:?]
	at com.google.gson.internal.bind.ArrayTypeAdapter.read(ArrayTypeAdapter.java:72) ~[gson-2.10.jar%23131!/:?]
	at com.google.gson.Gson.fromJson(Gson.java:1214) ~[gson-2.10.jar%23131!/:?]
	at com.google.gson.Gson.fromJson(Gson.java:1319) ~[gson-2.10.jar%23131!/:?]
	at com.google.gson.Gson.fromJson(Gson.java:1290) ~[gson-2.10.jar%23131!/:?]
	at com.google.gson.internal.bind.TreeTypeAdapter$GsonContextImpl.deserialize(TreeTypeAdapter.java:179) ~[gson-2.10.jar%23131!/:?]
	at net.minecraft.util.GsonHelper.convertToObject(GsonHelper.java:463) ~[forge-1.20.1-47.4.15_mapped_parchment_2023.09.03-1.20.1.jar%23191!/:?]
	at net.minecraft.util.GsonHelper.getAsObject(GsonHelper.java:481) ~[forge-1.20.1-47.4.15_mapped_parchment_2023.09.03-1.20.1.jar%23191!/:?]
	at net.minecraft.world.level.storage.loot.LootTable$Serializer.deserialize(LootTable.java:294) ~[forge-1.20.1-47.4.15_mapped_parchment_2023.09.03-1.20.1.jar%23191!/:?]
	at net.minecraft.world.level.storage.loot.LootTable$Serializer.deserialize(LootTable.java:291) ~[forge-1.20.1-47.4.15_mapped_parchment_2023.09.03-1.20.1.jar%23191!/:?]
	at com.google.gson.internal.bind.TreeTypeAdapter.read(TreeTypeAdapter.java:76) ~[gson-2.10.jar%23131!/:?]
	at com.google.gson.Gson.fromJson(Gson.java:1214) ~[gson-2.10.jar%23131!/:?]
	at com.google.gson.Gson.fromJson(Gson.java:1319) ~[gson-2.10.jar%23131!/:?]
	at com.google.gson.Gson.fromJson(Gson.java:1261) ~[gson-2.10.jar%23131!/:?]
	at net.minecraftforge.common.ForgeHooks.loadLootTable(ForgeHooks.java:872) ~[forge-1.20.1-47.4.15_mapped_parchment_2023.09.03-1.20.1.jar%23190%23197!/:?]
	at net.minecraftforge.common.ForgeHooks.lambda$getLootTableDeserializer$3(ForgeHooks.java:849) ~[forge-1.20.1-47.4.15_mapped_parchment_2023.09.03-1.20.1.jar%23190%23197!/:?]
	at net.minecraft.world.level.storage.loot.LootDataType.deserialize(LootDataType.java:45) ~[forge-1.20.1-47.4.15_mapped_parchment_2023.09.03-1.20.1.jar%23191!/:?]
	at net.minecraft.world.level.storage.loot.LootDataManager.lambda$scheduleElementParse$4(LootDataManager.java:56) ~[forge-1.20.1-47.4.15_mapped_parchment_2023.09.03-1.20.1.jar%23191!/:?]
	at java.util.HashMap.forEach(HashMap.java:1421) ~[?:?]
	at net.minecraft.world.level.storage.loot.LootDataManager.lambda$scheduleElementParse$5(LootDataManager.java:55) ~[forge-1.20.1-47.4.15_mapped_parchment_2023.09.03-1.20.1.jar%23191!/:?]
	at java.util.concurrent.CompletableFuture$AsyncRun.run(CompletableFuture.java:1804) ~[?:?]
	at java.util.concurrent.CompletableFuture$AsyncRun.exec(CompletableFuture.java:1796) ~[?:?]
	at java.util.concurrent.ForkJoinTask.doExec(ForkJoinTask.java:373) ~[?:?]
	at java.util.concurrent.ForkJoinPool$WorkQueue.topLevelExec(ForkJoinPool.java:1182) ~[?:?]
	at java.util.concurrent.ForkJoinPool.scan(ForkJoinPool.java:1655) ~[?:?]
	at java.util.concurrent.ForkJoinPool.runWorker(ForkJoinPool.java:1622) ~[?:?]
	at java.util.concurrent.ForkJoinWorkerThread.run(ForkJoinWorkerThread.java:165) ~[?:?]
[21Mar2026 17:50:11.401] [Worker-Main-10/ERROR] [net.minecraftforge.common.ForgeHooks/]: Couldn't parse element loot_tables:oneironaut:blocks/concept_decorator_color/black
com.google.gson.JsonSyntaxException: Expected name to be an item, was unknown string 'oneironaut:concept_decorator_color_black'
	at net.minecraft.util.GsonHelper.lambda$convertToItem$0(GsonHelper.java:145) ~[forge-1.20.1-47.4.15_mapped_parchment_2023.09.03-1.20.1.jar%23191!/:?]
	at java.util.Optional.orElseThrow(Optional.java:403) ~[?:?]
	at net.minecraft.util.GsonHelper.convertToItem(GsonHelper.java:145) ~[forge-1.20.1-47.4.15_mapped_parchment_2023.09.03-1.20.1.jar%23191!/:?]
	at net.minecraft.util.GsonHelper.getAsItem(GsonHelper.java:153) ~[forge-1.20.1-47.4.15_mapped_parchment_2023.09.03-1.20.1.jar%23191!/:?]
	at net.minecraft.world.level.storage.loot.entries.LootItem$Serializer.deserialize(LootItem.java:55) ~[forge-1.20.1-47.4.15_mapped_parchment_2023.09.03-1.20.1.jar%23191!/:?]
	at net.minecraft.world.level.storage.loot.entries.LootItem$Serializer.deserialize(LootItem.java:40) ~[forge-1.20.1-47.4.15_mapped_parchment_2023.09.03-1.20.1.jar%23191!/:?]
	at net.minecraft.world.level.storage.loot.entries.LootPoolSingletonContainer$Serializer.deserializeCustom(LootPoolSingletonContainer.java:151) ~[forge-1.20.1-47.4.15_mapped_parchment_2023.09.03-1.20.1.jar%23191!/:?]
	at net.minecraft.world.level.storage.loot.entries.LootPoolSingletonContainer$Serializer.deserializeCustom(LootPoolSingletonContainer.java:129) ~[forge-1.20.1-47.4.15_mapped_parchment_2023.09.03-1.20.1.jar%23191!/:?]
	at net.minecraft.world.level.storage.loot.entries.LootPoolEntryContainer$Serializer.deserialize(LootPoolEntryContainer.java:86) ~[forge-1.20.1-47.4.15_mapped_parchment_2023.09.03-1.20.1.jar%23191!/:?]
	at net.minecraft.world.level.storage.loot.entries.LootPoolEntryContainer$Serializer.deserialize(LootPoolEntryContainer.java:74) ~[forge-1.20.1-47.4.15_mapped_parchment_2023.09.03-1.20.1.jar%23191!/:?]
	at net.minecraft.world.level.storage.loot.GsonAdapterFactory$JsonAdapter.deserialize(GsonAdapterFactory.java:102) ~[forge-1.20.1-47.4.15_mapped_parchment_2023.09.03-1.20.1.jar%23191!/:?]
	at com.google.gson.internal.bind.TreeTypeAdapter.read(TreeTypeAdapter.java:76) ~[gson-2.10.jar%23131!/:?]
	at com.google.gson.internal.bind.TypeAdapterRuntimeTypeWrapper.read(TypeAdapterRuntimeTypeWrapper.java:40) ~[gson-2.10.jar%23131!/:?]
	at com.google.gson.internal.bind.ArrayTypeAdapter.read(ArrayTypeAdapter.java:72) ~[gson-2.10.jar%23131!/:?]
	at com.google.gson.Gson.fromJson(Gson.java:1214) ~[gson-2.10.jar%23131!/:?]
	at com.google.gson.Gson.fromJson(Gson.java:1319) ~[gson-2.10.jar%23131!/:?]
	at com.google.gson.Gson.fromJson(Gson.java:1290) ~[gson-2.10.jar%23131!/:?]
	at com.google.gson.internal.bind.TreeTypeAdapter$GsonContextImpl.deserialize(TreeTypeAdapter.java:179) ~[gson-2.10.jar%23131!/:?]
	at net.minecraft.util.GsonHelper.convertToObject(GsonHelper.java:463) ~[forge-1.20.1-47.4.15_mapped_parchment_2023.09.03-1.20.1.jar%23191!/:?]
	at net.minecraft.util.GsonHelper.getAsObject(GsonHelper.java:471) ~[forge-1.20.1-47.4.15_mapped_parchment_2023.09.03-1.20.1.jar%23191!/:?]
	at net.minecraft.world.level.storage.loot.LootPool$Serializer.deserialize(LootPool.java:192) ~[forge-1.20.1-47.4.15_mapped_parchment_2023.09.03-1.20.1.jar%23191!/:?]
	at net.minecraft.world.level.storage.loot.LootPool$Serializer.deserialize(LootPool.java:189) ~[forge-1.20.1-47.4.15_mapped_parchment_2023.09.03-1.20.1.jar%23191!/:?]
	at com.google.gson.internal.bind.TreeTypeAdapter.read(TreeTypeAdapter.java:76) ~[gson-2.10.jar%23131!/:?]
	at com.google.gson.internal.bind.TypeAdapterRuntimeTypeWrapper.read(TypeAdapterRuntimeTypeWrapper.java:40) ~[gson-2.10.jar%23131!/:?]
	at com.google.gson.internal.bind.ArrayTypeAdapter.read(ArrayTypeAdapter.java:72) ~[gson-2.10.jar%23131!/:?]
	at com.google.gson.Gson.fromJson(Gson.java:1214) ~[gson-2.10.jar%23131!/:?]
	at com.google.gson.Gson.fromJson(Gson.java:1319) ~[gson-2.10.jar%23131!/:?]
	at com.google.gson.Gson.fromJson(Gson.java:1290) ~[gson-2.10.jar%23131!/:?]
	at com.google.gson.internal.bind.TreeTypeAdapter$GsonContextImpl.deserialize(TreeTypeAdapter.java:179) ~[gson-2.10.jar%23131!/:?]
	at net.minecraft.util.GsonHelper.convertToObject(GsonHelper.java:463) ~[forge-1.20.1-47.4.15_mapped_parchment_2023.09.03-1.20.1.jar%23191!/:?]
	at net.minecraft.util.GsonHelper.getAsObject(GsonHelper.java:481) ~[forge-1.20.1-47.4.15_mapped_parchment_2023.09.03-1.20.1.jar%23191!/:?]
	at net.minecraft.world.level.storage.loot.LootTable$Serializer.deserialize(LootTable.java:294) ~[forge-1.20.1-47.4.15_mapped_parchment_2023.09.03-1.20.1.jar%23191!/:?]
	at net.minecraft.world.level.storage.loot.LootTable$Serializer.deserialize(LootTable.java:291) ~[forge-1.20.1-47.4.15_mapped_parchment_2023.09.03-1.20.1.jar%23191!/:?]
	at com.google.gson.internal.bind.TreeTypeAdapter.read(TreeTypeAdapter.java:76) ~[gson-2.10.jar%23131!/:?]
	at com.google.gson.Gson.fromJson(Gson.java:1214) ~[gson-2.10.jar%23131!/:?]
	at com.google.gson.Gson.fromJson(Gson.java:1319) ~[gson-2.10.jar%23131!/:?]
	at com.google.gson.Gson.fromJson(Gson.java:1261) ~[gson-2.10.jar%23131!/:?]
	at net.minecraftforge.common.ForgeHooks.loadLootTable(ForgeHooks.java:872) ~[forge-1.20.1-47.4.15_mapped_parchment_2023.09.03-1.20.1.jar%23190%23197!/:?]
	at net.minecraftforge.common.ForgeHooks.lambda$getLootTableDeserializer$3(ForgeHooks.java:849) ~[forge-1.20.1-47.4.15_mapped_parchment_2023.09.03-1.20.1.jar%23190%23197!/:?]
	at net.minecraft.world.level.storage.loot.LootDataType.deserialize(LootDataType.java:45) ~[forge-1.20.1-47.4.15_mapped_parchment_2023.09.03-1.20.1.jar%23191!/:?]
	at net.minecraft.world.level.storage.loot.LootDataManager.lambda$scheduleElementParse$4(LootDataManager.java:56) ~[forge-1.20.1-47.4.15_mapped_parchment_2023.09.03-1.20.1.jar%23191!/:?]
	at java.util.HashMap.forEach(HashMap.java:1421) ~[?:?]
	at net.minecraft.world.level.storage.loot.LootDataManager.lambda$scheduleElementParse$5(LootDataManager.java:55) ~[forge-1.20.1-47.4.15_mapped_parchment_2023.09.03-1.20.1.jar%23191!/:?]
	at java.util.concurrent.CompletableFuture$AsyncRun.run(CompletableFuture.java:1804) ~[?:?]
	at java.util.concurrent.CompletableFuture$AsyncRun.exec(CompletableFuture.java:1796) ~[?:?]
	at java.util.concurrent.ForkJoinTask.doExec(ForkJoinTask.java:373) ~[?:?]
	at java.util.concurrent.ForkJoinPool$WorkQueue.topLevelExec(ForkJoinPool.java:1182) ~[?:?]
	at java.util.concurrent.ForkJoinPool.scan(ForkJoinPool.java:1655) ~[?:?]
	at java.util.concurrent.ForkJoinPool.runWorker(ForkJoinPool.java:1622) ~[?:?]
	at java.util.concurrent.ForkJoinWorkerThread.run(ForkJoinWorkerThread.java:165) ~[?:?]
[21Mar2026 17:50:11.427] [Worker-Main-10/ERROR] [net.minecraftforge.common.ForgeHooks/]: Couldn't parse element loot_tables:oneironaut:blocks/concept_decorator_color/yellow
com.google.gson.JsonSyntaxException: Expected name to be an item, was unknown string 'oneironaut:concept_decorator_color_yellow'
	at net.minecraft.util.GsonHelper.lambda$convertToItem$0(GsonHelper.java:145) ~[forge-1.20.1-47.4.15_mapped_parchment_2023.09.03-1.20.1.jar%23191!/:?]
	at java.util.Optional.orElseThrow(Optional.java:403) ~[?:?]
	at net.minecraft.util.GsonHelper.convertToItem(GsonHelper.java:145) ~[forge-1.20.1-47.4.15_mapped_parchment_2023.09.03-1.20.1.jar%23191!/:?]
	at net.minecraft.util.GsonHelper.getAsItem(GsonHelper.java:153) ~[forge-1.20.1-47.4.15_mapped_parchment_2023.09.03-1.20.1.jar%23191!/:?]
	at net.minecraft.world.level.storage.loot.entries.LootItem$Serializer.deserialize(LootItem.java:55) ~[forge-1.20.1-47.4.15_mapped_parchment_2023.09.03-1.20.1.jar%23191!/:?]
	at net.minecraft.world.level.storage.loot.entries.LootItem$Serializer.deserialize(LootItem.java:40) ~[forge-1.20.1-47.4.15_mapped_parchment_2023.09.03-1.20.1.jar%23191!/:?]
	at net.minecraft.world.level.storage.loot.entries.LootPoolSingletonContainer$Serializer.deserializeCustom(LootPoolSingletonContainer.java:151) ~[forge-1.20.1-47.4.15_mapped_parchment_2023.09.03-1.20.1.jar%23191!/:?]
	at net.minecraft.world.level.storage.loot.entries.LootPoolSingletonContainer$Serializer.deserializeCustom(LootPoolSingletonContainer.java:129) ~[forge-1.20.1-47.4.15_mapped_parchment_2023.09.03-1.20.1.jar%23191!/:?]
	at net.minecraft.world.level.storage.loot.entries.LootPoolEntryContainer$Serializer.deserialize(LootPoolEntryContainer.java:86) ~[forge-1.20.1-47.4.15_mapped_parchment_2023.09.03-1.20.1.jar%23191!/:?]
	at net.minecraft.world.level.storage.loot.entries.LootPoolEntryContainer$Serializer.deserialize(LootPoolEntryContainer.java:74) ~[forge-1.20.1-47.4.15_mapped_parchment_2023.09.03-1.20.1.jar%23191!/:?]
	at net.minecraft.world.level.storage.loot.GsonAdapterFactory$JsonAdapter.deserialize(GsonAdapterFactory.java:102) ~[forge-1.20.1-47.4.15_mapped_parchment_2023.09.03-1.20.1.jar%23191!/:?]
	at com.google.gson.internal.bind.TreeTypeAdapter.read(TreeTypeAdapter.java:76) ~[gson-2.10.jar%23131!/:?]
	at com.google.gson.internal.bind.TypeAdapterRuntimeTypeWrapper.read(TypeAdapterRuntimeTypeWrapper.java:40) ~[gson-2.10.jar%23131!/:?]
	at com.google.gson.internal.bind.ArrayTypeAdapter.read(ArrayTypeAdapter.java:72) ~[gson-2.10.jar%23131!/:?]
	at com.google.gson.Gson.fromJson(Gson.java:1214) ~[gson-2.10.jar%23131!/:?]
	at com.google.gson.Gson.fromJson(Gson.java:1319) ~[gson-2.10.jar%23131!/:?]
	at com.google.gson.Gson.fromJson(Gson.java:1290) ~[gson-2.10.jar%23131!/:?]
	at com.google.gson.internal.bind.TreeTypeAdapter$GsonContextImpl.deserialize(TreeTypeAdapter.java:179) ~[gson-2.10.jar%23131!/:?]
	at net.minecraft.util.GsonHelper.convertToObject(GsonHelper.java:463) ~[forge-1.20.1-47.4.15_mapped_parchment_2023.09.03-1.20.1.jar%23191!/:?]
	at net.minecraft.util.GsonHelper.getAsObject(GsonHelper.java:471) ~[forge-1.20.1-47.4.15_mapped_parchment_2023.09.03-1.20.1.jar%23191!/:?]
	at net.minecraft.world.level.storage.loot.LootPool$Serializer.deserialize(LootPool.java:192) ~[forge-1.20.1-47.4.15_mapped_parchment_2023.09.03-1.20.1.jar%23191!/:?]
	at net.minecraft.world.level.storage.loot.LootPool$Serializer.deserialize(LootPool.java:189) ~[forge-1.20.1-47.4.15_mapped_parchment_2023.09.03-1.20.1.jar%23191!/:?]
	at com.google.gson.internal.bind.TreeTypeAdapter.read(TreeTypeAdapter.java:76) ~[gson-2.10.jar%23131!/:?]
	at com.google.gson.internal.bind.TypeAdapterRuntimeTypeWrapper.read(TypeAdapterRuntimeTypeWrapper.java:40) ~[gson-2.10.jar%23131!/:?]
	at com.google.gson.internal.bind.ArrayTypeAdapter.read(ArrayTypeAdapter.java:72) ~[gson-2.10.jar%23131!/:?]
	at com.google.gson.Gson.fromJson(Gson.java:1214) ~[gson-2.10.jar%23131!/:?]
	at com.google.gson.Gson.fromJson(Gson.java:1319) ~[gson-2.10.jar%23131!/:?]
	at com.google.gson.Gson.fromJson(Gson.java:1290) ~[gson-2.10.jar%23131!/:?]
	at com.google.gson.internal.bind.TreeTypeAdapter$GsonContextImpl.deserialize(TreeTypeAdapter.java:179) ~[gson-2.10.jar%23131!/:?]
	at net.minecraft.util.GsonHelper.convertToObject(GsonHelper.java:463) ~[forge-1.20.1-47.4.15_mapped_parchment_2023.09.03-1.20.1.jar%23191!/:?]
	at net.minecraft.util.GsonHelper.getAsObject(GsonHelper.java:481) ~[forge-1.20.1-47.4.15_mapped_parchment_2023.09.03-1.20.1.jar%23191!/:?]
	at net.minecraft.world.level.storage.loot.LootTable$Serializer.deserialize(LootTable.java:294) ~[forge-1.20.1-47.4.15_mapped_parchment_2023.09.03-1.20.1.jar%23191!/:?]
	at net.minecraft.world.level.storage.loot.LootTable$Serializer.deserialize(LootTable.java:291) ~[forge-1.20.1-47.4.15_mapped_parchment_2023.09.03-1.20.1.jar%23191!/:?]
	at com.google.gson.internal.bind.TreeTypeAdapter.read(TreeTypeAdapter.java:76) ~[gson-2.10.jar%23131!/:?]
	at com.google.gson.Gson.fromJson(Gson.java:1214) ~[gson-2.10.jar%23131!/:?]
	at com.google.gson.Gson.fromJson(Gson.java:1319) ~[gson-2.10.jar%23131!/:?]
	at com.google.gson.Gson.fromJson(Gson.java:1261) ~[gson-2.10.jar%23131!/:?]
	at net.minecraftforge.common.ForgeHooks.loadLootTable(ForgeHooks.java:872) ~[forge-1.20.1-47.4.15_mapped_parchment_2023.09.03-1.20.1.jar%23190%23197!/:?]
	at net.minecraftforge.common.ForgeHooks.lambda$getLootTableDeserializer$3(ForgeHooks.java:849) ~[forge-1.20.1-47.4.15_mapped_parchment_2023.09.03-1.20.1.jar%23190%23197!/:?]
	at net.minecraft.world.level.storage.loot.LootDataType.deserialize(LootDataType.java:45) ~[forge-1.20.1-47.4.15_mapped_parchment_2023.09.03-1.20.1.jar%23191!/:?]
	at net.minecraft.world.level.storage.loot.LootDataManager.lambda$scheduleElementParse$4(LootDataManager.java:56) ~[forge-1.20.1-47.4.15_mapped_parchment_2023.09.03-1.20.1.jar%23191!/:?]
	at java.util.HashMap.forEach(HashMap.java:1421) ~[?:?]
	at net.minecraft.world.level.storage.loot.LootDataManager.lambda$scheduleElementParse$5(LootDataManager.java:55) ~[forge-1.20.1-47.4.15_mapped_parchment_2023.09.03-1.20.1.jar%23191!/:?]
	at java.util.concurrent.CompletableFuture$AsyncRun.run(CompletableFuture.java:1804) ~[?:?]
	at java.util.concurrent.CompletableFuture$AsyncRun.exec(CompletableFuture.java:1796) ~[?:?]
	at java.util.concurrent.ForkJoinTask.doExec(ForkJoinTask.java:373) ~[?:?]
	at java.util.concurrent.ForkJoinPool$WorkQueue.topLevelExec(ForkJoinPool.java:1182) ~[?:?]
	at java.util.concurrent.ForkJoinPool.scan(ForkJoinPool.java:1655) ~[?:?]
	at java.util.concurrent.ForkJoinPool.runWorker(ForkJoinPool.java:1622) ~[?:?]
	at java.util.concurrent.ForkJoinWorkerThread.run(ForkJoinWorkerThread.java:165) ~[?:?]
[21Mar2026 17:50:11.443] [Worker-Main-10/ERROR] [net.minecraftforge.common.ForgeHooks/]: Couldn't parse element loot_tables:oneironaut:blocks/concept_decorator_color/green
com.google.gson.JsonSyntaxException: Expected name to be an item, was unknown string 'oneironaut:concept_decorator_color_green'
	at net.minecraft.util.GsonHelper.lambda$convertToItem$0(GsonHelper.java:145) ~[forge-1.20.1-47.4.15_mapped_parchment_2023.09.03-1.20.1.jar%23191!/:?]
	at java.util.Optional.orElseThrow(Optional.java:403) ~[?:?]
	at net.minecraft.util.GsonHelper.convertToItem(GsonHelper.java:145) ~[forge-1.20.1-47.4.15_mapped_parchment_2023.09.03-1.20.1.jar%23191!/:?]
	at net.minecraft.util.GsonHelper.getAsItem(GsonHelper.java:153) ~[forge-1.20.1-47.4.15_mapped_parchment_2023.09.03-1.20.1.jar%23191!/:?]
	at net.minecraft.world.level.storage.loot.entries.LootItem$Serializer.deserialize(LootItem.java:55) ~[forge-1.20.1-47.4.15_mapped_parchment_2023.09.03-1.20.1.jar%23191!/:?]
	at net.minecraft.world.level.storage.loot.entries.LootItem$Serializer.deserialize(LootItem.java:40) ~[forge-1.20.1-47.4.15_mapped_parchment_2023.09.03-1.20.1.jar%23191!/:?]
	at net.minecraft.world.level.storage.loot.entries.LootPoolSingletonContainer$Serializer.deserializeCustom(LootPoolSingletonContainer.java:151) ~[forge-1.20.1-47.4.15_mapped_parchment_2023.09.03-1.20.1.jar%23191!/:?]
	at net.minecraft.world.level.storage.loot.entries.LootPoolSingletonContainer$Serializer.deserializeCustom(LootPoolSingletonContainer.java:129) ~[forge-1.20.1-47.4.15_mapped_parchment_2023.09.03-1.20.1.jar%23191!/:?]
	at net.minecraft.world.level.storage.loot.entries.LootPoolEntryContainer$Serializer.deserialize(LootPoolEntryContainer.java:86) ~[forge-1.20.1-47.4.15_mapped_parchment_2023.09.03-1.20.1.jar%23191!/:?]
	at net.minecraft.world.level.storage.loot.entries.LootPoolEntryContainer$Serializer.deserialize(LootPoolEntryContainer.java:74) ~[forge-1.20.1-47.4.15_mapped_parchment_2023.09.03-1.20.1.jar%23191!/:?]
	at net.minecraft.world.level.storage.loot.GsonAdapterFactory$JsonAdapter.deserialize(GsonAdapterFactory.java:102) ~[forge-1.20.1-47.4.15_mapped_parchment_2023.09.03-1.20.1.jar%23191!/:?]
	at com.google.gson.internal.bind.TreeTypeAdapter.read(TreeTypeAdapter.java:76) ~[gson-2.10.jar%23131!/:?]
	at com.google.gson.internal.bind.TypeAdapterRuntimeTypeWrapper.read(TypeAdapterRuntimeTypeWrapper.java:40) ~[gson-2.10.jar%23131!/:?]
	at com.google.gson.internal.bind.ArrayTypeAdapter.read(ArrayTypeAdapter.java:72) ~[gson-2.10.jar%23131!/:?]
	at com.google.gson.Gson.fromJson(Gson.java:1214) ~[gson-2.10.jar%23131!/:?]
	at com.google.gson.Gson.fromJson(Gson.java:1319) ~[gson-2.10.jar%23131!/:?]
	at com.google.gson.Gson.fromJson(Gson.java:1290) ~[gson-2.10.jar%23131!/:?]
	at com.google.gson.internal.bind.TreeTypeAdapter$GsonContextImpl.deserialize(TreeTypeAdapter.java:179) ~[gson-2.10.jar%23131!/:?]
	at net.minecraft.util.GsonHelper.convertToObject(GsonHelper.java:463) ~[forge-1.20.1-47.4.15_mapped_parchment_2023.09.03-1.20.1.jar%23191!/:?]
	at net.minecraft.util.GsonHelper.getAsObject(GsonHelper.java:471) ~[forge-1.20.1-47.4.15_mapped_parchment_2023.09.03-1.20.1.jar%23191!/:?]
	at net.minecraft.world.level.storage.loot.LootPool$Serializer.deserialize(LootPool.java:192) ~[forge-1.20.1-47.4.15_mapped_parchment_2023.09.03-1.20.1.jar%23191!/:?]
	at net.minecraft.world.level.storage.loot.LootPool$Serializer.deserialize(LootPool.java:189) ~[forge-1.20.1-47.4.15_mapped_parchment_2023.09.03-1.20.1.jar%23191!/:?]
	at com.google.gson.internal.bind.TreeTypeAdapter.read(TreeTypeAdapter.java:76) ~[gson-2.10.jar%23131!/:?]
	at com.google.gson.internal.bind.TypeAdapterRuntimeTypeWrapper.read(TypeAdapterRuntimeTypeWrapper.java:40) ~[gson-2.10.jar%23131!/:?]
	at com.google.gson.internal.bind.ArrayTypeAdapter.read(ArrayTypeAdapter.java:72) ~[gson-2.10.jar%23131!/:?]
	at com.google.gson.Gson.fromJson(Gson.java:1214) ~[gson-2.10.jar%23131!/:?]
	at com.google.gson.Gson.fromJson(Gson.java:1319) ~[gson-2.10.jar%23131!/:?]
	at com.google.gson.Gson.fromJson(Gson.java:1290) ~[gson-2.10.jar%23131!/:?]
	at com.google.gson.internal.bind.TreeTypeAdapter$GsonContextImpl.deserialize(TreeTypeAdapter.java:179) ~[gson-2.10.jar%23131!/:?]
	at net.minecraft.util.GsonHelper.convertToObject(GsonHelper.java:463) ~[forge-1.20.1-47.4.15_mapped_parchment_2023.09.03-1.20.1.jar%23191!/:?]
	at net.minecraft.util.GsonHelper.getAsObject(GsonHelper.java:481) ~[forge-1.20.1-47.4.15_mapped_parchment_2023.09.03-1.20.1.jar%23191!/:?]
	at net.minecraft.world.level.storage.loot.LootTable$Serializer.deserialize(LootTable.java:294) ~[forge-1.20.1-47.4.15_mapped_parchment_2023.09.03-1.20.1.jar%23191!/:?]
	at net.minecraft.world.level.storage.loot.LootTable$Serializer.deserialize(LootTable.java:291) ~[forge-1.20.1-47.4.15_mapped_parchment_2023.09.03-1.20.1.jar%23191!/:?]
	at com.google.gson.internal.bind.TreeTypeAdapter.read(TreeTypeAdapter.java:76) ~[gson-2.10.jar%23131!/:?]
	at com.google.gson.Gson.fromJson(Gson.java:1214) ~[gson-2.10.jar%23131!/:?]
	at com.google.gson.Gson.fromJson(Gson.java:1319) ~[gson-2.10.jar%23131!/:?]
	at com.google.gson.Gson.fromJson(Gson.java:1261) ~[gson-2.10.jar%23131!/:?]
	at net.minecraftforge.common.ForgeHooks.loadLootTable(ForgeHooks.java:872) ~[forge-1.20.1-47.4.15_mapped_parchment_2023.09.03-1.20.1.jar%23190%23197!/:?]
	at net.minecraftforge.common.ForgeHooks.lambda$getLootTableDeserializer$3(ForgeHooks.java:849) ~[forge-1.20.1-47.4.15_mapped_parchment_2023.09.03-1.20.1.jar%23190%23197!/:?]
	at net.minecraft.world.level.storage.loot.LootDataType.deserialize(LootDataType.java:45) ~[forge-1.20.1-47.4.15_mapped_parchment_2023.09.03-1.20.1.jar%23191!/:?]
	at net.minecraft.world.level.storage.loot.LootDataManager.lambda$scheduleElementParse$4(LootDataManager.java:56) ~[forge-1.20.1-47.4.15_mapped_parchment_2023.09.03-1.20.1.jar%23191!/:?]
	at java.util.HashMap.forEach(HashMap.java:1421) ~[?:?]
	at net.minecraft.world.level.storage.loot.LootDataManager.lambda$scheduleElementParse$5(LootDataManager.java:55) ~[forge-1.20.1-47.4.15_mapped_parchment_2023.09.03-1.20.1.jar%23191!/:?]
	at java.util.concurrent.CompletableFuture$AsyncRun.run(CompletableFuture.java:1804) ~[?:?]
	at java.util.concurrent.CompletableFuture$AsyncRun.exec(CompletableFuture.java:1796) ~[?:?]
	at java.util.concurrent.ForkJoinTask.doExec(ForkJoinTask.java:373) ~[?:?]
	at java.util.concurrent.ForkJoinPool$WorkQueue.topLevelExec(ForkJoinPool.java:1182) ~[?:?]
	at java.util.concurrent.ForkJoinPool.scan(ForkJoinPool.java:1655) ~[?:?]
	at java.util.concurrent.ForkJoinPool.runWorker(ForkJoinPool.java:1622) ~[?:?]
	at java.util.concurrent.ForkJoinWorkerThread.run(ForkJoinWorkerThread.java:165) ~[?:?]
[21Mar2026 17:50:11.494] [Worker-Main-10/ERROR] [net.minecraftforge.common.ForgeHooks/]: Couldn't parse element loot_tables:oneironaut:blocks/concept_decorator_color/lime
com.google.gson.JsonSyntaxException: Expected name to be an item, was unknown string 'oneironaut:concept_decorator_color_lime'
	at net.minecraft.util.GsonHelper.lambda$convertToItem$0(GsonHelper.java:145) ~[forge-1.20.1-47.4.15_mapped_parchment_2023.09.03-1.20.1.jar%23191!/:?]
	at java.util.Optional.orElseThrow(Optional.java:403) ~[?:?]
	at net.minecraft.util.GsonHelper.convertToItem(GsonHelper.java:145) ~[forge-1.20.1-47.4.15_mapped_parchment_2023.09.03-1.20.1.jar%23191!/:?]
	at net.minecraft.util.GsonHelper.getAsItem(GsonHelper.java:153) ~[forge-1.20.1-47.4.15_mapped_parchment_2023.09.03-1.20.1.jar%23191!/:?]
	at net.minecraft.world.level.storage.loot.entries.LootItem$Serializer.deserialize(LootItem.java:55) ~[forge-1.20.1-47.4.15_mapped_parchment_2023.09.03-1.20.1.jar%23191!/:?]
	at net.minecraft.world.level.storage.loot.entries.LootItem$Serializer.deserialize(LootItem.java:40) ~[forge-1.20.1-47.4.15_mapped_parchment_2023.09.03-1.20.1.jar%23191!/:?]
	at net.minecraft.world.level.storage.loot.entries.LootPoolSingletonContainer$Serializer.deserializeCustom(LootPoolSingletonContainer.java:151) ~[forge-1.20.1-47.4.15_mapped_parchment_2023.09.03-1.20.1.jar%23191!/:?]
	at net.minecraft.world.level.storage.loot.entries.LootPoolSingletonContainer$Serializer.deserializeCustom(LootPoolSingletonContainer.java:129) ~[forge-1.20.1-47.4.15_mapped_parchment_2023.09.03-1.20.1.jar%23191!/:?]
	at net.minecraft.world.level.storage.loot.entries.LootPoolEntryContainer$Serializer.deserialize(LootPoolEntryContainer.java:86) ~[forge-1.20.1-47.4.15_mapped_parchment_2023.09.03-1.20.1.jar%23191!/:?]
	at net.minecraft.world.level.storage.loot.entries.LootPoolEntryContainer$Serializer.deserialize(LootPoolEntryContainer.java:74) ~[forge-1.20.1-47.4.15_mapped_parchment_2023.09.03-1.20.1.jar%23191!/:?]
	at net.minecraft.world.level.storage.loot.GsonAdapterFactory$JsonAdapter.deserialize(GsonAdapterFactory.java:102) ~[forge-1.20.1-47.4.15_mapped_parchment_2023.09.03-1.20.1.jar%23191!/:?]
	at com.google.gson.internal.bind.TreeTypeAdapter.read(TreeTypeAdapter.java:76) ~[gson-2.10.jar%23131!/:?]
	at com.google.gson.internal.bind.TypeAdapterRuntimeTypeWrapper.read(TypeAdapterRuntimeTypeWrapper.java:40) ~[gson-2.10.jar%23131!/:?]
	at com.google.gson.internal.bind.ArrayTypeAdapter.read(ArrayTypeAdapter.java:72) ~[gson-2.10.jar%23131!/:?]
	at com.google.gson.Gson.fromJson(Gson.java:1214) ~[gson-2.10.jar%23131!/:?]
	at com.google.gson.Gson.fromJson(Gson.java:1319) ~[gson-2.10.jar%23131!/:?]
	at com.google.gson.Gson.fromJson(Gson.java:1290) ~[gson-2.10.jar%23131!/:?]
	at com.google.gson.internal.bind.TreeTypeAdapter$GsonContextImpl.deserialize(TreeTypeAdapter.java:179) ~[gson-2.10.jar%23131!/:?]
	at net.minecraft.util.GsonHelper.convertToObject(GsonHelper.java:463) ~[forge-1.20.1-47.4.15_mapped_parchment_2023.09.03-1.20.1.jar%23191!/:?]
	at net.minecraft.util.GsonHelper.getAsObject(GsonHelper.java:471) ~[forge-1.20.1-47.4.15_mapped_parchment_2023.09.03-1.20.1.jar%23191!/:?]
	at net.minecraft.world.level.storage.loot.LootPool$Serializer.deserialize(LootPool.java:192) ~[forge-1.20.1-47.4.15_mapped_parchment_2023.09.03-1.20.1.jar%23191!/:?]
	at net.minecraft.world.level.storage.loot.LootPool$Serializer.deserialize(LootPool.java:189) ~[forge-1.20.1-47.4.15_mapped_parchment_2023.09.03-1.20.1.jar%23191!/:?]
	at com.google.gson.internal.bind.TreeTypeAdapter.read(TreeTypeAdapter.java:76) ~[gson-2.10.jar%23131!/:?]
	at com.google.gson.internal.bind.TypeAdapterRuntimeTypeWrapper.read(TypeAdapterRuntimeTypeWrapper.java:40) ~[gson-2.10.jar%23131!/:?]
	at com.google.gson.internal.bind.ArrayTypeAdapter.read(ArrayTypeAdapter.java:72) ~[gson-2.10.jar%23131!/:?]
	at com.google.gson.Gson.fromJson(Gson.java:1214) ~[gson-2.10.jar%23131!/:?]
	at com.google.gson.Gson.fromJson(Gson.java:1319) ~[gson-2.10.jar%23131!/:?]
	at com.google.gson.Gson.fromJson(Gson.java:1290) ~[gson-2.10.jar%23131!/:?]
	at com.google.gson.internal.bind.TreeTypeAdapter$GsonContextImpl.deserialize(TreeTypeAdapter.java:179) ~[gson-2.10.jar%23131!/:?]
	at net.minecraft.util.GsonHelper.convertToObject(GsonHelper.java:463) ~[forge-1.20.1-47.4.15_mapped_parchment_2023.09.03-1.20.1.jar%23191!/:?]
	at net.minecraft.util.GsonHelper.getAsObject(GsonHelper.java:481) ~[forge-1.20.1-47.4.15_mapped_parchment_2023.09.03-1.20.1.jar%23191!/:?]
	at net.minecraft.world.level.storage.loot.LootTable$Serializer.deserialize(LootTable.java:294) ~[forge-1.20.1-47.4.15_mapped_parchment_2023.09.03-1.20.1.jar%23191!/:?]
	at net.minecraft.world.level.storage.loot.LootTable$Serializer.deserialize(LootTable.java:291) ~[forge-1.20.1-47.4.15_mapped_parchment_2023.09.03-1.20.1.jar%23191!/:?]
	at com.google.gson.internal.bind.TreeTypeAdapter.read(TreeTypeAdapter.java:76) ~[gson-2.10.jar%23131!/:?]
	at com.google.gson.Gson.fromJson(Gson.java:1214) ~[gson-2.10.jar%23131!/:?]
	at com.google.gson.Gson.fromJson(Gson.java:1319) ~[gson-2.10.jar%23131!/:?]
	at com.google.gson.Gson.fromJson(Gson.java:1261) ~[gson-2.10.jar%23131!/:?]
	at net.minecraftforge.common.ForgeHooks.loadLootTable(ForgeHooks.java:872) ~[forge-1.20.1-47.4.15_mapped_parchment_2023.09.03-1.20.1.jar%23190%23197!/:?]
	at net.minecraftforge.common.ForgeHooks.lambda$getLootTableDeserializer$3(ForgeHooks.java:849) ~[forge-1.20.1-47.4.15_mapped_parchment_2023.09.03-1.20.1.jar%23190%23197!/:?]
	at net.minecraft.world.level.storage.loot.LootDataType.deserialize(LootDataType.java:45) ~[forge-1.20.1-47.4.15_mapped_parchment_2023.09.03-1.20.1.jar%23191!/:?]
	at net.minecraft.world.level.storage.loot.LootDataManager.lambda$scheduleElementParse$4(LootDataManager.java:56) ~[forge-1.20.1-47.4.15_mapped_parchment_2023.09.03-1.20.1.jar%23191!/:?]
	at java.util.HashMap.forEach(HashMap.java:1421) ~[?:?]
	at net.minecraft.world.level.storage.loot.LootDataManager.lambda$scheduleElementParse$5(LootDataManager.java:55) ~[forge-1.20.1-47.4.15_mapped_parchment_2023.09.03-1.20.1.jar%23191!/:?]
	at java.util.concurrent.CompletableFuture$AsyncRun.run(CompletableFuture.java:1804) ~[?:?]
	at java.util.concurrent.CompletableFuture$AsyncRun.exec(CompletableFuture.java:1796) ~[?:?]
	at java.util.concurrent.ForkJoinTask.doExec(ForkJoinTask.java:373) ~[?:?]
	at java.util.concurrent.ForkJoinPool$WorkQueue.topLevelExec(ForkJoinPool.java:1182) ~[?:?]
	at java.util.concurrent.ForkJoinPool.scan(ForkJoinPool.java:1655) ~[?:?]
	at java.util.concurrent.ForkJoinPool.runWorker(ForkJoinPool.java:1622) ~[?:?]
	at java.util.concurrent.ForkJoinWorkerThread.run(ForkJoinWorkerThread.java:165) ~[?:?]
[21Mar2026 17:50:11.506] [Worker-Main-10/ERROR] [net.minecraftforge.common.ForgeHooks/]: Couldn't parse element loot_tables:oneironaut:blocks/concept_decorator_color/blue
com.google.gson.JsonSyntaxException: Expected name to be an item, was unknown string 'oneironaut:concept_decorator_color_blue'
	at net.minecraft.util.GsonHelper.lambda$convertToItem$0(GsonHelper.java:145) ~[forge-1.20.1-47.4.15_mapped_parchment_2023.09.03-1.20.1.jar%23191!/:?]
	at java.util.Optional.orElseThrow(Optional.java:403) ~[?:?]
	at net.minecraft.util.GsonHelper.convertToItem(GsonHelper.java:145) ~[forge-1.20.1-47.4.15_mapped_parchment_2023.09.03-1.20.1.jar%23191!/:?]
	at net.minecraft.util.GsonHelper.getAsItem(GsonHelper.java:153) ~[forge-1.20.1-47.4.15_mapped_parchment_2023.09.03-1.20.1.jar%23191!/:?]
	at net.minecraft.world.level.storage.loot.entries.LootItem$Serializer.deserialize(LootItem.java:55) ~[forge-1.20.1-47.4.15_mapped_parchment_2023.09.03-1.20.1.jar%23191!/:?]
	at net.minecraft.world.level.storage.loot.entries.LootItem$Serializer.deserialize(LootItem.java:40) ~[forge-1.20.1-47.4.15_mapped_parchment_2023.09.03-1.20.1.jar%23191!/:?]
	at net.minecraft.world.level.storage.loot.entries.LootPoolSingletonContainer$Serializer.deserializeCustom(LootPoolSingletonContainer.java:151) ~[forge-1.20.1-47.4.15_mapped_parchment_2023.09.03-1.20.1.jar%23191!/:?]
	at net.minecraft.world.level.storage.loot.entries.LootPoolSingletonContainer$Serializer.deserializeCustom(LootPoolSingletonContainer.java:129) ~[forge-1.20.1-47.4.15_mapped_parchment_2023.09.03-1.20.1.jar%23191!/:?]
	at net.minecraft.world.level.storage.loot.entries.LootPoolEntryContainer$Serializer.deserialize(LootPoolEntryContainer.java:86) ~[forge-1.20.1-47.4.15_mapped_parchment_2023.09.03-1.20.1.jar%23191!/:?]
	at net.minecraft.world.level.storage.loot.entries.LootPoolEntryContainer$Serializer.deserialize(LootPoolEntryContainer.java:74) ~[forge-1.20.1-47.4.15_mapped_parchment_2023.09.03-1.20.1.jar%23191!/:?]
	at net.minecraft.world.level.storage.loot.GsonAdapterFactory$JsonAdapter.deserialize(GsonAdapterFactory.java:102) ~[forge-1.20.1-47.4.15_mapped_parchment_2023.09.03-1.20.1.jar%23191!/:?]
	at com.google.gson.internal.bind.TreeTypeAdapter.read(TreeTypeAdapter.java:76) ~[gson-2.10.jar%23131!/:?]
	at com.google.gson.internal.bind.TypeAdapterRuntimeTypeWrapper.read(TypeAdapterRuntimeTypeWrapper.java:40) ~[gson-2.10.jar%23131!/:?]
	at com.google.gson.internal.bind.ArrayTypeAdapter.read(ArrayTypeAdapter.java:72) ~[gson-2.10.jar%23131!/:?]
	at com.google.gson.Gson.fromJson(Gson.java:1214) ~[gson-2.10.jar%23131!/:?]
	at com.google.gson.Gson.fromJson(Gson.java:1319) ~[gson-2.10.jar%23131!/:?]
	at com.google.gson.Gson.fromJson(Gson.java:1290) ~[gson-2.10.jar%23131!/:?]
	at com.google.gson.internal.bind.TreeTypeAdapter$GsonContextImpl.deserialize(TreeTypeAdapter.java:179) ~[gson-2.10.jar%23131!/:?]
	at net.minecraft.util.GsonHelper.convertToObject(GsonHelper.java:463) ~[forge-1.20.1-47.4.15_mapped_parchment_2023.09.03-1.20.1.jar%23191!/:?]
	at net.minecraft.util.GsonHelper.getAsObject(GsonHelper.java:471) ~[forge-1.20.1-47.4.15_mapped_parchment_2023.09.03-1.20.1.jar%23191!/:?]
	at net.minecraft.world.level.storage.loot.LootPool$Serializer.deserialize(LootPool.java:192) ~[forge-1.20.1-47.4.15_mapped_parchment_2023.09.03-1.20.1.jar%23191!/:?]
	at net.minecraft.world.level.storage.loot.LootPool$Serializer.deserialize(LootPool.java:189) ~[forge-1.20.1-47.4.15_mapped_parchment_2023.09.03-1.20.1.jar%23191!/:?]
	at com.google.gson.internal.bind.TreeTypeAdapter.read(TreeTypeAdapter.java:76) ~[gson-2.10.jar%23131!/:?]
	at com.google.gson.internal.bind.TypeAdapterRuntimeTypeWrapper.read(TypeAdapterRuntimeTypeWrapper.java:40) ~[gson-2.10.jar%23131!/:?]
	at com.google.gson.internal.bind.ArrayTypeAdapter.read(ArrayTypeAdapter.java:72) ~[gson-2.10.jar%23131!/:?]
	at com.google.gson.Gson.fromJson(Gson.java:1214) ~[gson-2.10.jar%23131!/:?]
	at com.google.gson.Gson.fromJson(Gson.java:1319) ~[gson-2.10.jar%23131!/:?]
	at com.google.gson.Gson.fromJson(Gson.java:1290) ~[gson-2.10.jar%23131!/:?]
	at com.google.gson.internal.bind.TreeTypeAdapter$GsonContextImpl.deserialize(TreeTypeAdapter.java:179) ~[gson-2.10.jar%23131!/:?]
	at net.minecraft.util.GsonHelper.convertToObject(GsonHelper.java:463) ~[forge-1.20.1-47.4.15_mapped_parchment_2023.09.03-1.20.1.jar%23191!/:?]
	at net.minecraft.util.GsonHelper.getAsObject(GsonHelper.java:481) ~[forge-1.20.1-47.4.15_mapped_parchment_2023.09.03-1.20.1.jar%23191!/:?]
	at net.minecraft.world.level.storage.loot.LootTable$Serializer.deserialize(LootTable.java:294) ~[forge-1.20.1-47.4.15_mapped_parchment_2023.09.03-1.20.1.jar%23191!/:?]
	at net.minecraft.world.level.storage.loot.LootTable$Serializer.deserialize(LootTable.java:291) ~[forge-1.20.1-47.4.15_mapped_parchment_2023.09.03-1.20.1.jar%23191!/:?]
	at com.google.gson.internal.bind.TreeTypeAdapter.read(TreeTypeAdapter.java:76) ~[gson-2.10.jar%23131!/:?]
	at com.google.gson.Gson.fromJson(Gson.java:1214) ~[gson-2.10.jar%23131!/:?]
	at com.google.gson.Gson.fromJson(Gson.java:1319) ~[gson-2.10.jar%23131!/:?]
	at com.google.gson.Gson.fromJson(Gson.java:1261) ~[gson-2.10.jar%23131!/:?]
	at net.minecraftforge.common.ForgeHooks.loadLootTable(ForgeHooks.java:872) ~[forge-1.20.1-47.4.15_mapped_parchment_2023.09.03-1.20.1.jar%23190%23197!/:?]
	at net.minecraftforge.common.ForgeHooks.lambda$getLootTableDeserializer$3(ForgeHooks.java:849) ~[forge-1.20.1-47.4.15_mapped_parchment_2023.09.03-1.20.1.jar%23190%23197!/:?]
	at net.minecraft.world.level.storage.loot.LootDataType.deserialize(LootDataType.java:45) ~[forge-1.20.1-47.4.15_mapped_parchment_2023.09.03-1.20.1.jar%23191!/:?]
	at net.minecraft.world.level.storage.loot.LootDataManager.lambda$scheduleElementParse$4(LootDataManager.java:56) ~[forge-1.20.1-47.4.15_mapped_parchment_2023.09.03-1.20.1.jar%23191!/:?]
	at java.util.HashMap.forEach(HashMap.java:1421) ~[?:?]
	at net.minecraft.world.level.storage.loot.LootDataManager.lambda$scheduleElementParse$5(LootDataManager.java:55) ~[forge-1.20.1-47.4.15_mapped_parchment_2023.09.03-1.20.1.jar%23191!/:?]
	at java.util.concurrent.CompletableFuture$AsyncRun.run(CompletableFuture.java:1804) ~[?:?]
	at java.util.concurrent.CompletableFuture$AsyncRun.exec(CompletableFuture.java:1796) ~[?:?]
	at java.util.concurrent.ForkJoinTask.doExec(ForkJoinTask.java:373) ~[?:?]
	at java.util.concurrent.ForkJoinPool$WorkQueue.topLevelExec(ForkJoinPool.java:1182) ~[?:?]
	at java.util.concurrent.ForkJoinPool.scan(ForkJoinPool.java:1655) ~[?:?]
	at java.util.concurrent.ForkJoinPool.runWorker(ForkJoinPool.java:1622) ~[?:?]
	at java.util.concurrent.ForkJoinWorkerThread.run(ForkJoinWorkerThread.java:165) ~[?:?]
[21Mar2026 17:50:11.526] [Worker-Main-10/ERROR] [net.minecraftforge.common.ForgeHooks/]: Couldn't parse element loot_tables:oneironaut:blocks/concept_decorator_color/pink
com.google.gson.JsonSyntaxException: Expected name to be an item, was unknown string 'oneironaut:concept_decorator_color_pink'
	at net.minecraft.util.GsonHelper.lambda$convertToItem$0(GsonHelper.java:145) ~[forge-1.20.1-47.4.15_mapped_parchment_2023.09.03-1.20.1.jar%23191!/:?]
	at java.util.Optional.orElseThrow(Optional.java:403) ~[?:?]
	at net.minecraft.util.GsonHelper.convertToItem(GsonHelper.java:145) ~[forge-1.20.1-47.4.15_mapped_parchment_2023.09.03-1.20.1.jar%23191!/:?]
	at net.minecraft.util.GsonHelper.getAsItem(GsonHelper.java:153) ~[forge-1.20.1-47.4.15_mapped_parchment_2023.09.03-1.20.1.jar%23191!/:?]
	at net.minecraft.world.level.storage.loot.entries.LootItem$Serializer.deserialize(LootItem.java:55) ~[forge-1.20.1-47.4.15_mapped_parchment_2023.09.03-1.20.1.jar%23191!/:?]
	at net.minecraft.world.level.storage.loot.entries.LootItem$Serializer.deserialize(LootItem.java:40) ~[forge-1.20.1-47.4.15_mapped_parchment_2023.09.03-1.20.1.jar%23191!/:?]
	at net.minecraft.world.level.storage.loot.entries.LootPoolSingletonContainer$Serializer.deserializeCustom(LootPoolSingletonContainer.java:151) ~[forge-1.20.1-47.4.15_mapped_parchment_2023.09.03-1.20.1.jar%23191!/:?]
	at net.minecraft.world.level.storage.loot.entries.LootPoolSingletonContainer$Serializer.deserializeCustom(LootPoolSingletonContainer.java:129) ~[forge-1.20.1-47.4.15_mapped_parchment_2023.09.03-1.20.1.jar%23191!/:?]
	at net.minecraft.world.level.storage.loot.entries.LootPoolEntryContainer$Serializer.deserialize(LootPoolEntryContainer.java:86) ~[forge-1.20.1-47.4.15_mapped_parchment_2023.09.03-1.20.1.jar%23191!/:?]
	at net.minecraft.world.level.storage.loot.entries.LootPoolEntryContainer$Serializer.deserialize(LootPoolEntryContainer.java:74) ~[forge-1.20.1-47.4.15_mapped_parchment_2023.09.03-1.20.1.jar%23191!/:?]
	at net.minecraft.world.level.storage.loot.GsonAdapterFactory$JsonAdapter.deserialize(GsonAdapterFactory.java:102) ~[forge-1.20.1-47.4.15_mapped_parchment_2023.09.03-1.20.1.jar%23191!/:?]
	at com.google.gson.internal.bind.TreeTypeAdapter.read(TreeTypeAdapter.java:76) ~[gson-2.10.jar%23131!/:?]
	at com.google.gson.internal.bind.TypeAdapterRuntimeTypeWrapper.read(TypeAdapterRuntimeTypeWrapper.java:40) ~[gson-2.10.jar%23131!/:?]
	at com.google.gson.internal.bind.ArrayTypeAdapter.read(ArrayTypeAdapter.java:72) ~[gson-2.10.jar%23131!/:?]
	at com.google.gson.Gson.fromJson(Gson.java:1214) ~[gson-2.10.jar%23131!/:?]
	at com.google.gson.Gson.fromJson(Gson.java:1319) ~[gson-2.10.jar%23131!/:?]
	at com.google.gson.Gson.fromJson(Gson.java:1290) ~[gson-2.10.jar%23131!/:?]
	at com.google.gson.internal.bind.TreeTypeAdapter$GsonContextImpl.deserialize(TreeTypeAdapter.java:179) ~[gson-2.10.jar%23131!/:?]
	at net.minecraft.util.GsonHelper.convertToObject(GsonHelper.java:463) ~[forge-1.20.1-47.4.15_mapped_parchment_2023.09.03-1.20.1.jar%23191!/:?]
	at net.minecraft.util.GsonHelper.getAsObject(GsonHelper.java:471) ~[forge-1.20.1-47.4.15_mapped_parchment_2023.09.03-1.20.1.jar%23191!/:?]
	at net.minecraft.world.level.storage.loot.LootPool$Serializer.deserialize(LootPool.java:192) ~[forge-1.20.1-47.4.15_mapped_parchment_2023.09.03-1.20.1.jar%23191!/:?]
	at net.minecraft.world.level.storage.loot.LootPool$Serializer.deserialize(LootPool.java:189) ~[forge-1.20.1-47.4.15_mapped_parchment_2023.09.03-1.20.1.jar%23191!/:?]
	at com.google.gson.internal.bind.TreeTypeAdapter.read(TreeTypeAdapter.java:76) ~[gson-2.10.jar%23131!/:?]
	at com.google.gson.internal.bind.TypeAdapterRuntimeTypeWrapper.read(TypeAdapterRuntimeTypeWrapper.java:40) ~[gson-2.10.jar%23131!/:?]
	at com.google.gson.internal.bind.ArrayTypeAdapter.read(ArrayTypeAdapter.java:72) ~[gson-2.10.jar%23131!/:?]
	at com.google.gson.Gson.fromJson(Gson.java:1214) ~[gson-2.10.jar%23131!/:?]
	at com.google.gson.Gson.fromJson(Gson.java:1319) ~[gson-2.10.jar%23131!/:?]
	at com.google.gson.Gson.fromJson(Gson.java:1290) ~[gson-2.10.jar%23131!/:?]
	at com.google.gson.internal.bind.TreeTypeAdapter$GsonContextImpl.deserialize(TreeTypeAdapter.java:179) ~[gson-2.10.jar%23131!/:?]
	at net.minecraft.util.GsonHelper.convertToObject(GsonHelper.java:463) ~[forge-1.20.1-47.4.15_mapped_parchment_2023.09.03-1.20.1.jar%23191!/:?]
	at net.minecraft.util.GsonHelper.getAsObject(GsonHelper.java:481) ~[forge-1.20.1-47.4.15_mapped_parchment_2023.09.03-1.20.1.jar%23191!/:?]
	at net.minecraft.world.level.storage.loot.LootTable$Serializer.deserialize(LootTable.java:294) ~[forge-1.20.1-47.4.15_mapped_parchment_2023.09.03-1.20.1.jar%23191!/:?]
	at net.minecraft.world.level.storage.loot.LootTable$Serializer.deserialize(LootTable.java:291) ~[forge-1.20.1-47.4.15_mapped_parchment_2023.09.03-1.20.1.jar%23191!/:?]
	at com.google.gson.internal.bind.TreeTypeAdapter.read(TreeTypeAdapter.java:76) ~[gson-2.10.jar%23131!/:?]
	at com.google.gson.Gson.fromJson(Gson.java:1214) ~[gson-2.10.jar%23131!/:?]
	at com.google.gson.Gson.fromJson(Gson.java:1319) ~[gson-2.10.jar%23131!/:?]
	at com.google.gson.Gson.fromJson(Gson.java:1261) ~[gson-2.10.jar%23131!/:?]
	at net.minecraftforge.common.ForgeHooks.loadLootTable(ForgeHooks.java:872) ~[forge-1.20.1-47.4.15_mapped_parchment_2023.09.03-1.20.1.jar%23190%23197!/:?]
	at net.minecraftforge.common.ForgeHooks.lambda$getLootTableDeserializer$3(ForgeHooks.java:849) ~[forge-1.20.1-47.4.15_mapped_parchment_2023.09.03-1.20.1.jar%23190%23197!/:?]
	at net.minecraft.world.level.storage.loot.LootDataType.deserialize(LootDataType.java:45) ~[forge-1.20.1-47.4.15_mapped_parchment_2023.09.03-1.20.1.jar%23191!/:?]
	at net.minecraft.world.level.storage.loot.LootDataManager.lambda$scheduleElementParse$4(LootDataManager.java:56) ~[forge-1.20.1-47.4.15_mapped_parchment_2023.09.03-1.20.1.jar%23191!/:?]
	at java.util.HashMap.forEach(HashMap.java:1421) ~[?:?]
	at net.minecraft.world.level.storage.loot.LootDataManager.lambda$scheduleElementParse$5(LootDataManager.java:55) ~[forge-1.20.1-47.4.15_mapped_parchment_2023.09.03-1.20.1.jar%23191!/:?]
	at java.util.concurrent.CompletableFuture$AsyncRun.run(CompletableFuture.java:1804) ~[?:?]
	at java.util.concurrent.CompletableFuture$AsyncRun.exec(CompletableFuture.java:1796) ~[?:?]
	at java.util.concurrent.ForkJoinTask.doExec(ForkJoinTask.java:373) ~[?:?]
	at java.util.concurrent.ForkJoinPool$WorkQueue.topLevelExec(ForkJoinPool.java:1182) ~[?:?]
	at java.util.concurrent.ForkJoinPool.scan(ForkJoinPool.java:1655) ~[?:?]
	at java.util.concurrent.ForkJoinPool.runWorker(ForkJoinPool.java:1622) ~[?:?]
	at java.util.concurrent.ForkJoinWorkerThread.run(ForkJoinWorkerThread.java:165) ~[?:?]
[21Mar2026 17:50:11.549] [Worker-Main-10/ERROR] [net.minecraftforge.common.ForgeHooks/]: Couldn't parse element loot_tables:oneironaut:blocks/concept_decorator_color/magenta
com.google.gson.JsonSyntaxException: Expected name to be an item, was unknown string 'oneironaut:concept_decorator_color_magenta'
	at net.minecraft.util.GsonHelper.lambda$convertToItem$0(GsonHelper.java:145) ~[forge-1.20.1-47.4.15_mapped_parchment_2023.09.03-1.20.1.jar%23191!/:?]
	at java.util.Optional.orElseThrow(Optional.java:403) ~[?:?]
	at net.minecraft.util.GsonHelper.convertToItem(GsonHelper.java:145) ~[forge-1.20.1-47.4.15_mapped_parchment_2023.09.03-1.20.1.jar%23191!/:?]
	at net.minecraft.util.GsonHelper.getAsItem(GsonHelper.java:153) ~[forge-1.20.1-47.4.15_mapped_parchment_2023.09.03-1.20.1.jar%23191!/:?]
	at net.minecraft.world.level.storage.loot.entries.LootItem$Serializer.deserialize(LootItem.java:55) ~[forge-1.20.1-47.4.15_mapped_parchment_2023.09.03-1.20.1.jar%23191!/:?]
	at net.minecraft.world.level.storage.loot.entries.LootItem$Serializer.deserialize(LootItem.java:40) ~[forge-1.20.1-47.4.15_mapped_parchment_2023.09.03-1.20.1.jar%23191!/:?]
	at net.minecraft.world.level.storage.loot.entries.LootPoolSingletonContainer$Serializer.deserializeCustom(LootPoolSingletonContainer.java:151) ~[forge-1.20.1-47.4.15_mapped_parchment_2023.09.03-1.20.1.jar%23191!/:?]
	at net.minecraft.world.level.storage.loot.entries.LootPoolSingletonContainer$Serializer.deserializeCustom(LootPoolSingletonContainer.java:129) ~[forge-1.20.1-47.4.15_mapped_parchment_2023.09.03-1.20.1.jar%23191!/:?]
	at net.minecraft.world.level.storage.loot.entries.LootPoolEntryContainer$Serializer.deserialize(LootPoolEntryContainer.java:86) ~[forge-1.20.1-47.4.15_mapped_parchment_2023.09.03-1.20.1.jar%23191!/:?]
	at net.minecraft.world.level.storage.loot.entries.LootPoolEntryContainer$Serializer.deserialize(LootPoolEntryContainer.java:74) ~[forge-1.20.1-47.4.15_mapped_parchment_2023.09.03-1.20.1.jar%23191!/:?]
	at net.minecraft.world.level.storage.loot.GsonAdapterFactory$JsonAdapter.deserialize(GsonAdapterFactory.java:102) ~[forge-1.20.1-47.4.15_mapped_parchment_2023.09.03-1.20.1.jar%23191!/:?]
	at com.google.gson.internal.bind.TreeTypeAdapter.read(TreeTypeAdapter.java:76) ~[gson-2.10.jar%23131!/:?]
	at com.google.gson.internal.bind.TypeAdapterRuntimeTypeWrapper.read(TypeAdapterRuntimeTypeWrapper.java:40) ~[gson-2.10.jar%23131!/:?]
	at com.google.gson.internal.bind.ArrayTypeAdapter.read(ArrayTypeAdapter.java:72) ~[gson-2.10.jar%23131!/:?]
	at com.google.gson.Gson.fromJson(Gson.java:1214) ~[gson-2.10.jar%23131!/:?]
	at com.google.gson.Gson.fromJson(Gson.java:1319) ~[gson-2.10.jar%23131!/:?]
	at com.google.gson.Gson.fromJson(Gson.java:1290) ~[gson-2.10.jar%23131!/:?]
	at com.google.gson.internal.bind.TreeTypeAdapter$GsonContextImpl.deserialize(TreeTypeAdapter.java:179) ~[gson-2.10.jar%23131!/:?]
	at net.minecraft.util.GsonHelper.convertToObject(GsonHelper.java:463) ~[forge-1.20.1-47.4.15_mapped_parchment_2023.09.03-1.20.1.jar%23191!/:?]
	at net.minecraft.util.GsonHelper.getAsObject(GsonHelper.java:471) ~[forge-1.20.1-47.4.15_mapped_parchment_2023.09.03-1.20.1.jar%23191!/:?]
	at net.minecraft.world.level.storage.loot.LootPool$Serializer.deserialize(LootPool.java:192) ~[forge-1.20.1-47.4.15_mapped_parchment_2023.09.03-1.20.1.jar%23191!/:?]
	at net.minecraft.world.level.storage.loot.LootPool$Serializer.deserialize(LootPool.java:189) ~[forge-1.20.1-47.4.15_mapped_parchment_2023.09.03-1.20.1.jar%23191!/:?]
	at com.google.gson.internal.bind.TreeTypeAdapter.read(TreeTypeAdapter.java:76) ~[gson-2.10.jar%23131!/:?]
	at com.google.gson.internal.bind.TypeAdapterRuntimeTypeWrapper.read(TypeAdapterRuntimeTypeWrapper.java:40) ~[gson-2.10.jar%23131!/:?]
	at com.google.gson.internal.bind.ArrayTypeAdapter.read(ArrayTypeAdapter.java:72) ~[gson-2.10.jar%23131!/:?]
	at com.google.gson.Gson.fromJson(Gson.java:1214) ~[gson-2.10.jar%23131!/:?]
	at com.google.gson.Gson.fromJson(Gson.java:1319) ~[gson-2.10.jar%23131!/:?]
	at com.google.gson.Gson.fromJson(Gson.java:1290) ~[gson-2.10.jar%23131!/:?]
	at com.google.gson.internal.bind.TreeTypeAdapter$GsonContextImpl.deserialize(TreeTypeAdapter.java:179) ~[gson-2.10.jar%23131!/:?]
	at net.minecraft.util.GsonHelper.convertToObject(GsonHelper.java:463) ~[forge-1.20.1-47.4.15_mapped_parchment_2023.09.03-1.20.1.jar%23191!/:?]
	at net.minecraft.util.GsonHelper.getAsObject(GsonHelper.java:481) ~[forge-1.20.1-47.4.15_mapped_parchment_2023.09.03-1.20.1.jar%23191!/:?]
	at net.minecraft.world.level.storage.loot.LootTable$Serializer.deserialize(LootTable.java:294) ~[forge-1.20.1-47.4.15_mapped_parchment_2023.09.03-1.20.1.jar%23191!/:?]
	at net.minecraft.world.level.storage.loot.LootTable$Serializer.deserialize(LootTable.java:291) ~[forge-1.20.1-47.4.15_mapped_parchment_2023.09.03-1.20.1.jar%23191!/:?]
	at com.google.gson.internal.bind.TreeTypeAdapter.read(TreeTypeAdapter.java:76) ~[gson-2.10.jar%23131!/:?]
	at com.google.gson.Gson.fromJson(Gson.java:1214) ~[gson-2.10.jar%23131!/:?]
	at com.google.gson.Gson.fromJson(Gson.java:1319) ~[gson-2.10.jar%23131!/:?]
	at com.google.gson.Gson.fromJson(Gson.java:1261) ~[gson-2.10.jar%23131!/:?]
	at net.minecraftforge.common.ForgeHooks.loadLootTable(ForgeHooks.java:872) ~[forge-1.20.1-47.4.15_mapped_parchment_2023.09.03-1.20.1.jar%23190%23197!/:?]
	at net.minecraftforge.common.ForgeHooks.lambda$getLootTableDeserializer$3(ForgeHooks.java:849) ~[forge-1.20.1-47.4.15_mapped_parchment_2023.09.03-1.20.1.jar%23190%23197!/:?]
	at net.minecraft.world.level.storage.loot.LootDataType.deserialize(LootDataType.java:45) ~[forge-1.20.1-47.4.15_mapped_parchment_2023.09.03-1.20.1.jar%23191!/:?]
	at net.minecraft.world.level.storage.loot.LootDataManager.lambda$scheduleElementParse$4(LootDataManager.java:56) ~[forge-1.20.1-47.4.15_mapped_parchment_2023.09.03-1.20.1.jar%23191!/:?]
	at java.util.HashMap.forEach(HashMap.java:1421) ~[?:?]
	at net.minecraft.world.level.storage.loot.LootDataManager.lambda$scheduleElementParse$5(LootDataManager.java:55) ~[forge-1.20.1-47.4.15_mapped_parchment_2023.09.03-1.20.1.jar%23191!/:?]
	at java.util.concurrent.CompletableFuture$AsyncRun.run(CompletableFuture.java:1804) ~[?:?]
	at java.util.concurrent.CompletableFuture$AsyncRun.exec(CompletableFuture.java:1796) ~[?:?]
	at java.util.concurrent.ForkJoinTask.doExec(ForkJoinTask.java:373) ~[?:?]
	at java.util.concurrent.ForkJoinPool$WorkQueue.topLevelExec(ForkJoinPool.java:1182) ~[?:?]
	at java.util.concurrent.ForkJoinPool.scan(ForkJoinPool.java:1655) ~[?:?]
	at java.util.concurrent.ForkJoinPool.runWorker(ForkJoinPool.java:1622) ~[?:?]
	at java.util.concurrent.ForkJoinWorkerThread.run(ForkJoinWorkerThread.java:165) ~[?:?]
[21Mar2026 17:50:11.557] [Worker-Main-10/ERROR] [net.minecraftforge.common.ForgeHooks/]: Couldn't parse element loot_tables:oneironaut:blocks/concept_decorator_color/gray
com.google.gson.JsonSyntaxException: Expected name to be an item, was unknown string 'oneironaut:concept_decorator_color_gray'
	at net.minecraft.util.GsonHelper.lambda$convertToItem$0(GsonHelper.java:145) ~[forge-1.20.1-47.4.15_mapped_parchment_2023.09.03-1.20.1.jar%23191!/:?]
	at java.util.Optional.orElseThrow(Optional.java:403) ~[?:?]
	at net.minecraft.util.GsonHelper.convertToItem(GsonHelper.java:145) ~[forge-1.20.1-47.4.15_mapped_parchment_2023.09.03-1.20.1.jar%23191!/:?]
	at net.minecraft.util.GsonHelper.getAsItem(GsonHelper.java:153) ~[forge-1.20.1-47.4.15_mapped_parchment_2023.09.03-1.20.1.jar%23191!/:?]
	at net.minecraft.world.level.storage.loot.entries.LootItem$Serializer.deserialize(LootItem.java:55) ~[forge-1.20.1-47.4.15_mapped_parchment_2023.09.03-1.20.1.jar%23191!/:?]
	at net.minecraft.world.level.storage.loot.entries.LootItem$Serializer.deserialize(LootItem.java:40) ~[forge-1.20.1-47.4.15_mapped_parchment_2023.09.03-1.20.1.jar%23191!/:?]
	at net.minecraft.world.level.storage.loot.entries.LootPoolSingletonContainer$Serializer.deserializeCustom(LootPoolSingletonContainer.java:151) ~[forge-1.20.1-47.4.15_mapped_parchment_2023.09.03-1.20.1.jar%23191!/:?]
	at net.minecraft.world.level.storage.loot.entries.LootPoolSingletonContainer$Serializer.deserializeCustom(LootPoolSingletonContainer.java:129) ~[forge-1.20.1-47.4.15_mapped_parchment_2023.09.03-1.20.1.jar%23191!/:?]
	at net.minecraft.world.level.storage.loot.entries.LootPoolEntryContainer$Serializer.deserialize(LootPoolEntryContainer.java:86) ~[forge-1.20.1-47.4.15_mapped_parchment_2023.09.03-1.20.1.jar%23191!/:?]
	at net.minecraft.world.level.storage.loot.entries.LootPoolEntryContainer$Serializer.deserialize(LootPoolEntryContainer.java:74) ~[forge-1.20.1-47.4.15_mapped_parchment_2023.09.03-1.20.1.jar%23191!/:?]
	at net.minecraft.world.level.storage.loot.GsonAdapterFactory$JsonAdapter.deserialize(GsonAdapterFactory.java:102) ~[forge-1.20.1-47.4.15_mapped_parchment_2023.09.03-1.20.1.jar%23191!/:?]
	at com.google.gson.internal.bind.TreeTypeAdapter.read(TreeTypeAdapter.java:76) ~[gson-2.10.jar%23131!/:?]
	at com.google.gson.internal.bind.TypeAdapterRuntimeTypeWrapper.read(TypeAdapterRuntimeTypeWrapper.java:40) ~[gson-2.10.jar%23131!/:?]
	at com.google.gson.internal.bind.ArrayTypeAdapter.read(ArrayTypeAdapter.java:72) ~[gson-2.10.jar%23131!/:?]
	at com.google.gson.Gson.fromJson(Gson.java:1214) ~[gson-2.10.jar%23131!/:?]
	at com.google.gson.Gson.fromJson(Gson.java:1319) ~[gson-2.10.jar%23131!/:?]
	at com.google.gson.Gson.fromJson(Gson.java:1290) ~[gson-2.10.jar%23131!/:?]
	at com.google.gson.internal.bind.TreeTypeAdapter$GsonContextImpl.deserialize(TreeTypeAdapter.java:179) ~[gson-2.10.jar%23131!/:?]
	at net.minecraft.util.GsonHelper.convertToObject(GsonHelper.java:463) ~[forge-1.20.1-47.4.15_mapped_parchment_2023.09.03-1.20.1.jar%23191!/:?]
	at net.minecraft.util.GsonHelper.getAsObject(GsonHelper.java:471) ~[forge-1.20.1-47.4.15_mapped_parchment_2023.09.03-1.20.1.jar%23191!/:?]
	at net.minecraft.world.level.storage.loot.LootPool$Serializer.deserialize(LootPool.java:192) ~[forge-1.20.1-47.4.15_mapped_parchment_2023.09.03-1.20.1.jar%23191!/:?]
	at net.minecraft.world.level.storage.loot.LootPool$Serializer.deserialize(LootPool.java:189) ~[forge-1.20.1-47.4.15_mapped_parchment_2023.09.03-1.20.1.jar%23191!/:?]
	at com.google.gson.internal.bind.TreeTypeAdapter.read(TreeTypeAdapter.java:76) ~[gson-2.10.jar%23131!/:?]
	at com.google.gson.internal.bind.TypeAdapterRuntimeTypeWrapper.read(TypeAdapterRuntimeTypeWrapper.java:40) ~[gson-2.10.jar%23131!/:?]
	at com.google.gson.internal.bind.ArrayTypeAdapter.read(ArrayTypeAdapter.java:72) ~[gson-2.10.jar%23131!/:?]
	at com.google.gson.Gson.fromJson(Gson.java:1214) ~[gson-2.10.jar%23131!/:?]
	at com.google.gson.Gson.fromJson(Gson.java:1319) ~[gson-2.10.jar%23131!/:?]
	at com.google.gson.Gson.fromJson(Gson.java:1290) ~[gson-2.10.jar%23131!/:?]
	at com.google.gson.internal.bind.TreeTypeAdapter$GsonContextImpl.deserialize(TreeTypeAdapter.java:179) ~[gson-2.10.jar%23131!/:?]
	at net.minecraft.util.GsonHelper.convertToObject(GsonHelper.java:463) ~[forge-1.20.1-47.4.15_mapped_parchment_2023.09.03-1.20.1.jar%23191!/:?]
	at net.minecraft.util.GsonHelper.getAsObject(GsonHelper.java:481) ~[forge-1.20.1-47.4.15_mapped_parchment_2023.09.03-1.20.1.jar%23191!/:?]
	at net.minecraft.world.level.storage.loot.LootTable$Serializer.deserialize(LootTable.java:294) ~[forge-1.20.1-47.4.15_mapped_parchment_2023.09.03-1.20.1.jar%23191!/:?]
	at net.minecraft.world.level.storage.loot.LootTable$Serializer.deserialize(LootTable.java:291) ~[forge-1.20.1-47.4.15_mapped_parchment_2023.09.03-1.20.1.jar%23191!/:?]
	at com.google.gson.internal.bind.TreeTypeAdapter.read(TreeTypeAdapter.java:76) ~[gson-2.10.jar%23131!/:?]
	at com.google.gson.Gson.fromJson(Gson.java:1214) ~[gson-2.10.jar%23131!/:?]
	at com.google.gson.Gson.fromJson(Gson.java:1319) ~[gson-2.10.jar%23131!/:?]
	at com.google.gson.Gson.fromJson(Gson.java:1261) ~[gson-2.10.jar%23131!/:?]
	at net.minecraftforge.common.ForgeHooks.loadLootTable(ForgeHooks.java:872) ~[forge-1.20.1-47.4.15_mapped_parchment_2023.09.03-1.20.1.jar%23190%23197!/:?]
	at net.minecraftforge.common.ForgeHooks.lambda$getLootTableDeserializer$3(ForgeHooks.java:849) ~[forge-1.20.1-47.4.15_mapped_parchment_2023.09.03-1.20.1.jar%23190%23197!/:?]
	at net.minecraft.world.level.storage.loot.LootDataType.deserialize(LootDataType.java:45) ~[forge-1.20.1-47.4.15_mapped_parchment_2023.09.03-1.20.1.jar%23191!/:?]
	at net.minecraft.world.level.storage.loot.LootDataManager.lambda$scheduleElementParse$4(LootDataManager.java:56) ~[forge-1.20.1-47.4.15_mapped_parchment_2023.09.03-1.20.1.jar%23191!/:?]
	at java.util.HashMap.forEach(HashMap.java:1421) ~[?:?]
	at net.minecraft.world.level.storage.loot.LootDataManager.lambda$scheduleElementParse$5(LootDataManager.java:55) ~[forge-1.20.1-47.4.15_mapped_parchment_2023.09.03-1.20.1.jar%23191!/:?]
	at java.util.concurrent.CompletableFuture$AsyncRun.run(CompletableFuture.java:1804) ~[?:?]
	at java.util.concurrent.CompletableFuture$AsyncRun.exec(CompletableFuture.java:1796) ~[?:?]
	at java.util.concurrent.ForkJoinTask.doExec(ForkJoinTask.java:373) ~[?:?]
	at java.util.concurrent.ForkJoinPool$WorkQueue.topLevelExec(ForkJoinPool.java:1182) ~[?:?]
	at java.util.concurrent.ForkJoinPool.scan(ForkJoinPool.java:1655) ~[?:?]
	at java.util.concurrent.ForkJoinPool.runWorker(ForkJoinPool.java:1622) ~[?:?]
	at java.util.concurrent.ForkJoinWorkerThread.run(ForkJoinWorkerThread.java:165) ~[?:?]
[21Mar2026 17:50:11.558] [Worker-Main-10/ERROR] [net.minecraftforge.common.ForgeHooks/]: Couldn't parse element loot_tables:oneironaut:blocks/concept_decorator_color/light_gray
com.google.gson.JsonSyntaxException: Expected name to be an item, was unknown string 'oneironaut:concept_decorator_color_light_gray'
	at net.minecraft.util.GsonHelper.lambda$convertToItem$0(GsonHelper.java:145) ~[forge-1.20.1-47.4.15_mapped_parchment_2023.09.03-1.20.1.jar%23191!/:?]
	at java.util.Optional.orElseThrow(Optional.java:403) ~[?:?]
	at net.minecraft.util.GsonHelper.convertToItem(GsonHelper.java:145) ~[forge-1.20.1-47.4.15_mapped_parchment_2023.09.03-1.20.1.jar%23191!/:?]
	at net.minecraft.util.GsonHelper.getAsItem(GsonHelper.java:153) ~[forge-1.20.1-47.4.15_mapped_parchment_2023.09.03-1.20.1.jar%23191!/:?]
	at net.minecraft.world.level.storage.loot.entries.LootItem$Serializer.deserialize(LootItem.java:55) ~[forge-1.20.1-47.4.15_mapped_parchment_2023.09.03-1.20.1.jar%23191!/:?]
	at net.minecraft.world.level.storage.loot.entries.LootItem$Serializer.deserialize(LootItem.java:40) ~[forge-1.20.1-47.4.15_mapped_parchment_2023.09.03-1.20.1.jar%23191!/:?]
	at net.minecraft.world.level.storage.loot.entries.LootPoolSingletonContainer$Serializer.deserializeCustom(LootPoolSingletonContainer.java:151) ~[forge-1.20.1-47.4.15_mapped_parchment_2023.09.03-1.20.1.jar%23191!/:?]
	at net.minecraft.world.level.storage.loot.entries.LootPoolSingletonContainer$Serializer.deserializeCustom(LootPoolSingletonContainer.java:129) ~[forge-1.20.1-47.4.15_mapped_parchment_2023.09.03-1.20.1.jar%23191!/:?]
	at net.minecraft.world.level.storage.loot.entries.LootPoolEntryContainer$Serializer.deserialize(LootPoolEntryContainer.java:86) ~[forge-1.20.1-47.4.15_mapped_parchment_2023.09.03-1.20.1.jar%23191!/:?]
	at net.minecraft.world.level.storage.loot.entries.LootPoolEntryContainer$Serializer.deserialize(LootPoolEntryContainer.java:74) ~[forge-1.20.1-47.4.15_mapped_parchment_2023.09.03-1.20.1.jar%23191!/:?]
	at net.minecraft.world.level.storage.loot.GsonAdapterFactory$JsonAdapter.deserialize(GsonAdapterFactory.java:102) ~[forge-1.20.1-47.4.15_mapped_parchment_2023.09.03-1.20.1.jar%23191!/:?]
	at com.google.gson.internal.bind.TreeTypeAdapter.read(TreeTypeAdapter.java:76) ~[gson-2.10.jar%23131!/:?]
	at com.google.gson.internal.bind.TypeAdapterRuntimeTypeWrapper.read(TypeAdapterRuntimeTypeWrapper.java:40) ~[gson-2.10.jar%23131!/:?]
	at com.google.gson.internal.bind.ArrayTypeAdapter.read(ArrayTypeAdapter.java:72) ~[gson-2.10.jar%23131!/:?]
	at com.google.gson.Gson.fromJson(Gson.java:1214) ~[gson-2.10.jar%23131!/:?]
	at com.google.gson.Gson.fromJson(Gson.java:1319) ~[gson-2.10.jar%23131!/:?]
	at com.google.gson.Gson.fromJson(Gson.java:1290) ~[gson-2.10.jar%23131!/:?]
	at com.google.gson.internal.bind.TreeTypeAdapter$GsonContextImpl.deserialize(TreeTypeAdapter.java:179) ~[gson-2.10.jar%23131!/:?]
	at net.minecraft.util.GsonHelper.convertToObject(GsonHelper.java:463) ~[forge-1.20.1-47.4.15_mapped_parchment_2023.09.03-1.20.1.jar%23191!/:?]
	at net.minecraft.util.GsonHelper.getAsObject(GsonHelper.java:471) ~[forge-1.20.1-47.4.15_mapped_parchment_2023.09.03-1.20.1.jar%23191!/:?]
	at net.minecraft.world.level.storage.loot.LootPool$Serializer.deserialize(LootPool.java:192) ~[forge-1.20.1-47.4.15_mapped_parchment_2023.09.03-1.20.1.jar%23191!/:?]
	at net.minecraft.world.level.storage.loot.LootPool$Serializer.deserialize(LootPool.java:189) ~[forge-1.20.1-47.4.15_mapped_parchment_2023.09.03-1.20.1.jar%23191!/:?]
	at com.google.gson.internal.bind.TreeTypeAdapter.read(TreeTypeAdapter.java:76) ~[gson-2.10.jar%23131!/:?]
	at com.google.gson.internal.bind.TypeAdapterRuntimeTypeWrapper.read(TypeAdapterRuntimeTypeWrapper.java:40) ~[gson-2.10.jar%23131!/:?]
	at com.google.gson.internal.bind.ArrayTypeAdapter.read(ArrayTypeAdapter.java:72) ~[gson-2.10.jar%23131!/:?]
	at com.google.gson.Gson.fromJson(Gson.java:1214) ~[gson-2.10.jar%23131!/:?]
	at com.google.gson.Gson.fromJson(Gson.java:1319) ~[gson-2.10.jar%23131!/:?]
	at com.google.gson.Gson.fromJson(Gson.java:1290) ~[gson-2.10.jar%23131!/:?]
	at com.google.gson.internal.bind.TreeTypeAdapter$GsonContextImpl.deserialize(TreeTypeAdapter.java:179) ~[gson-2.10.jar%23131!/:?]
	at net.minecraft.util.GsonHelper.convertToObject(GsonHelper.java:463) ~[forge-1.20.1-47.4.15_mapped_parchment_2023.09.03-1.20.1.jar%23191!/:?]
	at net.minecraft.util.GsonHelper.getAsObject(GsonHelper.java:481) ~[forge-1.20.1-47.4.15_mapped_parchment_2023.09.03-1.20.1.jar%23191!/:?]
	at net.minecraft.world.level.storage.loot.LootTable$Serializer.deserialize(LootTable.java:294) ~[forge-1.20.1-47.4.15_mapped_parchment_2023.09.03-1.20.1.jar%23191!/:?]
	at net.minecraft.world.level.storage.loot.LootTable$Serializer.deserialize(LootTable.java:291) ~[forge-1.20.1-47.4.15_mapped_parchment_2023.09.03-1.20.1.jar%23191!/:?]
	at com.google.gson.internal.bind.TreeTypeAdapter.read(TreeTypeAdapter.java:76) ~[gson-2.10.jar%23131!/:?]
	at com.google.gson.Gson.fromJson(Gson.java:1214) ~[gson-2.10.jar%23131!/:?]
	at com.google.gson.Gson.fromJson(Gson.java:1319) ~[gson-2.10.jar%23131!/:?]
	at com.google.gson.Gson.fromJson(Gson.java:1261) ~[gson-2.10.jar%23131!/:?]
	at net.minecraftforge.common.ForgeHooks.loadLootTable(ForgeHooks.java:872) ~[forge-1.20.1-47.4.15_mapped_parchment_2023.09.03-1.20.1.jar%23190%23197!/:?]
	at net.minecraftforge.common.ForgeHooks.lambda$getLootTableDeserializer$3(ForgeHooks.java:849) ~[forge-1.20.1-47.4.15_mapped_parchment_2023.09.03-1.20.1.jar%23190%23197!/:?]
	at net.minecraft.world.level.storage.loot.LootDataType.deserialize(LootDataType.java:45) ~[forge-1.20.1-47.4.15_mapped_parchment_2023.09.03-1.20.1.jar%23191!/:?]
	at net.minecraft.world.level.storage.loot.LootDataManager.lambda$scheduleElementParse$4(LootDataManager.java:56) ~[forge-1.20.1-47.4.15_mapped_parchment_2023.09.03-1.20.1.jar%23191!/:?]
	at java.util.HashMap.forEach(HashMap.java:1421) ~[?:?]
	at net.minecraft.world.level.storage.loot.LootDataManager.lambda$scheduleElementParse$5(LootDataManager.java:55) ~[forge-1.20.1-47.4.15_mapped_parchment_2023.09.03-1.20.1.jar%23191!/:?]
	at java.util.concurrent.CompletableFuture$AsyncRun.run(CompletableFuture.java:1804) ~[?:?]
	at java.util.concurrent.CompletableFuture$AsyncRun.exec(CompletableFuture.java:1796) ~[?:?]
	at java.util.concurrent.ForkJoinTask.doExec(ForkJoinTask.java:373) ~[?:?]
	at java.util.concurrent.ForkJoinPool$WorkQueue.topLevelExec(ForkJoinPool.java:1182) ~[?:?]
	at java.util.concurrent.ForkJoinPool.scan(ForkJoinPool.java:1655) ~[?:?]
	at java.util.concurrent.ForkJoinPool.runWorker(ForkJoinPool.java:1622) ~[?:?]
	at java.util.concurrent.ForkJoinWorkerThread.run(ForkJoinWorkerThread.java:165) ~[?:?]
[21Mar2026 17:50:11.573] [Render thread/INFO] [net.minecraft.world.item.crafting.RecipeManager/]: Skipping loading recipe hexcasting:compat/farmersdelight/cutting/akashic_wood as it's serializer returned null
[21Mar2026 17:50:11.574] [Render thread/INFO] [net.minecraft.world.item.crafting.RecipeManager/]: Skipping loading recipe hexcasting:compat/farmersdelight/cutting/edified_log as it's serializer returned null
[21Mar2026 17:50:11.576] [Render thread/INFO] [net.minecraft.world.item.crafting.RecipeManager/]: Skipping loading recipe hexcasting:compat/create/crushing/amethyst_shard as it's serializer returned null
[21Mar2026 17:50:11.580] [Render thread/INFO] [net.minecraft.world.item.crafting.RecipeManager/]: Skipping loading recipe hexcasting:compat/farmersdelight/cutting/edified_log_aventurine as it's serializer returned null
[21Mar2026 17:50:11.580] [Render thread/INFO] [net.minecraft.world.item.crafting.RecipeManager/]: Skipping loading recipe hexcasting:compat/farmersdelight/cutting/edified_log_amethyst as it's serializer returned null
[21Mar2026 17:50:11.583] [Render thread/INFO] [net.minecraft.world.item.crafting.RecipeManager/]: Skipping loading recipe create:crushing/amethyst_cluster as it's serializer returned null
[21Mar2026 17:50:11.583] [Render thread/INFO] [net.minecraft.world.item.crafting.RecipeManager/]: Skipping loading recipe hexcasting:compat/farmersdelight/cutting/akashic_door as it's serializer returned null
[21Mar2026 17:50:11.585] [Render thread/INFO] [net.minecraft.world.item.crafting.RecipeManager/]: Skipping loading recipe hexcasting:compat/farmersdelight/cutting/edified_log_citrine as it's serializer returned null
[21Mar2026 17:50:11.587] [Render thread/INFO] [net.minecraft.world.item.crafting.RecipeManager/]: Skipping loading recipe hexcasting:compat/farmersdelight/cutting/akashic_trapdoor as it's serializer returned null
[21Mar2026 17:50:11.587] [Render thread/INFO] [net.minecraft.world.item.crafting.RecipeManager/]: Skipping loading recipe create:crushing/amethyst_block as it's serializer returned null
[21Mar2026 17:50:11.588] [Render thread/INFO] [net.minecraft.world.item.crafting.RecipeManager/]: Skipping loading recipe hexcasting:compat/farmersdelight/cutting/edified_log_purple as it's serializer returned null
[21Mar2026 17:50:11.588] [Render thread/ERROR] [net.minecraft.world.item.crafting.RecipeManager/]: Parsing error loading recipe oneironaut:create_crushing/crush_pseudocluster
com.google.gson.JsonSyntaxException: Invalid or unsupported recipe type 'create:crushing'
	at net.minecraft.world.item.crafting.RecipeManager.lambda$fromJson$9(RecipeManager.java:170) ~[forge-1.20.1-47.4.15_mapped_parchment_2023.09.03-1.20.1.jar:?]
	at java.util.Optional.orElseThrow(Optional.java:403) ~[?:?]
	at net.minecraft.world.item.crafting.RecipeManager.fromJson(RecipeManager.java:169) ~[forge-1.20.1-47.4.15_mapped_parchment_2023.09.03-1.20.1.jar:?]
	at net.minecraft.world.item.crafting.RecipeManager.apply(RecipeManager.java:67) ~[forge-1.20.1-47.4.15_mapped_parchment_2023.09.03-1.20.1.jar:?]
	at net.minecraft.world.item.crafting.RecipeManager.apply(RecipeManager.java:34) ~[forge-1.20.1-47.4.15_mapped_parchment_2023.09.03-1.20.1.jar:?]
	at net.minecraft.server.packs.resources.SimplePreparableReloadListener.lambda$reload$1(SimplePreparableReloadListener.java:13) ~[forge-1.20.1-47.4.15_mapped_parchment_2023.09.03-1.20.1.jar:?]
	at java.util.concurrent.CompletableFuture$UniAccept.tryFire(CompletableFuture.java:718) ~[?:?]
	at java.util.concurrent.CompletableFuture$Completion.run(CompletableFuture.java:482) ~[?:?]
	at net.minecraft.server.packs.resources.SimpleReloadInstance.lambda$new$3(SimpleReloadInstance.java:69) ~[forge-1.20.1-47.4.15_mapped_parchment_2023.09.03-1.20.1.jar:?]
	at net.minecraft.util.thread.BlockableEventLoop.doRunTask(BlockableEventLoop.java:156) ~[forge-1.20.1-47.4.15_mapped_parchment_2023.09.03-1.20.1.jar:?]
	at net.minecraft.util.thread.ReentrantBlockableEventLoop.doRunTask(ReentrantBlockableEventLoop.java:23) ~[forge-1.20.1-47.4.15_mapped_parchment_2023.09.03-1.20.1.jar:?]
	at net.minecraft.util.thread.BlockableEventLoop.pollTask(BlockableEventLoop.java:130) ~[forge-1.20.1-47.4.15_mapped_parchment_2023.09.03-1.20.1.jar:?]
	at net.minecraft.util.thread.BlockableEventLoop.managedBlock(BlockableEventLoop.java:139) ~[forge-1.20.1-47.4.15_mapped_parchment_2023.09.03-1.20.1.jar:?]
	at net.minecraft.client.gui.screens.worldselection.WorldOpenFlows.loadWorldDataBlocking(WorldOpenFlows.java:163) ~[forge-1.20.1-47.4.15_mapped_parchment_2023.09.03-1.20.1.jar:?]
	at net.minecraft.client.gui.screens.worldselection.WorldOpenFlows.loadWorldStem(WorldOpenFlows.java:113) ~[forge-1.20.1-47.4.15_mapped_parchment_2023.09.03-1.20.1.jar:?]
	at net.minecraft.client.gui.screens.worldselection.WorldOpenFlows.doLoadLevel(WorldOpenFlows.java:181) ~[forge-1.20.1-47.4.15_mapped_parchment_2023.09.03-1.20.1.jar:?]
	at net.minecraft.client.gui.screens.worldselection.WorldOpenFlows.lambda$doLoadLevel$12(WorldOpenFlows.java:232) ~[forge-1.20.1-47.4.15_mapped_parchment_2023.09.03-1.20.1.jar:?]
	at net.minecraftforge.client.ForgeHooksClient.lambda$createWorldConfirmationScreen$19(ForgeHooksClient.java:1172) ~[forge-1.20.1-47.4.15_mapped_parchment_2023.09.03-1.20.1.jar:?]
	at net.minecraft.client.gui.screens.ConfirmScreen.lambda$addButtons$0(ConfirmScreen.java:55) ~[forge-1.20.1-47.4.15_mapped_parchment_2023.09.03-1.20.1.jar:?]
	at net.minecraft.client.gui.components.Button.onPress(Button.java:38) ~[forge-1.20.1-47.4.15_mapped_parchment_2023.09.03-1.20.1.jar:?]
	at net.minecraft.client.gui.components.AbstractButton.onClick(AbstractButton.java:55) ~[forge-1.20.1-47.4.15_mapped_parchment_2023.09.03-1.20.1.jar:?]
	at net.minecraft.client.gui.components.AbstractWidget.mouseClicked(AbstractWidget.java:175) ~[forge-1.20.1-47.4.15_mapped_parchment_2023.09.03-1.20.1.jar:?]
	at net.minecraft.client.gui.components.events.ContainerEventHandler.mouseClicked(ContainerEventHandler.java:38) ~[forge-1.20.1-47.4.15_mapped_parchment_2023.09.03-1.20.1.jar:?]
	at net.minecraft.client.MouseHandler.lambda$onPress$0(MouseHandler.java:92) ~[forge-1.20.1-47.4.15_mapped_parchment_2023.09.03-1.20.1.jar:?]
	at net.minecraft.client.gui.screens.Screen.wrapScreenError(Screen.java:437) ~[forge-1.20.1-47.4.15_mapped_parchment_2023.09.03-1.20.1.jar:?]
	at net.minecraft.client.MouseHandler.onPress(MouseHandler.java:89) ~[forge-1.20.1-47.4.15_mapped_parchment_2023.09.03-1.20.1.jar:?]
	at net.minecraft.client.MouseHandler.lambda$setup$4(MouseHandler.java:189) ~[forge-1.20.1-47.4.15_mapped_parchment_2023.09.03-1.20.1.jar:?]
	at net.minecraft.util.thread.BlockableEventLoop.execute(BlockableEventLoop.java:102) ~[forge-1.20.1-47.4.15_mapped_parchment_2023.09.03-1.20.1.jar:?]
	at net.minecraft.client.MouseHandler.lambda$setup$5(MouseHandler.java:188) ~[forge-1.20.1-47.4.15_mapped_parchment_2023.09.03-1.20.1.jar:?]
	at org.lwjgl.glfw.GLFWMouseButtonCallbackI.callback(GLFWMouseButtonCallbackI.java:43) ~[lwjgl-glfw-3.3.1.jar:build 7]
	at org.lwjgl.system.JNI.invokeV(Native Method) ~[lwjgl-3.3.1.jar:build 7]
	at org.lwjgl.glfw.GLFW.glfwWaitEventsTimeout(GLFW.java:3474) ~[lwjgl-glfw-3.3.1.jar:build 7]
	at com.mojang.blaze3d.systems.RenderSystem.limitDisplayFPS(RenderSystem.java:237) ~[forge-1.20.1-47.4.15_mapped_parchment_2023.09.03-1.20.1.jar:?]
	at net.minecraft.client.Minecraft.runTick(Minecraft.java:1173) ~[forge-1.20.1-47.4.15_mapped_parchment_2023.09.03-1.20.1.jar:?]
	at net.minecraft.client.Minecraft.run(Minecraft.java:718) ~[forge-1.20.1-47.4.15_mapped_parchment_2023.09.03-1.20.1.jar:?]
	at net.minecraft.client.main.Main.main(Main.java:218) ~[forge-1.20.1-47.4.15_mapped_parchment_2023.09.03-1.20.1.jar:?]
	at jdk.internal.reflect.NativeMethodAccessorImpl.invoke0(Native Method) ~[?:?]
	at jdk.internal.reflect.NativeMethodAccessorImpl.invoke(NativeMethodAccessorImpl.java:77) ~[?:?]
	at jdk.internal.reflect.DelegatingMethodAccessorImpl.invoke(DelegatingMethodAccessorImpl.java:43) ~[?:?]
	at java.lang.reflect.Method.invoke(Method.java:569) ~[?:?]
	at net.minecraftforge.fml.loading.targets.CommonLaunchHandler.runTarget(CommonLaunchHandler.java:111) ~[fmlloader-1.20.1-47.4.15.jar:?]
	at net.minecraftforge.fml.loading.targets.CommonLaunchHandler.clientService(CommonLaunchHandler.java:99) ~[fmlloader-1.20.1-47.4.15.jar:?]
	at net.minecraftforge.fml.loading.targets.ForgeClientUserdevLaunchHandler.devService(ForgeClientUserdevLaunchHandler.java:19) ~[fmlloader-1.20.1-47.4.15.jar:?]
	at net.minecraftforge.fml.loading.targets.CommonDevLaunchHandler.lambda$makeService$7(CommonDevLaunchHandler.java:135) ~[fmlloader-1.20.1-47.4.15.jar:?]
	at cpw.mods.modlauncher.LaunchServiceHandlerDecorator.launch(LaunchServiceHandlerDecorator.java:30) ~[modlauncher-10.0.9.jar:?]
	at cpw.mods.modlauncher.LaunchServiceHandler.launch(LaunchServiceHandler.java:53) ~[modlauncher-10.0.9.jar:?]
	at cpw.mods.modlauncher.LaunchServiceHandler.launch(LaunchServiceHandler.java:71) ~[modlauncher-10.0.9.jar:?]
	at cpw.mods.modlauncher.Launcher.run(Launcher.java:108) ~[modlauncher-10.0.9.jar:?]
	at cpw.mods.modlauncher.Launcher.main(Launcher.java:78) ~[modlauncher-10.0.9.jar:?]
	at cpw.mods.modlauncher.BootstrapLaunchConsumer.accept(BootstrapLaunchConsumer.java:26) ~[modlauncher-10.0.9.jar:?]
	at cpw.mods.modlauncher.BootstrapLaunchConsumer.accept(BootstrapLaunchConsumer.java:23) ~[modlauncher-10.0.9.jar:?]
	at cpw.mods.bootstraplauncher.BootstrapLauncher.main(BootstrapLauncher.java:141) ~[bootstraplauncher-1.1.2.jar:?]
[21Mar2026 17:50:11.608] [Render thread/INFO] [net.minecraft.world.item.crafting.RecipeManager/]: Loaded 10 recipes
[21Mar2026 17:50:11.701] [Render thread/INFO] [net.minecraft.advancements.AdvancementList/]: Loaded 1440 advancements
[21Mar2026 17:50:12.262] [Render thread/DEBUG] [net.minecraftforge.common.ForgeHooks/WP]: Gathering id map for writing to world save New World
[21Mar2026 17:50:12.277] [Render thread/DEBUG] [net.minecraftforge.common.ForgeHooks/WP]: ID Map collection complete New World
[21Mar2026 17:50:12.349] [Server thread/INFO] [net.minecraft.client.server.IntegratedServer/]: Starting integrated minecraft server version 1.20.1
[21Mar2026 17:50:12.349] [Server thread/INFO] [net.minecraft.server.MinecraftServer/]: Generating keypair
[21Mar2026 17:50:12.401] [Server thread/DEBUG] [net.minecraftforge.fml.config.ConfigTracker/CONFIG]: Loading configs type SERVER
[21Mar2026 17:50:12.403] [Server thread/DEBUG] [net.minecraftforge.fml.config.ConfigFileTypeHandler/CONFIG]: Built TOML config for .\saves\New World\serverconfig\forge-server.toml
[21Mar2026 17:50:12.405] [Server thread/DEBUG] [net.minecraftforge.fml.config.ConfigFileTypeHandler/CONFIG]: Loaded TOML config file .\saves\New World\serverconfig\forge-server.toml
[21Mar2026 17:50:12.406] [Server thread/DEBUG] [net.minecraftforge.fml.config.ConfigFileTypeHandler/CONFIG]: Watching TOML config file .\saves\New World\serverconfig\forge-server.toml for changes
[21Mar2026 17:50:12.407] [Server thread/DEBUG] [net.minecraftforge.common.ForgeConfig/FORGEMOD]: Loaded forge config file forge-server.toml
[21Mar2026 17:50:12.408] [Server thread/DEBUG] [net.minecraftforge.fml.config.ConfigFileTypeHandler/CONFIG]: Built TOML config for .\saves\New World\serverconfig\moreiotas-server.toml
[21Mar2026 17:50:12.409] [Server thread/DEBUG] [net.minecraftforge.fml.config.ConfigFileTypeHandler/CONFIG]: Loaded TOML config file .\saves\New World\serverconfig\moreiotas-server.toml
[21Mar2026 17:50:12.409] [Server thread/DEBUG] [net.minecraftforge.fml.config.ConfigFileTypeHandler/CONFIG]: Watching TOML config file .\saves\New World\serverconfig\moreiotas-server.toml for changes
[21Mar2026 17:50:12.410] [Server thread/DEBUG] [net.minecraftforge.fml.config.ConfigFileTypeHandler/CONFIG]: Built TOML config for .\saves\New World\serverconfig\hexcasting-server.toml
[21Mar2026 17:50:12.410] [Server thread/DEBUG] [net.minecraftforge.fml.config.ConfigFileTypeHandler/CONFIG]: Loaded TOML config file .\saves\New World\serverconfig\hexcasting-server.toml
[21Mar2026 17:50:12.411] [Server thread/DEBUG] [net.minecraftforge.fml.config.ConfigFileTypeHandler/CONFIG]: Watching TOML config file .\saves\New World\serverconfig\hexcasting-server.toml for changes
[21Mar2026 17:50:12.412] [Server thread/DEBUG] [net.minecraftforge.fml.config.ConfigFileTypeHandler/CONFIG]: Built TOML config for .\saves\New World\serverconfig\hexal-server.toml
[21Mar2026 17:50:12.413] [Server thread/DEBUG] [net.minecraftforge.fml.config.ConfigFileTypeHandler/CONFIG]: Loaded TOML config file .\saves\New World\serverconfig\hexal-server.toml
[21Mar2026 17:50:12.413] [Server thread/DEBUG] [net.minecraftforge.fml.config.ConfigFileTypeHandler/CONFIG]: Watching TOML config file .\saves\New World\serverconfig\hexal-server.toml for changes
[21Mar2026 17:50:12.414] [Server thread/DEBUG] [net.minecraftforge.fml.config.ConfigFileTypeHandler/CONFIG]: Built TOML config for .\saves\New World\serverconfig\oneironaut-server.toml
[21Mar2026 17:50:12.414] [Server thread/DEBUG] [net.minecraftforge.fml.config.ConfigFileTypeHandler/CONFIG]: Loaded TOML config file .\saves\New World\serverconfig\oneironaut-server.toml
[21Mar2026 17:50:12.414] [Server thread/DEBUG] [net.minecraftforge.fml.config.ConfigFileTypeHandler/CONFIG]: Watching TOML config file .\saves\New World\serverconfig\oneironaut-server.toml for changes
[21Mar2026 17:50:12.454] [Server thread/DEBUG] [net.minecraftforge.coremod.transformer.CoreModBaseTransformer/COREMOD]: Transforming net/minecraft/world/level/levelgen/PhantomSpawner
[21Mar2026 17:50:12.460] [Server thread/DEBUG] [net.minecraftforge.coremod.transformer.CoreModBaseTransformer/COREMOD]: Transforming net/minecraft/world/level/levelgen/PatrolSpawner
[21Mar2026 17:50:12.464] [Server thread/DEBUG] [net.minecraftforge.coremod.transformer.CoreModBaseTransformer/COREMOD]: Transforming net/minecraft/world/entity/npc/CatSpawner
[21Mar2026 17:50:12.468] [Server thread/DEBUG] [net.minecraftforge.coremod.transformer.CoreModBaseTransformer/COREMOD]: Transforming net/minecraft/world/entity/ai/village/VillageSiege
[21Mar2026 17:50:13.054] [Server thread/INFO] [net.minecraft.server.MinecraftServer/]: Preparing start region for dimension minecraft:overworld
[21Mar2026 17:50:14.348] [Server thread/DEBUG] [net.minecraftforge.coremod.transformer.CoreModBaseTransformer/COREMOD]: Transforming net/minecraft/world/level/levelgen/structure/templatesystem/StructureTemplate
[21Mar2026 17:50:14.521] [Render thread/INFO] [net.minecraft.server.level.progress.LoggerChunkProgressListener/]: Preparing spawn area: 0%
[21Mar2026 17:50:14.540] [Render thread/INFO] [net.minecraft.server.level.progress.LoggerChunkProgressListener/]: Preparing spawn area: 0%
[21Mar2026 17:50:14.540] [Render thread/INFO] [net.minecraft.server.level.progress.LoggerChunkProgressListener/]: Preparing spawn area: 0%
[21Mar2026 17:50:14.577] [Render thread/INFO] [net.minecraft.server.level.progress.LoggerChunkProgressListener/]: Preparing spawn area: 0%
[21Mar2026 17:50:15.084] [Render thread/INFO] [net.minecraft.server.level.progress.LoggerChunkProgressListener/]: Preparing spawn area: 0%
[21Mar2026 17:50:15.574] [Render thread/INFO] [net.minecraft.server.level.progress.LoggerChunkProgressListener/]: Preparing spawn area: 4%
[21Mar2026 17:50:15.918] [Render thread/INFO] [net.minecraft.server.level.progress.LoggerChunkProgressListener/]: Time elapsed: 2852 ms
[21Mar2026 17:50:15.923] [Server thread/INFO] [net.minecraftforge.server.permission.PermissionAPI/]: Successfully initialized permission handler forge:default_handler
[21Mar2026 17:50:15.934] [Server thread/INFO] [org.arcticquests.dev.oneironaut.oneironautt.Oneironaut/]: Cleaning expired idea entries, current time is 960
[21Mar2026 17:50:15.944] [Server thread/INFO] [org.arcticquests.dev.oneironaut.oneironautt.Oneironaut/]: Reconstructed protection map with 0 entries
[21Mar2026 17:50:15.944] [Server thread/INFO] [org.arcticquests.dev.oneironaut.oneironautt.Oneironaut/]: Disintegration manager found and removed 0 dead entries
[21Mar2026 17:50:15.946] [Server thread/INFO] [org.arcticquests.dev.oneironaut.oneironautt.Oneironaut/]: Removed 0 invalid concept modifiers.
[21Mar2026 17:50:15.968] [Server thread/INFO] [hexcasting/]: We're on the server! Loaded 318 regular actions, 18 per-world actions, and 2 special handlers
[21Mar2026 17:50:15.969] [Server thread/INFO] [patchouli/]: Sending reload packet to clients
[21Mar2026 17:50:16.003] [Server thread/DEBUG] [io.netty.buffer.AbstractByteBuf/]: -Dio.netty.buffer.checkAccessible: true
[21Mar2026 17:50:16.003] [Server thread/DEBUG] [io.netty.buffer.AbstractByteBuf/]: -Dio.netty.buffer.checkBounds: true
[21Mar2026 17:50:16.005] [Server thread/DEBUG] [io.netty.util.ResourceLeakDetectorFactory/]: Loaded default ResourceLeakDetector: io.netty.util.ResourceLeakDetector@1e3c050f
[21Mar2026 17:50:16.211] [Server thread/DEBUG] [net.minecraftforge.coremod.transformer.CoreModBaseTransformer/COREMOD]: Transforming net/minecraft/world/level/NaturalSpawner
[21Mar2026 17:50:16.242] [Server thread/INFO] [net.minecraft.client.server.IntegratedServer/]: Changing view distance to 12, from 10
[21Mar2026 17:50:16.243] [Server thread/INFO] [net.minecraft.client.server.IntegratedServer/]: Changing simulation distance to 12, from 0
[21Mar2026 17:50:16.271] [Render thread/DEBUG] [io.netty.channel.MultithreadEventLoopGroup/]: -Dio.netty.eventLoopThreads: 40
[21Mar2026 17:50:16.290] [Render thread/DEBUG] [io.netty.util.internal.InternalThreadLocalMap/]: -Dio.netty.threadLocalMap.stringBuilder.initialSize: 1024
[21Mar2026 17:50:16.291] [Render thread/DEBUG] [io.netty.util.internal.InternalThreadLocalMap/]: -Dio.netty.threadLocalMap.stringBuilder.maxSize: 4096
[21Mar2026 17:50:16.294] [Render thread/DEBUG] [io.netty.channel.nio.NioEventLoop/]: -Dio.netty.noKeySetOptimization: false
[21Mar2026 17:50:16.295] [Render thread/DEBUG] [io.netty.channel.nio.NioEventLoop/]: -Dio.netty.selectorAutoRebuildThreshold: 512
[21Mar2026 17:50:16.300] [Render thread/DEBUG] [io.netty.util.internal.PlatformDependent/]: org.jctools-core.MpscChunkedArrayQueue: available
[21Mar2026 17:50:16.343] [Render thread/DEBUG] [io.netty.channel.DefaultChannelId/]: -Dio.netty.processId: 15252 (auto-detected)
[21Mar2026 17:50:16.346] [Render thread/WARN] [io.netty.util.internal.SystemPropertyUtil/]: Unable to parse the boolean system property 'java.net.preferIPv6Addresses':system - using the default value: false
[21Mar2026 17:50:16.346] [Render thread/DEBUG] [io.netty.util.NetUtil/]: -Djava.net.preferIPv4Stack: false
[21Mar2026 17:50:16.347] [Render thread/DEBUG] [io.netty.util.NetUtil/]: -Djava.net.preferIPv6Addresses: false
[21Mar2026 17:50:16.361] [Render thread/DEBUG] [io.netty.util.NetUtilInitializations/]: Loopback interface: lo (Software Loopback Interface 1, 127.0.0.1)
[21Mar2026 17:50:16.364] [Render thread/DEBUG] [io.netty.util.NetUtil/]: Failed to get SOMAXCONN from sysctl and file \proc\sys\net\core\somaxconn. Default: 200
[21Mar2026 17:50:16.380] [Render thread/DEBUG] [io.netty.channel.DefaultChannelId/]: -Dio.netty.machineId: 24:b2:b9:ff:fe:bb:42:a7 (auto-detected)
[21Mar2026 17:50:16.437] [Render thread/DEBUG] [io.netty.buffer.PooledByteBufAllocator/]: -Dio.netty.allocator.numHeapArenas: 40
[21Mar2026 17:50:16.438] [Render thread/DEBUG] [io.netty.buffer.PooledByteBufAllocator/]: -Dio.netty.allocator.numDirectArenas: 40
[21Mar2026 17:50:16.438] [Render thread/DEBUG] [io.netty.buffer.PooledByteBufAllocator/]: -Dio.netty.allocator.pageSize: 8192
[21Mar2026 17:50:16.438] [Render thread/DEBUG] [io.netty.buffer.PooledByteBufAllocator/]: -Dio.netty.allocator.maxOrder: 9
[21Mar2026 17:50:16.438] [Render thread/DEBUG] [io.netty.buffer.PooledByteBufAllocator/]: -Dio.netty.allocator.chunkSize: 4194304
[21Mar2026 17:50:16.438] [Render thread/DEBUG] [io.netty.buffer.PooledByteBufAllocator/]: -Dio.netty.allocator.smallCacheSize: 256
[21Mar2026 17:50:16.438] [Render thread/DEBUG] [io.netty.buffer.PooledByteBufAllocator/]: -Dio.netty.allocator.normalCacheSize: 64
[21Mar2026 17:50:16.438] [Render thread/DEBUG] [io.netty.buffer.PooledByteBufAllocator/]: -Dio.netty.allocator.maxCachedBufferCapacity: 32768
[21Mar2026 17:50:16.438] [Render thread/DEBUG] [io.netty.buffer.PooledByteBufAllocator/]: -Dio.netty.allocator.cacheTrimInterval: 8192
[21Mar2026 17:50:16.438] [Render thread/DEBUG] [io.netty.buffer.PooledByteBufAllocator/]: -Dio.netty.allocator.cacheTrimIntervalMillis: 0
[21Mar2026 17:50:16.438] [Render thread/DEBUG] [io.netty.buffer.PooledByteBufAllocator/]: -Dio.netty.allocator.useCacheForAllThreads: false
[21Mar2026 17:50:16.438] [Render thread/DEBUG] [io.netty.buffer.PooledByteBufAllocator/]: -Dio.netty.allocator.maxCachedByteBuffersPerChunk: 1023
[21Mar2026 17:50:16.447] [Render thread/DEBUG] [io.netty.buffer.ByteBufUtil/]: -Dio.netty.allocator.type: pooled
[21Mar2026 17:50:16.447] [Render thread/DEBUG] [io.netty.buffer.ByteBufUtil/]: -Dio.netty.threadLocalDirectBufferSize: 0
[21Mar2026 17:50:16.448] [Render thread/DEBUG] [io.netty.buffer.ByteBufUtil/]: -Dio.netty.maxThreadLocalCharBufferSize: 16384
[21Mar2026 17:50:16.486] [Netty Local Client IO #0/DEBUG] [net.minecraftforge.network.HandshakeHandler/FMLHANDSHAKE]: Starting local connection.
[21Mar2026 17:50:16.611] [Netty Local Client IO #0/DEBUG] [io.netty.util.Recycler/]: -Dio.netty.recycler.maxCapacityPerThread: 4096
[21Mar2026 17:50:16.611] [Netty Local Client IO #0/DEBUG] [io.netty.util.Recycler/]: -Dio.netty.recycler.ratio: 8
[21Mar2026 17:50:16.611] [Netty Local Client IO #0/DEBUG] [io.netty.util.Recycler/]: -Dio.netty.recycler.chunkSize: 32
[21Mar2026 17:50:16.611] [Netty Local Client IO #0/DEBUG] [io.netty.util.Recycler/]: -Dio.netty.recycler.blocking: false
[21Mar2026 17:50:16.627] [Netty Server IO #1/DEBUG] [net.minecraftforge.network.HandshakeHandler/FMLHANDSHAKE]: Starting local connection.
[21Mar2026 17:50:16.669] [Server thread/DEBUG] [net.minecraftforge.network.HandshakeHandler/FMLHANDSHAKE]: Sending ticking packet info 'net.minecraftforge.network.HandshakeMessages$S2CModData' to 'fml:handshake' sequence 0
[21Mar2026 17:50:16.681] [Netty Local Client IO #0/DEBUG] [net.minecraftforge.network.LoginWrapper/FMLHANDSHAKE]: Recieved login wrapper packet event for channel fml:handshake with index 0
[21Mar2026 17:50:16.718] [Server thread/DEBUG] [net.minecraftforge.network.HandshakeHandler/FMLHANDSHAKE]: Sending ticking packet info 'net.minecraftforge.network.HandshakeMessages$S2CModList' to 'fml:handshake' sequence 1
[21Mar2026 17:50:16.718] [Netty Local Client IO #0/DEBUG] [net.minecraftforge.network.LoginWrapper/FMLHANDSHAKE]: Recieved login wrapper packet event for channel fml:handshake with index 1
[21Mar2026 17:50:16.719] [Netty Local Client IO #0/DEBUG] [net.minecraftforge.network.HandshakeHandler/FMLHANDSHAKE]: Logging into server with mod list [minecraft, paucal, geckolib, moreiotas, oneironaut, hexal, inline, hexcasting, cloth_config, caelus, kotlinforforge, forge, patchouli]
[21Mar2026 17:50:16.720] [Netty Local Client IO #0/DEBUG] [net.minecraftforge.network.NetworkRegistry/NETREGISTRY]: Channel 'fml:loginwrapper' : Version test of 'FML3' from server : ACCEPTED
[21Mar2026 17:50:16.720] [Netty Local Client IO #0/DEBUG] [net.minecraftforge.network.NetworkRegistry/NETREGISTRY]: Channel 'hexal:main' : Version test of '1' from server : ACCEPTED
[21Mar2026 17:50:16.720] [Netty Local Client IO #0/DEBUG] [net.minecraftforge.network.NetworkRegistry/NETREGISTRY]: Channel 'forge:tier_sorting' : Version test of '1.0' from server : ACCEPTED
[21Mar2026 17:50:16.720] [Netty Local Client IO #0/DEBUG] [net.minecraftforge.network.NetworkRegistry/NETREGISTRY]: Channel 'minecraft:unregister' : Version test of 'FML3' from server : ACCEPTED
[21Mar2026 17:50:16.720] [Netty Local Client IO #0/DEBUG] [net.minecraftforge.network.NetworkRegistry/NETREGISTRY]: Channel 'fml:play' : Version test of 'FML3' from server : ACCEPTED
[21Mar2026 17:50:16.720] [Netty Local Client IO #0/DEBUG] [net.minecraftforge.network.NetworkRegistry/NETREGISTRY]: Channel 'patchouli:main' : Version test of '1' from server : ACCEPTED
[21Mar2026 17:50:16.720] [Netty Local Client IO #0/DEBUG] [net.minecraftforge.network.NetworkRegistry/NETREGISTRY]: Channel 'moreiotas:main' : Version test of '1' from server : ACCEPTED
[21Mar2026 17:50:16.720] [Netty Local Client IO #0/DEBUG] [net.minecraftforge.network.NetworkRegistry/NETREGISTRY]: Channel 'caelus:main' : Version test of '1' from server : ACCEPTED
[21Mar2026 17:50:16.720] [Netty Local Client IO #0/DEBUG] [net.minecraftforge.network.NetworkRegistry/NETREGISTRY]: Channel 'fml:handshake' : Version test of 'FML3' from server : ACCEPTED
[21Mar2026 17:50:16.720] [Netty Local Client IO #0/DEBUG] [net.minecraftforge.network.NetworkRegistry/NETREGISTRY]: Channel 'oneironaut:main' : Version test of '1' from server : ACCEPTED
[21Mar2026 17:50:16.720] [Netty Local Client IO #0/DEBUG] [net.minecraftforge.network.NetworkRegistry/NETREGISTRY]: Channel 'hexcasting:main' : Version test of '1' from server : ACCEPTED
[21Mar2026 17:50:16.720] [Netty Local Client IO #0/DEBUG] [net.minecraftforge.network.NetworkRegistry/NETREGISTRY]: Channel 'minecraft:register' : Version test of 'FML3' from server : ACCEPTED
[21Mar2026 17:50:16.720] [Netty Local Client IO #0/DEBUG] [net.minecraftforge.network.NetworkRegistry/NETREGISTRY]: Channel 'forge:split' : Version test of '1.1' from server : ACCEPTED
[21Mar2026 17:50:16.720] [Netty Local Client IO #0/DEBUG] [net.minecraftforge.network.NetworkRegistry/NETREGISTRY]: Channel 'geckolib:main' : Version test of '1' from server : ACCEPTED
[21Mar2026 17:50:16.720] [Netty Local Client IO #0/DEBUG] [net.minecraftforge.network.NetworkRegistry/NETREGISTRY]: Channel 'paucal:main' : Version test of '1' from server : ACCEPTED
[21Mar2026 17:50:16.720] [Netty Local Client IO #0/DEBUG] [net.minecraftforge.network.NetworkRegistry/NETREGISTRY]: Accepting channel list from server
[21Mar2026 17:50:16.722] [Netty Local Client IO #0/DEBUG] [net.minecraftforge.network.LoginWrapper/FMLHANDSHAKE]: Dispatching wrapped packet reply for channel fml:handshake with index 1
[21Mar2026 17:50:16.722] [Netty Local Client IO #0/DEBUG] [net.minecraftforge.network.HandshakeHandler/FMLHANDSHAKE]: Accepted server connection
[21Mar2026 17:50:16.723] [Netty Server IO #1/DEBUG] [net.minecraftforge.network.LoginWrapper/FMLHANDSHAKE]: Recieved login wrapper packet event for channel fml:handshake with index 1
[21Mar2026 17:50:16.723] [Netty Server IO #1/DEBUG] [net.minecraftforge.network.HandshakeHandler/FMLHANDSHAKE]: Received client indexed reply 1 of type net.minecraftforge.network.HandshakeMessages$C2SModListReply
[21Mar2026 17:50:16.724] [Netty Server IO #1/DEBUG] [net.minecraftforge.network.HandshakeHandler/FMLHANDSHAKE]: Received client connection with modlist [minecraft, paucal, geckolib, moreiotas, oneironaut, hexal, inline, hexcasting, cloth_config, caelus, kotlinforforge, forge, patchouli]
[21Mar2026 17:50:16.724] [Netty Local Client IO #0/DEBUG] [net.minecraftforge.network.HandshakeHandler/REGISTRIES]: Expecting 19 registries: [minecraft:command_argument_type, minecraft:recipe_serializer, minecraft:sound_event, minecraft:particle_type, minecraft:villager_profession, minecraft:item, minecraft:potion, minecraft:painting_variant, forge:fluid_type, minecraft:block_entity_type, forge:display_contexts, minecraft:block, forge:entity_data_serializers, minecraft:mob_effect, minecraft:stat_type, minecraft:menu, minecraft:enchantment, minecraft:fluid, minecraft:entity_type]
[21Mar2026 17:50:16.724] [Netty Server IO #1/DEBUG] [net.minecraftforge.network.NetworkRegistry/NETREGISTRY]: Channel 'fml:loginwrapper' : Version test of 'FML3' from client : ACCEPTED
[21Mar2026 17:50:16.724] [Netty Server IO #1/DEBUG] [net.minecraftforge.network.NetworkRegistry/NETREGISTRY]: Channel 'hexal:main' : Version test of '1' from client : ACCEPTED
[21Mar2026 17:50:16.724] [Netty Server IO #1/DEBUG] [net.minecraftforge.network.NetworkRegistry/NETREGISTRY]: Channel 'forge:tier_sorting' : Version test of '1.0' from client : ACCEPTED
[21Mar2026 17:50:16.724] [Netty Server IO #1/DEBUG] [net.minecraftforge.network.NetworkRegistry/NETREGISTRY]: Channel 'minecraft:unregister' : Version test of 'FML3' from client : ACCEPTED
[21Mar2026 17:50:16.724] [Netty Server IO #1/DEBUG] [net.minecraftforge.network.NetworkRegistry/NETREGISTRY]: Channel 'fml:play' : Version test of 'FML3' from client : ACCEPTED
[21Mar2026 17:50:16.724] [Netty Server IO #1/DEBUG] [net.minecraftforge.network.NetworkRegistry/NETREGISTRY]: Channel 'patchouli:main' : Version test of '1' from client : ACCEPTED
[21Mar2026 17:50:16.724] [Netty Server IO #1/DEBUG] [net.minecraftforge.network.NetworkRegistry/NETREGISTRY]: Channel 'moreiotas:main' : Version test of '1' from client : ACCEPTED
[21Mar2026 17:50:16.724] [Netty Server IO #1/DEBUG] [net.minecraftforge.network.NetworkRegistry/NETREGISTRY]: Channel 'caelus:main' : Version test of '1' from client : ACCEPTED
[21Mar2026 17:50:16.724] [Netty Server IO #1/DEBUG] [net.minecraftforge.network.NetworkRegistry/NETREGISTRY]: Channel 'fml:handshake' : Version test of 'FML3' from client : ACCEPTED
[21Mar2026 17:50:16.724] [Netty Server IO #1/DEBUG] [net.minecraftforge.network.NetworkRegistry/NETREGISTRY]: Channel 'oneironaut:main' : Version test of '1' from client : ACCEPTED
[21Mar2026 17:50:16.724] [Netty Server IO #1/DEBUG] [net.minecraftforge.network.NetworkRegistry/NETREGISTRY]: Channel 'hexcasting:main' : Version test of '1' from client : ACCEPTED
[21Mar2026 17:50:16.724] [Netty Server IO #1/DEBUG] [net.minecraftforge.network.NetworkRegistry/NETREGISTRY]: Channel 'minecraft:register' : Version test of 'FML3' from client : ACCEPTED
[21Mar2026 17:50:16.724] [Netty Server IO #1/DEBUG] [net.minecraftforge.network.NetworkRegistry/NETREGISTRY]: Channel 'forge:split' : Version test of '1.1' from client : ACCEPTED
[21Mar2026 17:50:16.724] [Netty Server IO #1/DEBUG] [net.minecraftforge.network.NetworkRegistry/NETREGISTRY]: Channel 'geckolib:main' : Version test of '1' from client : ACCEPTED
[21Mar2026 17:50:16.724] [Netty Server IO #1/DEBUG] [net.minecraftforge.network.NetworkRegistry/NETREGISTRY]: Channel 'paucal:main' : Version test of '1' from client : ACCEPTED
[21Mar2026 17:50:16.724] [Netty Server IO #1/DEBUG] [net.minecraftforge.network.NetworkRegistry/NETREGISTRY]: Accepting channel list from client
[21Mar2026 17:50:16.725] [Netty Server IO #1/DEBUG] [net.minecraftforge.network.HandshakeHandler/FMLHANDSHAKE]: Accepted client connection mod list
[21Mar2026 17:50:16.772] [Server thread/DEBUG] [net.minecraftforge.network.HandshakeHandler/FMLHANDSHAKE]: Sending ticking packet info 'Config moreiotas-server.toml' to 'fml:handshake' sequence 2
[21Mar2026 17:50:16.773] [Netty Local Client IO #0/DEBUG] [net.minecraftforge.network.LoginWrapper/FMLHANDSHAKE]: Recieved login wrapper packet event for channel fml:handshake with index 2
[21Mar2026 17:50:16.773] [Netty Local Client IO #0/DEBUG] [net.minecraftforge.network.HandshakeHandler/FMLHANDSHAKE]: Received config sync from server
[21Mar2026 17:50:16.773] [Netty Local Client IO #0/DEBUG] [net.minecraftforge.network.LoginWrapper/FMLHANDSHAKE]: Dispatching wrapped packet reply for channel fml:handshake with index 2
[21Mar2026 17:50:16.773] [Netty Server IO #1/DEBUG] [net.minecraftforge.network.LoginWrapper/FMLHANDSHAKE]: Recieved login wrapper packet event for channel fml:handshake with index 2
[21Mar2026 17:50:16.773] [Netty Server IO #1/DEBUG] [net.minecraftforge.network.HandshakeHandler/FMLHANDSHAKE]: Received client indexed reply 2 of type net.minecraftforge.network.HandshakeMessages$C2SAcknowledge
[21Mar2026 17:50:16.773] [Netty Server IO #1/DEBUG] [net.minecraftforge.network.HandshakeHandler/FMLHANDSHAKE]: Received acknowledgement from client
[21Mar2026 17:50:16.814] [Server thread/DEBUG] [net.minecraftforge.network.HandshakeHandler/FMLHANDSHAKE]: Sending ticking packet info 'Config oneironaut-server.toml' to 'fml:handshake' sequence 3
[21Mar2026 17:50:16.814] [Netty Local Client IO #0/DEBUG] [net.minecraftforge.network.LoginWrapper/FMLHANDSHAKE]: Recieved login wrapper packet event for channel fml:handshake with index 3
[21Mar2026 17:50:16.815] [Netty Local Client IO #0/DEBUG] [net.minecraftforge.network.HandshakeHandler/FMLHANDSHAKE]: Received config sync from server
[21Mar2026 17:50:16.815] [Netty Local Client IO #0/DEBUG] [net.minecraftforge.network.LoginWrapper/FMLHANDSHAKE]: Dispatching wrapped packet reply for channel fml:handshake with index 3
[21Mar2026 17:50:16.815] [Netty Server IO #1/DEBUG] [net.minecraftforge.network.LoginWrapper/FMLHANDSHAKE]: Recieved login wrapper packet event for channel fml:handshake with index 3
[21Mar2026 17:50:16.815] [Netty Server IO #1/DEBUG] [net.minecraftforge.network.HandshakeHandler/FMLHANDSHAKE]: Received client indexed reply 3 of type net.minecraftforge.network.HandshakeMessages$C2SAcknowledge
[21Mar2026 17:50:16.815] [Netty Server IO #1/DEBUG] [net.minecraftforge.network.HandshakeHandler/FMLHANDSHAKE]: Received acknowledgement from client
[21Mar2026 17:50:16.850] [Server thread/DEBUG] [net.minecraftforge.network.HandshakeHandler/FMLHANDSHAKE]: Sending ticking packet info 'Config hexal-server.toml' to 'fml:handshake' sequence 4
[21Mar2026 17:50:16.850] [Netty Local Client IO #0/DEBUG] [net.minecraftforge.network.LoginWrapper/FMLHANDSHAKE]: Recieved login wrapper packet event for channel fml:handshake with index 4
[21Mar2026 17:50:16.850] [Netty Local Client IO #0/DEBUG] [net.minecraftforge.network.HandshakeHandler/FMLHANDSHAKE]: Received config sync from server
[21Mar2026 17:50:16.850] [Netty Local Client IO #0/DEBUG] [net.minecraftforge.network.LoginWrapper/FMLHANDSHAKE]: Dispatching wrapped packet reply for channel fml:handshake with index 4
[21Mar2026 17:50:16.851] [Netty Server IO #1/DEBUG] [net.minecraftforge.network.LoginWrapper/FMLHANDSHAKE]: Recieved login wrapper packet event for channel fml:handshake with index 4
[21Mar2026 17:50:16.851] [Netty Server IO #1/DEBUG] [net.minecraftforge.network.HandshakeHandler/FMLHANDSHAKE]: Received client indexed reply 4 of type net.minecraftforge.network.HandshakeMessages$C2SAcknowledge
[21Mar2026 17:50:16.851] [Netty Server IO #1/DEBUG] [net.minecraftforge.network.HandshakeHandler/FMLHANDSHAKE]: Received acknowledgement from client
[21Mar2026 17:50:16.890] [Server thread/DEBUG] [net.minecraftforge.network.HandshakeHandler/FMLHANDSHAKE]: Sending ticking packet info 'Config forge-server.toml' to 'fml:handshake' sequence 5
[21Mar2026 17:50:16.891] [Netty Local Client IO #0/DEBUG] [net.minecraftforge.network.LoginWrapper/FMLHANDSHAKE]: Recieved login wrapper packet event for channel fml:handshake with index 5
[21Mar2026 17:50:16.891] [Netty Local Client IO #0/DEBUG] [net.minecraftforge.network.HandshakeHandler/FMLHANDSHAKE]: Received config sync from server
[21Mar2026 17:50:16.891] [Netty Local Client IO #0/DEBUG] [net.minecraftforge.network.LoginWrapper/FMLHANDSHAKE]: Dispatching wrapped packet reply for channel fml:handshake with index 5
[21Mar2026 17:50:16.891] [Netty Server IO #1/DEBUG] [net.minecraftforge.network.LoginWrapper/FMLHANDSHAKE]: Recieved login wrapper packet event for channel fml:handshake with index 5
[21Mar2026 17:50:16.891] [Netty Server IO #1/DEBUG] [net.minecraftforge.network.HandshakeHandler/FMLHANDSHAKE]: Received client indexed reply 5 of type net.minecraftforge.network.HandshakeMessages$C2SAcknowledge
[21Mar2026 17:50:16.891] [Netty Server IO #1/DEBUG] [net.minecraftforge.network.HandshakeHandler/FMLHANDSHAKE]: Received acknowledgement from client
[21Mar2026 17:50:16.941] [Server thread/DEBUG] [net.minecraftforge.network.HandshakeHandler/FMLHANDSHAKE]: Sending ticking packet info 'Config hexcasting-server.toml' to 'fml:handshake' sequence 6
[21Mar2026 17:50:16.941] [Netty Local Client IO #0/DEBUG] [net.minecraftforge.network.LoginWrapper/FMLHANDSHAKE]: Recieved login wrapper packet event for channel fml:handshake with index 6
[21Mar2026 17:50:16.941] [Netty Local Client IO #0/DEBUG] [net.minecraftforge.network.HandshakeHandler/FMLHANDSHAKE]: Received config sync from server
[21Mar2026 17:50:16.941] [Netty Local Client IO #0/DEBUG] [net.minecraftforge.network.LoginWrapper/FMLHANDSHAKE]: Dispatching wrapped packet reply for channel fml:handshake with index 6
[21Mar2026 17:50:16.942] [Netty Server IO #1/DEBUG] [net.minecraftforge.network.LoginWrapper/FMLHANDSHAKE]: Recieved login wrapper packet event for channel fml:handshake with index 6
[21Mar2026 17:50:16.942] [Netty Server IO #1/DEBUG] [net.minecraftforge.network.HandshakeHandler/FMLHANDSHAKE]: Received client indexed reply 6 of type net.minecraftforge.network.HandshakeMessages$C2SAcknowledge
[21Mar2026 17:50:16.942] [Netty Server IO #1/DEBUG] [net.minecraftforge.network.HandshakeHandler/FMLHANDSHAKE]: Received acknowledgement from client
[21Mar2026 17:50:16.990] [Server thread/DEBUG] [net.minecraftforge.network.HandshakeHandler/FMLHANDSHAKE]: Handshake complete!
[21Mar2026 17:50:17.044] [Netty Local Client IO #0/INFO] [net.minecraftforge.network.NetworkHooks/]: Connected to a modded server.
[21Mar2026 17:50:17.079] [Server thread/DEBUG] [mixin/]: Mixing MixinPlayerAdvancements from hexalplat.mixins.json into net.minecraft.server.PlayerAdvancements
[21Mar2026 17:50:17.099] [Netty Local Client IO #0/DEBUG] [mixin/]: Mixing client.AccessorClientAdvancements from patchouli_xplat.mixins.json into net.minecraft.client.multiplayer.ClientAdvancements
[21Mar2026 17:50:17.232] [Netty Local Client IO #0/DEBUG] [mixin/]: Mixing client.MixinClientAdvancements from patchouli_xplat.mixins.json into net.minecraft.client.multiplayer.ClientAdvancements
[21Mar2026 17:50:17.250] [Server thread/INFO] [net.minecraft.server.players.PlayerList/]: Dev[local:E:4890e45a] logged in with entity id 264 at (-178.29793334160888, 64.0, 68.41297145496858)
[21Mar2026 17:50:17.322] [Server thread/INFO] [net.minecraft.server.MinecraftServer/]: Dev joined the game
[21Mar2026 17:50:17.701] [Render thread/WARN] [hexcasting/]: Inserted ResourceKey[hexcasting:action / oneironaut:resistdetection] which has same signature as ResourceKey[hexcasting:action / oneironaut:resistdetection], overriding it.
[21Mar2026 17:50:17.701] [Render thread/WARN] [hexcasting/]: Inserted ResourceKey[hexcasting:action / hexcasting:get_entity/item] which has same signature as ResourceKey[hexcasting:action / hexcasting:get_entity/item], overriding it.
[21Mar2026 17:50:17.701] [Render thread/WARN] [hexcasting/]: Inserted ResourceKey[hexcasting:action / hexcasting:explode] which has same signature as ResourceKey[hexcasting:action / hexcasting:explode], overriding it.
[21Mar2026 17:50:17.701] [Render thread/WARN] [hexcasting/]: Inserted ResourceKey[hexcasting:action / moreiotas:string/space] which has same signature as ResourceKey[hexcasting:action / moreiotas:string/space], overriding it.
[21Mar2026 17:50:17.701] [Render thread/WARN] [hexcasting/]: Inserted ResourceKey[hexcasting:action / hexcasting:stack_len] which has same signature as ResourceKey[hexcasting:action / hexcasting:stack_len], overriding it.
[21Mar2026 17:50:17.701] [Render thread/WARN] [hexcasting/]: Inserted ResourceKey[hexcasting:action / oneironaut:getdimheight] which has same signature as ResourceKey[hexcasting:action / oneironaut:getdimheight], overriding it.
[21Mar2026 17:50:17.701] [Render thread/WARN] [hexcasting/]: Inserted ResourceKey[hexcasting:action / oneironaut:queryrod] which has same signature as ResourceKey[hexcasting:action / oneironaut:queryrod], overriding it.
[21Mar2026 17:50:17.701] [Render thread/WARN] [hexcasting/]: Inserted ResourceKey[hexcasting:action / oneironaut:resetrod] which has same signature as ResourceKey[hexcasting:action / oneironaut:resetrod], overriding it.
[21Mar2026 17:50:17.701] [Render thread/WARN] [hexcasting/]: Inserted ResourceKey[hexcasting:action / hexcasting:const/vec/nx] which has same signature as ResourceKey[hexcasting:action / hexcasting:const/vec/nx], overriding it.
[21Mar2026 17:50:17.701] [Render thread/WARN] [hexcasting/]: Inserted ResourceKey[hexcasting:action / hexcasting:sub] which has same signature as ResourceKey[hexcasting:action / hexcasting:sub], overriding it.
[21Mar2026 17:50:17.701] [Render thread/WARN] [hexcasting/]: Inserted ResourceKey[hexcasting:action / hexcasting:potion/poison] which has same signature as ResourceKey[hexcasting:action / hexcasting:potion/poison], overriding it.
[21Mar2026 17:50:17.701] [Render thread/WARN] [hexcasting/]: Inserted ResourceKey[hexcasting:action / hexcasting:arccos] which has same signature as ResourceKey[hexcasting:action / hexcasting:arccos], overriding it.
[21Mar2026 17:50:17.701] [Render thread/WARN] [hexcasting/]: Inserted ResourceKey[hexcasting:action / hexcasting:append] which has same signature as ResourceKey[hexcasting:action / hexcasting:append], overriding it.
[21Mar2026 17:50:17.701] [Render thread/WARN] [hexcasting/]: Inserted ResourceKey[hexcasting:action / hexcasting:flight/time] which has same signature as ResourceKey[hexcasting:action / hexcasting:flight/time], overriding it.
[21Mar2026 17:50:17.701] [Render thread/WARN] [hexcasting/]: Inserted ResourceKey[hexcasting:action / hexcasting:random] which has same signature as ResourceKey[hexcasting:action / hexcasting:random], overriding it.
[21Mar2026 17:50:17.701] [Render thread/WARN] [hexcasting/]: Inserted ResourceKey[hexcasting:action / hexal:wisp/transfer/allow] which has same signature as ResourceKey[hexcasting:action / hexal:wisp/transfer/allow], overriding it.
[21Mar2026 17:50:17.701] [Render thread/WARN] [hexcasting/]: Inserted ResourceKey[hexcasting:action / hexal:wisp/move/target/get] which has same signature as ResourceKey[hexcasting:action / hexal:wisp/move/target/get], overriding it.
[21Mar2026 17:50:17.702] [Render thread/WARN] [hexcasting/]: Inserted ResourceKey[hexcasting:action / hexal:mote/use_on] which has same signature as ResourceKey[hexcasting:action / hexal:mote/use_on], overriding it.
[21Mar2026 17:50:17.702] [Render thread/WARN] [hexcasting/]: Inserted ResourceKey[hexcasting:action / hexcasting:const/vec/nz] which has same signature as ResourceKey[hexcasting:action / hexcasting:const/vec/nz], overriding it.
[21Mar2026 17:50:17.702] [Render thread/WARN] [hexcasting/]: Inserted ResourceKey[hexcasting:action / oneironaut:applynotmissing] which has same signature as ResourceKey[hexcasting:action / oneironaut:applynotmissing], overriding it.
[21Mar2026 17:50:17.702] [Render thread/WARN] [hexcasting/]: Inserted ResourceKey[hexcasting:action / hexcasting:fisherman/copy] which has same signature as ResourceKey[hexcasting:action / hexcasting:fisherman/copy], overriding it.
[21Mar2026 17:50:17.702] [Render thread/WARN] [hexcasting/]: Inserted ResourceKey[hexcasting:action / hexcasting:modulo] which has same signature as ResourceKey[hexcasting:action / hexcasting:modulo], overriding it.
[21Mar2026 17:50:17.702] [Render thread/WARN] [hexcasting/]: Inserted ResourceKey[hexcasting:action / hexal:everbook/toggle_macro] which has same signature as ResourceKey[hexcasting:action / hexal:everbook/toggle_macro], overriding it.
[21Mar2026 17:50:17.702] [Render thread/WARN] [hexcasting/]: Inserted ResourceKey[hexcasting:action / hexcasting:arctan] which has same signature as ResourceKey[hexcasting:action / hexcasting:arctan], overriding it.
[21Mar2026 17:50:17.702] [Render thread/WARN] [hexcasting/]: Inserted ResourceKey[hexcasting:action / moreiotas:item/inventory/stacks] which has same signature as ResourceKey[hexcasting:action / moreiotas:item/inventory/stacks], overriding it.
[21Mar2026 17:50:17.702] [Render thread/WARN] [hexcasting/]: Inserted ResourceKey[hexcasting:action / hexal:gate/mark] which has same signature as ResourceKey[hexcasting:action / hexal:gate/mark], overriding it.
[21Mar2026 17:50:17.702] [Render thread/WARN] [hexcasting/]: Inserted ResourceKey[hexcasting:action / hexcasting:empty_list] which has same signature as ResourceKey[hexcasting:action / hexcasting:empty_list], overriding it.
[21Mar2026 17:50:17.702] [Render thread/WARN] [hexcasting/]: Inserted ResourceKey[hexcasting:action / moreiotas:matrix/inverse] which has same signature as ResourceKey[hexcasting:action / moreiotas:matrix/inverse], overriding it.
[21Mar2026 17:50:17.702] [Render thread/WARN] [hexcasting/]: Inserted ResourceKey[hexcasting:action / hexcasting:edify] which has same signature as ResourceKey[hexcasting:action / hexcasting:edify], overriding it.
[21Mar2026 17:50:17.702] [Render thread/WARN] [hexcasting/]: Inserted ResourceKey[hexcasting:action / hexcasting:equals] which has same signature as ResourceKey[hexcasting:action / hexcasting:equals], overriding it.
[21Mar2026 17:50:17.702] [Render thread/WARN] [hexcasting/]: Inserted ResourceKey[hexcasting:action / oneironaut:readidea] which has same signature as ResourceKey[hexcasting:action / oneironaut:readidea], overriding it.
[21Mar2026 17:50:17.702] [Render thread/WARN] [hexcasting/]: Inserted ResourceKey[hexcasting:action / hexcasting:construct] which has same signature as ResourceKey[hexcasting:action / hexcasting:construct], overriding it.
[21Mar2026 17:50:17.702] [Render thread/WARN] [hexcasting/]: Inserted ResourceKey[hexcasting:action / hexal:mote/storage/remaining_capacity/get] which has same signature as ResourceKey[hexcasting:action / hexal:mote/storage/remaining_capacity/get], overriding it.
[21Mar2026 17:50:17.702] [Render thread/WARN] [hexcasting/]: Inserted ResourceKey[hexcasting:action / moreiotas:matrix/determinant] which has same signature as ResourceKey[hexcasting:action / moreiotas:matrix/determinant], overriding it.
[21Mar2026 17:50:17.702] [Render thread/WARN] [hexcasting/]: Inserted ResourceKey[hexcasting:action / hexcasting:coerce_axial] which has same signature as ResourceKey[hexcasting:action / hexcasting:coerce_axial], overriding it.
[21Mar2026 17:50:17.702] [Render thread/WARN] [hexcasting/]: Inserted ResourceKey[hexcasting:action / hexal:mote/contained_type/get] which has same signature as ResourceKey[hexcasting:action / hexal:mote/contained_type/get], overriding it.
[21Mar2026 17:50:17.702] [Render thread/WARN] [hexcasting/]: Inserted ResourceKey[hexcasting:action / oneironaut:infusemedia] which has same signature as ResourceKey[hexcasting:action / oneironaut:infusemedia], overriding it.
[21Mar2026 17:50:17.702] [Render thread/WARN] [hexcasting/]: Inserted ResourceKey[hexcasting:action / oneironaut:advanceautomaton] which has same signature as ResourceKey[hexcasting:action / oneironaut:advanceautomaton], overriding it.
[21Mar2026 17:50:17.702] [Render thread/WARN] [hexcasting/]: Inserted ResourceKey[hexcasting:action / oneironaut:applymindrender] which has same signature as ResourceKey[hexcasting:action / oneironaut:applymindrender], overriding it.
[21Mar2026 17:50:17.702] [Render thread/WARN] [hexcasting/]: Inserted ResourceKey[hexcasting:action / hexcasting:raycast] which has same signature as ResourceKey[hexcasting:action / hexcasting:raycast], overriding it.
[21Mar2026 17:50:17.702] [Render thread/WARN] [hexcasting/]: Inserted ResourceKey[hexcasting:action / hexcasting:circle/impetus_dir] which has same signature as ResourceKey[hexcasting:action / hexcasting:circle/impetus_dir], overriding it.
[21Mar2026 17:50:17.702] [Render thread/WARN] [hexcasting/]: Inserted ResourceKey[hexcasting:action / hexcasting:const/vec/py] which has same signature as ResourceKey[hexcasting:action / hexcasting:const/vec/py], overriding it.
[21Mar2026 17:50:17.702] [Render thread/WARN] [hexcasting/]: Inserted ResourceKey[hexcasting:action / hexal:wisp/move/speed/get] which has same signature as ResourceKey[hexcasting:action / hexal:wisp/move/speed/get], overriding it.
[21Mar2026 17:50:17.702] [Render thread/WARN] [hexcasting/]: Inserted ResourceKey[hexcasting:action / oneironaut:getdim2] which has same signature as ResourceKey[hexcasting:action / oneironaut:getdim2], overriding it.
[21Mar2026 17:50:17.702] [Render thread/WARN] [hexcasting/]: Inserted ResourceKey[hexcasting:action / moreiotas:matrix/unmake/direct] which has same signature as ResourceKey[hexcasting:action / moreiotas:matrix/unmake/direct], overriding it.
[21Mar2026 17:50:17.702] [Render thread/WARN] [hexcasting/]: Inserted ResourceKey[hexcasting:action / hexcasting:zone_entity/item] which has same signature as ResourceKey[hexcasting:action / hexcasting:zone_entity/item], overriding it.
[21Mar2026 17:50:17.702] [Render thread/WARN] [hexcasting/]: Inserted ResourceKey[hexcasting:action / hexcasting:write] which has same signature as ResourceKey[hexcasting:action / hexcasting:write], overriding it.
[21Mar2026 17:50:17.702] [Render thread/WARN] [hexcasting/]: Inserted ResourceKey[hexcasting:action / hexcasting:erase] which has same signature as ResourceKey[hexcasting:action / hexcasting:erase], overriding it.
[21Mar2026 17:50:17.702] [Render thread/WARN] [hexcasting/]: Inserted ResourceKey[hexcasting:action / hexal:zone_entity/not_wisp] which has same signature as ResourceKey[hexcasting:action / hexal:zone_entity/not_wisp], overriding it.
[21Mar2026 17:50:17.702] [Render thread/WARN] [hexcasting/]: Inserted ResourceKey[hexcasting:action / hexcasting:raycast/axis] which has same signature as ResourceKey[hexcasting:action / hexcasting:raycast/axis], overriding it.
[21Mar2026 17:50:17.702] [Render thread/WARN] [hexcasting/]: Inserted ResourceKey[hexcasting:action / hexcasting:potion/wither] which has same signature as ResourceKey[hexcasting:action / hexcasting:potion/wither], overriding it.
[21Mar2026 17:50:17.702] [Render thread/WARN] [hexcasting/]: Inserted ResourceKey[hexcasting:action / hexcasting:get_entity] which has same signature as ResourceKey[hexcasting:action / hexcasting:get_entity], overriding it.
[21Mar2026 17:50:17.702] [Render thread/WARN] [hexcasting/]: Inserted ResourceKey[hexcasting:action / oneironaut:readrodram] which has same signature as ResourceKey[hexcasting:action / oneironaut:readrodram], overriding it.
[21Mar2026 17:50:17.702] [Render thread/WARN] [hexcasting/]: Inserted ResourceKey[hexcasting:action / moreiotas:zone_entity/type] which has same signature as ResourceKey[hexcasting:action / moreiotas:zone_entity/type], overriding it.
[21Mar2026 17:50:17.702] [Render thread/WARN] [hexcasting/]: Inserted ResourceKey[hexcasting:action / hexcasting:beep] which has same signature as ResourceKey[hexcasting:action / hexcasting:beep], overriding it.
[21Mar2026 17:50:17.702] [Render thread/WARN] [hexcasting/]: Inserted ResourceKey[hexcasting:action / moreiotas:matrix/zero] which has same signature as ResourceKey[hexcasting:action / moreiotas:matrix/zero], overriding it.
[21Mar2026 17:50:17.702] [Render thread/WARN] [hexcasting/]: Inserted ResourceKey[hexcasting:action / oneironaut:getdim/nether] which has same signature as ResourceKey[hexcasting:action / oneironaut:getdim/nether], overriding it.
[21Mar2026 17:50:17.702] [Render thread/WARN] [hexcasting/]: Inserted ResourceKey[hexcasting:action / moreiotas:string/iota] which has same signature as ResourceKey[hexcasting:action / moreiotas:string/iota], overriding it.
[21Mar2026 17:50:17.702] [Render thread/WARN] [hexcasting/]: Inserted ResourceKey[hexcasting:action / hexcasting:not] which has same signature as ResourceKey[hexcasting:action / hexcasting:not], overriding it.
[21Mar2026 17:50:17.702] [Render thread/WARN] [hexcasting/]: Inserted ResourceKey[hexcasting:action / hexal:wisp/trigger/tick] which has same signature as ResourceKey[hexcasting:action / hexal:wisp/trigger/tick], overriding it.
[21Mar2026 17:50:17.702] [Render thread/WARN] [hexcasting/]: Inserted ResourceKey[hexcasting:action / hexal:wisp/seon/get] which has same signature as ResourceKey[hexcasting:action / hexal:wisp/seon/get], overriding it.
[21Mar2026 17:50:17.702] [Render thread/WARN] [hexcasting/]: Inserted ResourceKey[hexcasting:action / hexal:wisp/hex] which has same signature as ResourceKey[hexcasting:action / hexal:wisp/hex], overriding it.
[21Mar2026 17:50:17.702] [Render thread/WARN] [hexcasting/]: Inserted ResourceKey[hexcasting:action / hexcasting:akashic/write] which has same signature as ResourceKey[hexcasting:action / hexcasting:akashic/write], overriding it.
[21Mar2026 17:50:17.702] [Render thread/WARN] [hexcasting/]: Inserted ResourceKey[hexcasting:action / hexal:everbook/write] which has same signature as ResourceKey[hexcasting:action / hexal:everbook/write], overriding it.
[21Mar2026 17:50:17.702] [Render thread/WARN] [hexcasting/]: Inserted ResourceKey[hexcasting:action / hexcasting:place_block] which has same signature as ResourceKey[hexcasting:action / hexcasting:place_block], overriding it.
[21Mar2026 17:50:17.702] [Render thread/WARN] [hexcasting/]: Inserted ResourceKey[hexcasting:action / hexal:mote/storage/bind] which has same signature as ResourceKey[hexcasting:action / hexal:mote/storage/bind], overriding it.
[21Mar2026 17:50:17.704] [Render thread/WARN] [hexcasting/]: Inserted ResourceKey[hexcasting:action / hexcasting:div] which has same signature as ResourceKey[hexcasting:action / hexcasting:div], overriding it.
[21Mar2026 17:50:17.704] [Render thread/WARN] [hexcasting/]: Inserted ResourceKey[hexcasting:action / oneironaut:writerodramremote] which has same signature as ResourceKey[hexcasting:action / oneironaut:writerodramremote], overriding it.
[21Mar2026 17:50:17.704] [Render thread/WARN] [hexcasting/]: Inserted ResourceKey[hexcasting:action / oneironaut:delayrod] which has same signature as ResourceKey[hexcasting:action / oneironaut:delayrod], overriding it.
[21Mar2026 17:50:17.704] [Render thread/WARN] [hexcasting/]: Inserted ResourceKey[hexcasting:action / oneironaut:detectshroud] which has same signature as ResourceKey[hexcasting:action / oneironaut:detectshroud], overriding it.
[21Mar2026 17:50:17.704] [Render thread/WARN] [hexcasting/]: Inserted ResourceKey[hexcasting:action / moreiotas:item/off_hand] which has same signature as ResourceKey[hexcasting:action / moreiotas:item/off_hand], overriding it.
[21Mar2026 17:50:17.704] [Render thread/WARN] [hexcasting/]: Inserted ResourceKey[hexcasting:action / hexcasting:for_each] which has same signature as ResourceKey[hexcasting:action / hexcasting:for_each], overriding it.
[21Mar2026 17:50:17.704] [Render thread/WARN] [hexcasting/]: Inserted ResourceKey[hexcasting:action / hexcasting:arcsin] which has same signature as ResourceKey[hexcasting:action / hexcasting:arcsin], overriding it.
[21Mar2026 17:50:17.704] [Render thread/WARN] [hexcasting/]: Inserted ResourceKey[hexcasting:action / oneironaut:shiftsentinel] which has same signature as ResourceKey[hexcasting:action / oneironaut:shiftsentinel], overriding it.
[21Mar2026 17:50:17.704] [Render thread/WARN] [hexcasting/]: Inserted ResourceKey[hexcasting:action / hexcasting:deconstruct] which has same signature as ResourceKey[hexcasting:action / hexcasting:deconstruct], overriding it.
[21Mar2026 17:50:17.704] [Render thread/WARN] [hexcasting/]: Inserted ResourceKey[hexcasting:action / hexal:wisp/trigger/comm] which has same signature as ResourceKey[hexcasting:action / hexal:wisp/trigger/comm], overriding it.
[21Mar2026 17:50:17.704] [Render thread/WARN] [hexcasting/]: Inserted ResourceKey[hexcasting:action / hexcasting:less_eq] which has same signature as ResourceKey[hexcasting:action / hexcasting:less_eq], overriding it.
[21Mar2026 17:50:17.704] [Render thread/WARN] [hexcasting/]: Inserted ResourceKey[hexcasting:action / hexal:wisp/transfer/disallow] which has same signature as ResourceKey[hexcasting:action / hexal:wisp/transfer/disallow], overriding it.
[21Mar2026 17:50:17.704] [Render thread/WARN] [hexcasting/]: Inserted ResourceKey[hexcasting:action / moreiotas:string/block/set] which has same signature as ResourceKey[hexcasting:action / moreiotas:string/block/set], overriding it.
[21Mar2026 17:50:17.704] [Render thread/WARN] [hexcasting/]: Inserted ResourceKey[hexcasting:action / hexcasting:and] which has same signature as ResourceKey[hexcasting:action / hexcasting:and], overriding it.
[21Mar2026 17:50:17.704] [Render thread/WARN] [hexcasting/]: Inserted ResourceKey[hexcasting:action / hexcasting:read/entity] which has same signature as ResourceKey[hexcasting:action / hexcasting:read/entity], overriding it.
[21Mar2026 17:50:17.704] [Render thread/WARN] [hexcasting/]: Inserted ResourceKey[hexcasting:action / hexcasting:get_caster] which has same signature as ResourceKey[hexcasting:action / hexcasting:get_caster], overriding it.
[21Mar2026 17:50:17.704] [Render thread/WARN] [hexcasting/]: Inserted ResourceKey[hexcasting:action / moreiotas:matrix/split/vert] which has same signature as ResourceKey[hexcasting:action / moreiotas:matrix/split/vert], overriding it.
[21Mar2026 17:50:17.704] [Render thread/WARN] [hexcasting/]: Inserted ResourceKey[hexcasting:action / hexcasting:cos] which has same signature as ResourceKey[hexcasting:action / hexcasting:cos], overriding it.
[21Mar2026 17:50:17.704] [Render thread/WARN] [hexcasting/]: Inserted ResourceKey[hexcasting:action / hexcasting:get_entity_height] which has same signature as ResourceKey[hexcasting:action / hexcasting:get_entity_height], overriding it.
[21Mar2026 17:50:17.704] [Render thread/WARN] [hexcasting/]: Inserted ResourceKey[hexcasting:action / hexal:everbook/read] which has same signature as ResourceKey[hexcasting:action / hexal:everbook/read], overriding it.
[21Mar2026 17:50:17.704] [Render thread/WARN] [hexcasting/]: Inserted ResourceKey[hexcasting:action / moreiotas:matrix/rotation] which has same signature as ResourceKey[hexcasting:action / moreiotas:matrix/rotation], overriding it.
[21Mar2026 17:50:17.704] [Render thread/WARN] [hexcasting/]: Inserted ResourceKey[hexcasting:action / oneironaut:craftrod] which has same signature as ResourceKey[hexcasting:action / oneironaut:craftrod], overriding it.
[21Mar2026 17:50:17.704] [Render thread/WARN] [hexcasting/]: Inserted ResourceKey[hexcasting:action / oneironaut:swapspace] which has same signature as ResourceKey[hexcasting:action / oneironaut:swapspace], overriding it.
[21Mar2026 17:50:17.704] [Render thread/WARN] [hexcasting/]: Inserted ResourceKey[hexcasting:action / hexcasting:const/vec/0] which has same signature as ResourceKey[hexcasting:action / hexcasting:const/vec/0], overriding it.
[21Mar2026 17:50:17.704] [Render thread/WARN] [hexcasting/]: Inserted ResourceKey[hexcasting:action / hexcasting:eval] which has same signature as ResourceKey[hexcasting:action / hexcasting:eval], overriding it.
[21Mar2026 17:50:17.704] [Render thread/WARN] [hexcasting/]: Inserted ResourceKey[hexcasting:action / hexcasting:sentinel/destroy] which has same signature as ResourceKey[hexcasting:action / hexcasting:sentinel/destroy], overriding it.
[21Mar2026 17:50:17.704] [Render thread/WARN] [hexcasting/]: Inserted ResourceKey[hexcasting:action / hexcasting:tan] which has same signature as ResourceKey[hexcasting:action / hexcasting:tan], overriding it.
[21Mar2026 17:50:17.704] [Render thread/WARN] [hexcasting/]: Inserted ResourceKey[hexcasting:action / hexcasting:sentinel/create] which has same signature as ResourceKey[hexcasting:action / hexcasting:sentinel/create], overriding it.
[21Mar2026 17:50:17.704] [Render thread/WARN] [hexcasting/]: Inserted ResourceKey[hexcasting:action / hexcasting:last_n_list] which has same signature as ResourceKey[hexcasting:action / hexcasting:last_n_list], overriding it.
[21Mar2026 17:50:17.704] [Render thread/WARN] [hexcasting/]: Inserted ResourceKey[hexcasting:action / hexcasting:2dup] which has same signature as ResourceKey[hexcasting:action / hexcasting:2dup], overriding it.
[21Mar2026 17:50:17.704] [Render thread/WARN] [hexcasting/]: Inserted ResourceKey[hexcasting:action / oneironaut:reviveflayed] which has same signature as ResourceKey[hexcasting:action / oneironaut:reviveflayed], overriding it.
[21Mar2026 17:50:17.704] [Render thread/WARN] [hexcasting/]: Inserted ResourceKey[hexcasting:action / hexcasting:singleton] which has same signature as ResourceKey[hexcasting:action / hexcasting:singleton], overriding it.
[21Mar2026 17:50:17.704] [Render thread/WARN] [hexcasting/]: Inserted ResourceKey[hexcasting:action / hexal:mote/trade/get] which has same signature as ResourceKey[hexcasting:action / hexal:mote/trade/get], overriding it.
[21Mar2026 17:50:17.704] [Render thread/WARN] [hexcasting/]: Inserted ResourceKey[hexcasting:action / hexal:get_entity/wisp] which has same signature as ResourceKey[hexcasting:action / hexal:get_entity/wisp], overriding it.
[21Mar2026 17:50:17.704] [Render thread/WARN] [hexcasting/]: Inserted ResourceKey[hexcasting:action / hexal:breath] which has same signature as ResourceKey[hexcasting:action / hexal:breath], overriding it.
[21Mar2026 17:50:17.705] [Render thread/WARN] [hexcasting/]: Inserted ResourceKey[hexcasting:action / hexcasting:const/vec/ny] which has same signature as ResourceKey[hexcasting:action / hexcasting:const/vec/ny], overriding it.
[21Mar2026 17:50:17.705] [Render thread/WARN] [hexcasting/]: Inserted ResourceKey[hexcasting:action / hexal:mote/storage/set] which has same signature as ResourceKey[hexcasting:action / hexal:mote/storage/set], overriding it.
[21Mar2026 17:50:17.705] [Render thread/WARN] [hexcasting/]: Inserted ResourceKey[hexcasting:action / hexcasting:greater] which has same signature as ResourceKey[hexcasting:action / hexcasting:greater], overriding it.
[21Mar2026 17:50:17.705] [Render thread/WARN] [hexcasting/]: Inserted ResourceKey[hexcasting:action / hexal:link/num] which has same signature as ResourceKey[hexcasting:action / hexal:link/num], overriding it.
[21Mar2026 17:50:17.705] [Render thread/WARN] [hexcasting/]: Inserted ResourceKey[hexcasting:action / hexcasting:break_block] which has same signature as ResourceKey[hexcasting:action / hexcasting:break_block], overriding it.
[21Mar2026 17:50:17.705] [Render thread/WARN] [hexcasting/]: Inserted ResourceKey[hexcasting:action / hexcasting:less] which has same signature as ResourceKey[hexcasting:action / hexcasting:less], overriding it.
[21Mar2026 17:50:17.706] [Render thread/WARN] [hexcasting/]: Inserted ResourceKey[hexcasting:action / hexal:particles] which has same signature as ResourceKey[hexcasting:action / hexal:particles], overriding it.
[21Mar2026 17:50:17.706] [Render thread/WARN] [hexcasting/]: Inserted ResourceKey[hexcasting:action / hexcasting:const/null] which has same signature as ResourceKey[hexcasting:action / hexcasting:const/null], overriding it.
[21Mar2026 17:50:17.706] [Render thread/WARN] [hexcasting/]: Inserted ResourceKey[hexcasting:action / hexcasting:duplicate] which has same signature as ResourceKey[hexcasting:action / hexcasting:duplicate], overriding it.
[21Mar2026 17:50:17.706] [Render thread/WARN] [hexcasting/]: Inserted ResourceKey[hexcasting:action / oneironaut:getrodstamp] which has same signature as ResourceKey[hexcasting:action / oneironaut:getrodstamp], overriding it.
[21Mar2026 17:50:17.706] [Render thread/WARN] [hexcasting/]: Inserted ResourceKey[hexcasting:action / hexcasting:xor] which has same signature as ResourceKey[hexcasting:action / hexcasting:xor], overriding it.
[21Mar2026 17:50:17.706] [Render thread/WARN] [hexcasting/]: Inserted ResourceKey[hexcasting:action / moreiotas:altmul] which has same signature as ResourceKey[hexcasting:action / moreiotas:altmul], overriding it.
[21Mar2026 17:50:17.706] [Render thread/WARN] [hexcasting/]: Inserted ResourceKey[hexcasting:action / oneironaut:getdimscale] which has same signature as ResourceKey[hexcasting:action / oneironaut:getdimscale], overriding it.
[21Mar2026 17:50:17.706] [Render thread/WARN] [hexcasting/]: Inserted ResourceKey[hexcasting:action / hexcasting:const/double/tau] which has same signature as ResourceKey[hexcasting:action / hexcasting:const/double/tau], overriding it.
[21Mar2026 17:50:17.706] [Render thread/WARN] [hexcasting/]: Inserted ResourceKey[hexcasting:action / moreiotas:matrix/unmake] which has same signature as ResourceKey[hexcasting:action / moreiotas:matrix/unmake], overriding it.
[21Mar2026 17:50:17.706] [Render thread/WARN] [hexcasting/]: Inserted ResourceKey[hexcasting:action / oneironaut:signitem] which has same signature as ResourceKey[hexcasting:action / oneironaut:signitem], overriding it.
[21Mar2026 17:50:17.706] [Render thread/WARN] [hexcasting/]: Inserted ResourceKey[hexcasting:action / hexcasting:zone_entity/animal] which has same signature as ResourceKey[hexcasting:action / hexcasting:zone_entity/animal], overriding it.
[21Mar2026 17:50:17.706] [Render thread/WARN] [hexcasting/]: Inserted ResourceKey[hexcasting:action / hexcasting:const/vec/pz] which has same signature as ResourceKey[hexcasting:action / hexcasting:const/vec/pz], overriding it.
[21Mar2026 17:50:17.706] [Render thread/WARN] [hexcasting/]: Inserted ResourceKey[hexcasting:action / moreiotas:matrix/identity] which has same signature as ResourceKey[hexcasting:action / moreiotas:matrix/identity], overriding it.
[21Mar2026 17:50:17.706] [Render thread/WARN] [hexcasting/]: Inserted ResourceKey[hexcasting:action / hexcasting:colorize] which has same signature as ResourceKey[hexcasting:action / hexcasting:colorize], overriding it.
[21Mar2026 17:50:17.706] [Render thread/WARN] [hexcasting/]: Inserted ResourceKey[hexcasting:action / hexcasting:craft/cypher] which has same signature as ResourceKey[hexcasting:action / hexcasting:craft/cypher], overriding it.
[21Mar2026 17:50:17.706] [Render thread/WARN] [hexcasting/]: Inserted ResourceKey[hexcasting:action / hexcasting:rotate] which has same signature as ResourceKey[hexcasting:action / hexcasting:rotate], overriding it.
[21Mar2026 17:50:17.706] [Render thread/WARN] [hexcasting/]: Inserted ResourceKey[hexcasting:action / hexcasting:blink] which has same signature as ResourceKey[hexcasting:action / hexcasting:blink], overriding it.
[21Mar2026 17:50:17.706] [Render thread/WARN] [hexcasting/]: Inserted ResourceKey[hexcasting:action / moreiotas:string/case] which has same signature as ResourceKey[hexcasting:action / moreiotas:string/case], overriding it.
[21Mar2026 17:50:17.706] [Render thread/WARN] [hexcasting/]: Inserted ResourceKey[hexcasting:action / hexal:wisp/move/target/set] which has same signature as ResourceKey[hexcasting:action / hexal:wisp/move/target/set], overriding it.
[21Mar2026 17:50:17.707] [Render thread/WARN] [hexcasting/]: Inserted ResourceKey[hexcasting:action / hexcasting:write/local] which has same signature as ResourceKey[hexcasting:action / hexcasting:write/local], overriding it.
[21Mar2026 17:50:17.707] [Render thread/WARN] [hexcasting/]: Inserted ResourceKey[hexcasting:action / hexcasting:zone_entity/monster] which has same signature as ResourceKey[hexcasting:action / hexcasting:zone_entity/monster], overriding it.
[21Mar2026 17:50:17.707] [Render thread/WARN] [hexcasting/]: Inserted ResourceKey[hexcasting:action / oneironaut:writeidea_entity] which has same signature as ResourceKey[hexcasting:action / oneironaut:writeidea_entity], overriding it.
[21Mar2026 17:50:17.707] [Render thread/WARN] [hexcasting/]: Inserted ResourceKey[hexcasting:action / hexal:zone_entity/wisp] which has same signature as ResourceKey[hexcasting:action / hexal:zone_entity/wisp], overriding it.
[21Mar2026 17:50:17.707] [Render thread/WARN] [hexcasting/]: Inserted ResourceKey[hexcasting:action / moreiotas:string/name/set] which has same signature as ResourceKey[hexcasting:action / moreiotas:string/name/set], overriding it.
[21Mar2026 17:50:17.707] [Render thread/WARN] [hexcasting/]: Inserted ResourceKey[hexcasting:action / moreiotas:matrix/split/hori] which has same signature as ResourceKey[hexcasting:action / moreiotas:matrix/split/hori], overriding it.
[21Mar2026 17:50:17.707] [Render thread/WARN] [hexcasting/]: Inserted ResourceKey[hexcasting:action / hexcasting:read] which has same signature as ResourceKey[hexcasting:action / hexcasting:read], overriding it.
[21Mar2026 17:50:17.707] [Render thread/WARN] [hexcasting/]: Inserted ResourceKey[hexcasting:action / moreiotas:string/chat/prefix/set] which has same signature as ResourceKey[hexcasting:action / moreiotas:string/chat/prefix/set], overriding it.
[21Mar2026 17:50:17.707] [Render thread/WARN] [hexcasting/]: Inserted ResourceKey[hexcasting:action / hexcasting:zone_entity] which has same signature as ResourceKey[hexcasting:action / hexcasting:zone_entity], overriding it.
[21Mar2026 17:50:17.707] [Render thread/WARN] [hexcasting/]: Inserted ResourceKey[hexcasting:action / hexcasting:const/false] which has same signature as ResourceKey[hexcasting:action / hexcasting:const/false], overriding it.
[21Mar2026 17:50:17.707] [Render thread/WARN] [hexcasting/]: Inserted ResourceKey[hexcasting:action / hexcasting:reverse] which has same signature as ResourceKey[hexcasting:action / hexcasting:reverse], overriding it.
[21Mar2026 17:50:17.707] [Render thread/WARN] [hexcasting/]: Inserted ResourceKey[hexcasting:action / hexcasting:sentinel/wayfind] which has same signature as ResourceKey[hexcasting:action / hexcasting:sentinel/wayfind], overriding it.
[21Mar2026 17:50:17.707] [Render thread/WARN] [hexcasting/]: Inserted ResourceKey[hexcasting:action / hexal:wisp/summon/projectile] which has same signature as ResourceKey[hexcasting:action / hexal:wisp/summon/projectile], overriding it.
[21Mar2026 17:50:17.707] [Render thread/WARN] [hexcasting/]: Inserted ResourceKey[hexcasting:action / hexal:wisp/owner] which has same signature as ResourceKey[hexcasting:action / hexal:wisp/owner], overriding it.
[21Mar2026 17:50:17.707] [Render thread/WARN] [hexcasting/]: Inserted ResourceKey[hexcasting:action / hexal:link/comm/num] which has same signature as ResourceKey[hexcasting:action / hexal:link/comm/num], overriding it.
[21Mar2026 17:50:17.707] [Render thread/WARN] [hexcasting/]: Inserted ResourceKey[hexcasting:action / hexcasting:zone_entity/living] which has same signature as ResourceKey[hexcasting:action / hexcasting:zone_entity/living], overriding it.
[21Mar2026 17:50:17.707] [Render thread/WARN] [hexcasting/]: Inserted ResourceKey[hexcasting:action / hexcasting:flight/can_fly] which has same signature as ResourceKey[hexcasting:action / hexcasting:flight/can_fly], overriding it.
[21Mar2026 17:50:17.707] [Render thread/WARN] [hexcasting/]: Inserted ResourceKey[hexcasting:action / hexcasting:zone_entity/not_monster] which has same signature as ResourceKey[hexcasting:action / hexcasting:zone_entity/not_monster], overriding it.
[21Mar2026 17:50:17.707] [Render thread/WARN] [hexcasting/]: Inserted ResourceKey[hexcasting:action / hexal:link/get_index] which has same signature as ResourceKey[hexcasting:action / hexal:link/get_index], overriding it.
[21Mar2026 17:50:17.707] [Render thread/WARN] [hexcasting/]: Inserted ResourceKey[hexcasting:action / hexcasting:entity_pos/foot] which has same signature as ResourceKey[hexcasting:action / hexcasting:entity_pos/foot], overriding it.
[21Mar2026 17:50:17.707] [Render thread/WARN] [hexcasting/]: Inserted ResourceKey[hexcasting:action / oneironaut:writeidea] which has same signature as ResourceKey[hexcasting:action / oneironaut:writeidea], overriding it.
[21Mar2026 17:50:17.708] [Render thread/WARN] [hexcasting/]: Inserted ResourceKey[hexcasting:action / hexcasting:thanatos] which has same signature as ResourceKey[hexcasting:action / hexcasting:thanatos], overriding it.
[21Mar2026 17:50:17.708] [Render thread/WARN] [hexcasting/]: Inserted ResourceKey[hexcasting:action / hexal:link/comm/close_transmit] which has same signature as ResourceKey[hexcasting:action / hexal:link/comm/close_transmit], overriding it.
[21Mar2026 17:50:17.708] [Render thread/WARN] [hexcasting/]: Inserted ResourceKey[hexcasting:action / hexal:wisp/self] which has same signature as ResourceKey[hexcasting:action / hexal:wisp/self], overriding it.
[21Mar2026 17:50:17.708] [Render thread/WARN] [hexcasting/]: Inserted ResourceKey[hexcasting:action / hexcasting:duplicate_n] which has same signature as ResourceKey[hexcasting:action / hexcasting:duplicate_n], overriding it.
[21Mar2026 17:50:17.708] [Render thread/WARN] [hexcasting/]: Inserted ResourceKey[hexcasting:action / hexcasting:get_entity/living] which has same signature as ResourceKey[hexcasting:action / hexcasting:get_entity/living], overriding it.
[21Mar2026 17:50:17.708] [Render thread/WARN] [hexcasting/]: Inserted ResourceKey[hexcasting:action / oneironaut:craftbottomlesstrinket] which has same signature as ResourceKey[hexcasting:action / oneironaut:craftbottomlesstrinket], overriding it.
[21Mar2026 17:50:17.708] [Render thread/WARN] [hexcasting/]: Inserted ResourceKey[hexcasting:action / hexcasting:bool_coerce] which has same signature as ResourceKey[hexcasting:action / hexcasting:bool_coerce], overriding it.
[21Mar2026 17:50:17.708] [Render thread/WARN] [hexcasting/]: Inserted ResourceKey[hexcasting:action / hexal:link/others] which has same signature as ResourceKey[hexcasting:action / hexal:link/others], overriding it.
[21Mar2026 17:50:17.708] [Render thread/WARN] [hexcasting/]: Inserted ResourceKey[hexcasting:action / oneironaut:getrodlook] which has same signature as ResourceKey[hexcasting:action / oneironaut:getrodlook], overriding it.
[21Mar2026 17:50:17.708] [Render thread/WARN] [hexcasting/]: Inserted ResourceKey[hexcasting:action / hexcasting:ceil] which has same signature as ResourceKey[hexcasting:action / hexcasting:ceil], overriding it.
[21Mar2026 17:50:17.708] [Render thread/WARN] [hexcasting/]: Inserted ResourceKey[hexcasting:action / hexal:mote/trade] which has same signature as ResourceKey[hexcasting:action / hexal:mote/trade], overriding it.
[21Mar2026 17:50:17.708] [Render thread/WARN] [hexcasting/]: Inserted ResourceKey[hexcasting:action / hexal:gate/mark/get] which has same signature as ResourceKey[hexcasting:action / hexal:gate/mark/get], overriding it.
[21Mar2026 17:50:17.708] [Render thread/WARN] [hexcasting/]: Inserted ResourceKey[hexcasting:action / moreiotas:string/block/get] which has same signature as ResourceKey[hexcasting:action / moreiotas:string/block/get], overriding it.
[21Mar2026 17:50:17.708] [Render thread/WARN] [hexcasting/]: Inserted ResourceKey[hexcasting:action / hexcasting:print] which has same signature as ResourceKey[hexcasting:action / hexcasting:print], overriding it.
[21Mar2026 17:50:17.708] [Render thread/WARN] [hexcasting/]: Inserted ResourceKey[hexcasting:action / hexcasting:rotate_reverse] which has same signature as ResourceKey[hexcasting:action / hexcasting:rotate_reverse], overriding it.
[21Mar2026 17:50:17.709] [Render thread/WARN] [hexcasting/]: Inserted ResourceKey[hexcasting:action / hexal:link/get] which has same signature as ResourceKey[hexcasting:action / hexal:link/get], overriding it.
[21Mar2026 17:50:17.709] [Render thread/WARN] [hexcasting/]: Inserted ResourceKey[hexcasting:action / hexal:running/sum] which has same signature as ResourceKey[hexcasting:action / hexal:running/sum], overriding it.
[21Mar2026 17:50:17.709] [Render thread/WARN] [hexcasting/]: Inserted ResourceKey[hexcasting:action / oneironaut:readideawriter] which has same signature as ResourceKey[hexcasting:action / oneironaut:readideawriter], overriding it.
[21Mar2026 17:50:17.709] [Render thread/WARN] [hexcasting/]: Inserted ResourceKey[hexcasting:action / hexcasting:or] which has same signature as ResourceKey[hexcasting:action / hexcasting:or], overriding it.
[21Mar2026 17:50:17.709] [Render thread/WARN] [hexcasting/]: Inserted ResourceKey[hexcasting:action / moreiotas:get_entity/type] which has same signature as ResourceKey[hexcasting:action / moreiotas:get_entity/type], overriding it.
[21Mar2026 17:50:17.709] [Render thread/WARN] [hexcasting/]: Inserted ResourceKey[hexcasting:action / moreiotas:string/chat/caster] which has same signature as ResourceKey[hexcasting:action / moreiotas:string/chat/caster], overriding it.
[21Mar2026 17:50:17.709] [Render thread/WARN] [hexcasting/]: Inserted ResourceKey[hexcasting:action / hexcasting:swap] which has same signature as ResourceKey[hexcasting:action / hexcasting:swap], overriding it.
[21Mar2026 17:50:17.709] [Render thread/WARN] [hexcasting/]: Inserted ResourceKey[hexcasting:action / hexal:wisp/transfer/others/allow] which has same signature as ResourceKey[hexcasting:action / hexal:wisp/transfer/others/allow], overriding it.
[21Mar2026 17:50:17.709] [Render thread/WARN] [hexcasting/]: Inserted ResourceKey[hexcasting:action / moreiotas:item/prop/size/set] which has same signature as ResourceKey[hexcasting:action / moreiotas:item/prop/size/set], overriding it.
[21Mar2026 17:50:17.709] [Render thread/WARN] [hexcasting/]: Inserted ResourceKey[hexcasting:action / hexcasting:construct_vec] which has same signature as ResourceKey[hexcasting:action / hexcasting:construct_vec], overriding it.
[21Mar2026 17:50:17.709] [Render thread/WARN] [hexcasting/]: Inserted ResourceKey[hexcasting:action / hexcasting:arctan2] which has same signature as ResourceKey[hexcasting:action / hexcasting:arctan2], overriding it.
[21Mar2026 17:50:17.709] [Render thread/WARN] [hexcasting/]: Inserted ResourceKey[hexcasting:action / hexcasting:readable/entity] which has same signature as ResourceKey[hexcasting:action / hexcasting:readable/entity], overriding it.
[21Mar2026 17:50:17.709] [Render thread/WARN] [hexcasting/]: Inserted ResourceKey[hexcasting:action / hexcasting:zone_entity/not_item] which has same signature as ResourceKey[hexcasting:action / hexcasting:zone_entity/not_item], overriding it.
[21Mar2026 17:50:17.709] [Render thread/WARN] [hexcasting/]: Inserted ResourceKey[hexcasting:action / moreiotas:string/empty] which has same signature as ResourceKey[hexcasting:action / moreiotas:string/empty], overriding it.
[21Mar2026 17:50:17.709] [Render thread/WARN] [hexcasting/]: Inserted ResourceKey[hexcasting:action / moreiotas:altpow] which has same signature as ResourceKey[hexcasting:action / moreiotas:altpow], overriding it.
[21Mar2026 17:50:17.709] [Render thread/WARN] [hexcasting/]: Inserted ResourceKey[hexcasting:action / hexcasting:if] which has same signature as ResourceKey[hexcasting:action / hexcasting:if], overriding it.
[21Mar2026 17:50:17.709] [Render thread/WARN] [hexcasting/]: Inserted ResourceKey[hexcasting:action / hexal:wisp/transfer/others/disallow] which has same signature as ResourceKey[hexcasting:action / hexal:wisp/transfer/others/disallow], overriding it.
[21Mar2026 17:50:17.709] [Render thread/WARN] [hexcasting/]: Inserted ResourceKey[hexcasting:action / moreiotas:type/iota] which has same signature as ResourceKey[hexcasting:action / moreiotas:type/iota], overriding it.
[21Mar2026 17:50:17.709] [Render thread/WARN] [hexcasting/]: Inserted ResourceKey[hexcasting:action / oneironaut:getrodpos] which has same signature as ResourceKey[hexcasting:action / oneironaut:getrodpos], overriding it.
[21Mar2026 17:50:17.709] [Render thread/WARN] [hexcasting/]: Inserted ResourceKey[hexcasting:action / oneironaut:extradimensionaleval] which has same signature as ResourceKey[hexcasting:action / oneironaut:extradimensionaleval], overriding it.
[21Mar2026 17:50:17.709] [Render thread/WARN] [hexcasting/]: Inserted ResourceKey[hexcasting:action / hexcasting:zone_entity/not_living] which has same signature as ResourceKey[hexcasting:action / hexcasting:zone_entity/not_living], overriding it.
[21Mar2026 17:50:17.709] [Render thread/WARN] [hexcasting/]: Inserted ResourceKey[hexcasting:action / hexal:factorial] which has same signature as ResourceKey[hexcasting:action / hexal:factorial], overriding it.
[21Mar2026 17:50:17.709] [Render thread/WARN] [hexcasting/]: Inserted ResourceKey[hexcasting:action / hexcasting:craft/trinket] which has same signature as ResourceKey[hexcasting:action / hexcasting:craft/trinket], overriding it.
[21Mar2026 17:50:17.709] [Render thread/WARN] [hexcasting/]: Inserted ResourceKey[hexcasting:action / hexcasting:writable/entity] which has same signature as ResourceKey[hexcasting:action / hexcasting:writable/entity], overriding it.
[21Mar2026 17:50:17.709] [Render thread/WARN] [hexcasting/]: Inserted ResourceKey[hexcasting:action / hexal:toughness] which has same signature as ResourceKey[hexcasting:action / hexal:toughness], overriding it.
[21Mar2026 17:50:17.709] [Render thread/WARN] [hexcasting/]: Inserted ResourceKey[hexcasting:action / hexcasting:bonemeal] which has same signature as ResourceKey[hexcasting:action / hexcasting:bonemeal], overriding it.
[21Mar2026 17:50:17.709] [Render thread/WARN] [hexcasting/]: Inserted ResourceKey[hexcasting:action / hexal:mote/storage/contains] which has same signature as ResourceKey[hexcasting:action / hexal:mote/storage/contains], overriding it.
[21Mar2026 17:50:17.710] [Render thread/WARN] [hexcasting/]: Inserted ResourceKey[hexcasting:action / moreiotas:matrix/make] which has same signature as ResourceKey[hexcasting:action / moreiotas:matrix/make], overriding it.
[21Mar2026 17:50:17.710] [Render thread/WARN] [hexcasting/]: Inserted ResourceKey[hexcasting:action / moreiotas:zone_entity/not_type] which has same signature as ResourceKey[hexcasting:action / moreiotas:zone_entity/not_type], overriding it.
[21Mar2026 17:50:17.710] [Render thread/WARN] [hexcasting/]: Inserted ResourceKey[hexcasting:action / hexal:light_level] which has same signature as ResourceKey[hexcasting:action / hexal:light_level], overriding it.
[21Mar2026 17:50:17.710] [Render thread/WARN] [hexcasting/]: Inserted ResourceKey[hexcasting:action / hexcasting:abs] which has same signature as ResourceKey[hexcasting:action / hexcasting:abs], overriding it.
[21Mar2026 17:50:17.710] [Render thread/WARN] [hexcasting/]: Inserted ResourceKey[hexcasting:action / moreiotas:string/newline] which has same signature as ResourceKey[hexcasting:action / moreiotas:string/newline], overriding it.
[21Mar2026 17:50:17.710] [Render thread/WARN] [hexcasting/]: Inserted ResourceKey[hexcasting:action / moreiotas:string/comma] which has same signature as ResourceKey[hexcasting:action / moreiotas:string/comma], overriding it.
[21Mar2026 17:50:17.710] [Render thread/WARN] [hexcasting/]: Inserted ResourceKey[hexcasting:action / hexcasting:not_equals] which has same signature as ResourceKey[hexcasting:action / hexcasting:not_equals], overriding it.
[21Mar2026 17:50:17.710] [Render thread/WARN] [hexcasting/]: Inserted ResourceKey[hexcasting:action / hexal:wisp/trigger/move] which has same signature as ResourceKey[hexcasting:action / hexal:wisp/trigger/move], overriding it.
[21Mar2026 17:50:17.710] [Render thread/WARN] [hexcasting/]: Inserted ResourceKey[hexcasting:action / hexcasting:const/double/pi] which has same signature as ResourceKey[hexcasting:action / hexcasting:const/double/pi], overriding it.
[21Mar2026 17:50:17.710] [Render thread/WARN] [hexcasting/]: Inserted ResourceKey[hexcasting:action / hexcasting:potion/levitation] which has same signature as ResourceKey[hexcasting:action / hexcasting:potion/levitation], overriding it.
[21Mar2026 17:50:17.710] [Render thread/WARN] [hexcasting/]: Inserted ResourceKey[hexcasting:action / hexcasting:explode/fire] which has same signature as ResourceKey[hexcasting:action / hexcasting:explode/fire], overriding it.
[21Mar2026 17:50:17.710] [Render thread/WARN] [hexcasting/]: Inserted ResourceKey[hexcasting:action / hexcasting:floor] which has same signature as ResourceKey[hexcasting:action / hexcasting:floor], overriding it.
[21Mar2026 17:50:17.710] [Render thread/WARN] [hexcasting/]: Inserted ResourceKey[hexcasting:action / oneironaut:getsoulprint] which has same signature as ResourceKey[hexcasting:action / oneironaut:getsoulprint], overriding it.
[21Mar2026 17:50:17.710] [Render thread/WARN] [hexcasting/]: Inserted ResourceKey[hexcasting:action / hexcasting:slice] which has same signature as ResourceKey[hexcasting:action / hexcasting:slice], overriding it.
[21Mar2026 17:50:17.710] [Render thread/WARN] [hexcasting/]: Inserted ResourceKey[hexcasting:action / hexcasting:potion/slowness] which has same signature as ResourceKey[hexcasting:action / hexcasting:potion/slowness], overriding it.
[21Mar2026 17:50:17.710] [Render thread/WARN] [hexcasting/]: Inserted ResourceKey[hexcasting:action / hexal:mote/combinable] which has same signature as ResourceKey[hexcasting:action / hexal:mote/combinable], overriding it.
[21Mar2026 17:50:17.710] [Render thread/WARN] [hexcasting/]: Inserted ResourceKey[hexcasting:action / hexcasting:sin] which has same signature as ResourceKey[hexcasting:action / hexcasting:sin], overriding it.
[21Mar2026 17:50:17.710] [Render thread/WARN] [hexcasting/]: Inserted ResourceKey[hexcasting:action / hexcasting:read/local] which has same signature as ResourceKey[hexcasting:action / hexcasting:read/local], overriding it.
[21Mar2026 17:50:17.710] [Render thread/WARN] [hexcasting/]: Inserted ResourceKey[hexcasting:action / hexcasting:circle/bounds/max] which has same signature as ResourceKey[hexcasting:action / hexcasting:circle/bounds/max], overriding it.
[21Mar2026 17:50:17.710] [Render thread/WARN] [hexcasting/]: Inserted ResourceKey[hexcasting:action / hexal:gate/close] which has same signature as ResourceKey[hexcasting:action / hexal:gate/close], overriding it.
[21Mar2026 17:50:17.710] [Render thread/WARN] [hexcasting/]: Inserted ResourceKey[hexcasting:action / hexal:falling_block] which has same signature as ResourceKey[hexcasting:action / hexal:falling_block], overriding it.
[21Mar2026 17:50:17.710] [Render thread/WARN] [hexcasting/]: Inserted ResourceKey[hexcasting:action / oneironaut:haltrod] which has same signature as ResourceKey[hexcasting:action / oneironaut:haltrod], overriding it.
[21Mar2026 17:50:17.710] [Render thread/WARN] [hexcasting/]: Inserted ResourceKey[hexcasting:action / oneironaut:getdim/overworld] which has same signature as ResourceKey[hexcasting:action / oneironaut:getdim/overworld], overriding it.
[21Mar2026 17:50:17.710] [Render thread/WARN] [hexcasting/]: Inserted ResourceKey[hexcasting:action / hexcasting:fisherman] which has same signature as ResourceKey[hexcasting:action / hexcasting:fisherman], overriding it.
[21Mar2026 17:50:17.710] [Render thread/WARN] [hexcasting/]: Inserted ResourceKey[hexcasting:action / hexcasting:raycast/entity] which has same signature as ResourceKey[hexcasting:action / hexcasting:raycast/entity], overriding it.
[21Mar2026 17:50:17.710] [Render thread/WARN] [hexcasting/]: Inserted ResourceKey[hexcasting:action / oneironaut:checksignature] which has same signature as ResourceKey[hexcasting:action / oneironaut:checksignature], overriding it.
[21Mar2026 17:50:17.710] [Render thread/WARN] [hexcasting/]: Inserted ResourceKey[hexcasting:action / hexcasting:tuck] which has same signature as ResourceKey[hexcasting:action / hexcasting:tuck], overriding it.
[21Mar2026 17:50:17.710] [Render thread/WARN] [hexcasting/]: Inserted ResourceKey[hexcasting:action / hexcasting:const/true] which has same signature as ResourceKey[hexcasting:action / hexcasting:const/true], overriding it.
[21Mar2026 17:50:17.710] [Render thread/WARN] [hexcasting/]: Inserted ResourceKey[hexcasting:action / oneironaut:readideatype] which has same signature as ResourceKey[hexcasting:action / oneironaut:readideatype], overriding it.
[21Mar2026 17:50:17.710] [Render thread/WARN] [hexcasting/]: Inserted ResourceKey[hexcasting:action / hexcasting:craft/artifact] which has same signature as ResourceKey[hexcasting:action / hexcasting:craft/artifact], overriding it.
[21Mar2026 17:50:17.710] [Render thread/WARN] [hexcasting/]: Inserted ResourceKey[hexcasting:action / hexcasting:add] which has same signature as ResourceKey[hexcasting:action / hexcasting:add], overriding it.
[21Mar2026 17:50:17.710] [Render thread/WARN] [hexcasting/]: Inserted ResourceKey[hexcasting:action / hexal:mote/villager/level/get] which has same signature as ResourceKey[hexcasting:action / hexal:mote/villager/level/get], overriding it.
[21Mar2026 17:50:17.710] [Render thread/WARN] [hexcasting/]: Inserted ResourceKey[hexcasting:action / oneironaut:writerodram] which has same signature as ResourceKey[hexcasting:action / oneironaut:writerodram], overriding it.
[21Mar2026 17:50:17.710] [Render thread/WARN] [hexcasting/]: Inserted ResourceKey[hexcasting:action / hexcasting:unique] which has same signature as ResourceKey[hexcasting:action / hexcasting:unique], overriding it.
[21Mar2026 17:50:17.710] [Render thread/WARN] [hexcasting/]: Inserted ResourceKey[hexcasting:action / hexal:link/comm/open_transmit] which has same signature as ResourceKey[hexcasting:action / hexal:link/comm/open_transmit], overriding it.
[21Mar2026 17:50:17.710] [Render thread/WARN] [hexcasting/]: Inserted ResourceKey[hexcasting:action / hexcasting:mul] which has same signature as ResourceKey[hexcasting:action / hexcasting:mul], overriding it.
[21Mar2026 17:50:17.710] [Render thread/WARN] [hexcasting/]: Inserted ResourceKey[hexcasting:action / hexal:mote/storage/bind/temp] which has same signature as ResourceKey[hexcasting:action / hexal:mote/storage/bind/temp], overriding it.
[21Mar2026 17:50:17.710] [Render thread/WARN] [hexcasting/]: Inserted ResourceKey[hexcasting:action / hexcasting:get_entity_velocity] which has same signature as ResourceKey[hexcasting:action / hexcasting:get_entity_velocity], overriding it.
[21Mar2026 17:50:17.710] [Render thread/WARN] [hexcasting/]: Inserted ResourceKey[hexcasting:action / hexcasting:const/double/e] which has same signature as ResourceKey[hexcasting:action / hexcasting:const/double/e], overriding it.
[21Mar2026 17:50:17.710] [Render thread/WARN] [hexcasting/]: Inserted ResourceKey[hexcasting:action / hexcasting:destroy_water] which has same signature as ResourceKey[hexcasting:action / hexcasting:destroy_water], overriding it.
[21Mar2026 17:50:17.712] [Render thread/WARN] [hexcasting/]: Inserted ResourceKey[hexcasting:action / moreiotas:altdiv] which has same signature as ResourceKey[hexcasting:action / moreiotas:altdiv], overriding it.
[21Mar2026 17:50:17.712] [Render thread/WARN] [hexcasting/]: Inserted ResourceKey[hexcasting:action / hexal:running/mul] which has same signature as ResourceKey[hexcasting:action / hexal:running/mul], overriding it.
[21Mar2026 17:50:17.712] [Render thread/WARN] [hexcasting/]: Inserted ResourceKey[hexcasting:action / oneironaut:readideatime] which has same signature as ResourceKey[hexcasting:action / oneironaut:readideatime], overriding it.
[21Mar2026 17:50:17.712] [Render thread/WARN] [hexcasting/]: Inserted ResourceKey[hexcasting:action / hexcasting:conjure_light] which has same signature as ResourceKey[hexcasting:action / hexcasting:conjure_light], overriding it.
[21Mar2026 17:50:17.712] [Render thread/WARN] [hexcasting/]: Inserted ResourceKey[hexcasting:action / hexcasting:circle/impetus_pos] which has same signature as ResourceKey[hexcasting:action / hexcasting:circle/impetus_pos], overriding it.
[21Mar2026 17:50:17.712] [Render thread/WARN] [hexcasting/]: Inserted ResourceKey[hexcasting:action / hexcasting:conjure_block] which has same signature as ResourceKey[hexcasting:action / hexcasting:conjure_block], overriding it.
[21Mar2026 17:50:17.712] [Render thread/WARN] [hexcasting/]: Inserted ResourceKey[hexcasting:action / hexal:link/unlink] which has same signature as ResourceKey[hexcasting:action / hexal:link/unlink], overriding it.
[21Mar2026 17:50:17.712] [Render thread/WARN] [hexcasting/]: Inserted ResourceKey[hexcasting:action / oneironaut:readsentinel] which has same signature as ResourceKey[hexcasting:action / oneironaut:readsentinel], overriding it.
[21Mar2026 17:50:17.712] [Render thread/WARN] [hexcasting/]: Inserted ResourceKey[hexcasting:action / hexcasting:get_entity/monster] which has same signature as ResourceKey[hexcasting:action / hexcasting:get_entity/monster], overriding it.
[21Mar2026 17:50:17.712] [Render thread/WARN] [hexcasting/]: Inserted ResourceKey[hexcasting:action / hexal:link/comm/clear] which has same signature as ResourceKey[hexcasting:action / hexal:link/comm/clear], overriding it.
[21Mar2026 17:50:17.712] [Render thread/WARN] [hexcasting/]: Inserted ResourceKey[hexcasting:action / moreiotas:item/inventory/items] which has same signature as ResourceKey[hexcasting:action / moreiotas:item/inventory/items], overriding it.
[21Mar2026 17:50:17.712] [Render thread/WARN] [hexcasting/]: Inserted ResourceKey[hexcasting:action / hexcasting:halt] which has same signature as ResourceKey[hexcasting:action / hexcasting:halt], overriding it.
[21Mar2026 17:50:17.712] [Render thread/WARN] [hexcasting/]: Inserted ResourceKey[hexcasting:action / hexal:mote/make] which has same signature as ResourceKey[hexcasting:action / hexal:mote/make], overriding it.
[21Mar2026 17:50:17.712] [Render thread/WARN] [hexcasting/]: Inserted ResourceKey[hexcasting:action / hexal:link/comm/send] which has same signature as ResourceKey[hexcasting:action / hexal:link/comm/send], overriding it.
[21Mar2026 17:50:17.712] [Render thread/WARN] [hexcasting/]: Inserted ResourceKey[hexcasting:action / hexcasting:write/entity] which has same signature as ResourceKey[hexcasting:action / hexcasting:write/entity], overriding it.
[21Mar2026 17:50:17.712] [Render thread/WARN] [hexcasting/]: Inserted ResourceKey[hexcasting:action / hexal:link/unlink/others] which has same signature as ResourceKey[hexcasting:action / hexal:link/unlink/others], overriding it.
[21Mar2026 17:50:17.712] [Render thread/WARN] [hexcasting/]: Inserted ResourceKey[hexcasting:action / moreiotas:string/parse] which has same signature as ResourceKey[hexcasting:action / moreiotas:string/parse], overriding it.
[21Mar2026 17:50:17.712] [Render thread/WARN] [hexcasting/]: Inserted ResourceKey[hexcasting:action / hexcasting:sentinel/get_pos] which has same signature as ResourceKey[hexcasting:action / hexcasting:sentinel/get_pos], overriding it.
[21Mar2026 17:50:17.712] [Render thread/WARN] [hexcasting/]: Inserted ResourceKey[hexcasting:action / hexcasting:extinguish] which has same signature as ResourceKey[hexcasting:action / hexcasting:extinguish], overriding it.
[21Mar2026 17:50:17.712] [Render thread/WARN] [hexcasting/]: Inserted ResourceKey[hexcasting:action / hexal:place_type] which has same signature as ResourceKey[hexcasting:action / hexal:place_type], overriding it.
[21Mar2026 17:50:17.712] [Render thread/WARN] [hexcasting/]: Inserted ResourceKey[hexcasting:action / moreiotas:string/action] which has same signature as ResourceKey[hexcasting:action / moreiotas:string/action], overriding it.
[21Mar2026 17:50:17.713] [Render thread/WARN] [hexcasting/]: Inserted ResourceKey[hexcasting:action / hexal:wisp/media] which has same signature as ResourceKey[hexcasting:action / hexal:wisp/media], overriding it.
[21Mar2026 17:50:17.713] [Render thread/WARN] [hexcasting/]: Inserted ResourceKey[hexcasting:action / hexal:mote/split] which has same signature as ResourceKey[hexcasting:action / hexal:mote/split], overriding it.
[21Mar2026 17:50:17.713] [Render thread/WARN] [hexcasting/]: Inserted ResourceKey[hexcasting:action / hexcasting:akashic/read] which has same signature as ResourceKey[hexcasting:action / hexcasting:akashic/read], overriding it.
[21Mar2026 17:50:17.713] [Render thread/WARN] [hexcasting/]: Inserted ResourceKey[hexcasting:action / hexcasting:zone_entity/not_player] which has same signature as ResourceKey[hexcasting:action / hexcasting:zone_entity/not_player], overriding it.
[21Mar2026 17:50:17.713] [Render thread/WARN] [hexcasting/]: Inserted ResourceKey[hexcasting:action / hexcasting:entity_pos/eye] which has same signature as ResourceKey[hexcasting:action / hexcasting:entity_pos/eye], overriding it.
[21Mar2026 17:50:17.713] [Render thread/WARN] [hexcasting/]: Inserted ResourceKey[hexcasting:action / hexal:freeze] which has same signature as ResourceKey[hexcasting:action / hexal:freeze], overriding it.
[21Mar2026 17:50:17.713] [Render thread/WARN] [hexcasting/]: Inserted ResourceKey[hexcasting:action / hexcasting:eval/cc] which has same signature as ResourceKey[hexcasting:action / hexcasting:eval/cc], overriding it.
[21Mar2026 17:50:17.713] [Render thread/WARN] [hexcasting/]: Inserted ResourceKey[hexcasting:action / hexcasting:get_entity/animal] which has same signature as ResourceKey[hexcasting:action / hexcasting:get_entity/animal], overriding it.
[21Mar2026 17:50:17.713] [Render thread/WARN] [hexcasting/]: Inserted ResourceKey[hexcasting:action / moreiotas:string/chat/all] which has same signature as ResourceKey[hexcasting:action / moreiotas:string/chat/all], overriding it.
[21Mar2026 17:50:17.713] [Render thread/WARN] [hexcasting/]: Inserted ResourceKey[hexcasting:action / hexal:current_tick] which has same signature as ResourceKey[hexcasting:action / hexal:current_tick], overriding it.
[21Mar2026 17:50:17.713] [Render thread/WARN] [hexcasting/]: Inserted ResourceKey[hexcasting:action / moreiotas:string/name/get] which has same signature as ResourceKey[hexcasting:action / moreiotas:string/name/get], overriding it.
[21Mar2026 17:50:17.713] [Render thread/WARN] [hexcasting/]: Inserted ResourceKey[hexcasting:action / oneironaut:erosionshield] which has same signature as ResourceKey[hexcasting:action / oneironaut:erosionshield], overriding it.
[21Mar2026 17:50:17.714] [Render thread/WARN] [hexcasting/]: Inserted ResourceKey[hexcasting:action / hexal:mote/craft/preview] which has same signature as ResourceKey[hexcasting:action / hexal:mote/craft/preview], overriding it.
[21Mar2026 17:50:17.714] [Render thread/WARN] [hexcasting/]: Inserted ResourceKey[hexcasting:action / oneironaut:getdim1] which has same signature as ResourceKey[hexcasting:action / oneironaut:getdim1], overriding it.
[21Mar2026 17:50:17.714] [Render thread/WARN] [hexcasting/]: Inserted ResourceKey[hexcasting:action / moreiotas:string/chat/prefix/get] which has same signature as ResourceKey[hexcasting:action / moreiotas:string/chat/prefix/get], overriding it.
[21Mar2026 17:50:17.714] [Render thread/WARN] [hexcasting/]: Inserted ResourceKey[hexcasting:action / hexal:mote/contained/get] which has same signature as ResourceKey[hexcasting:action / hexal:mote/contained/get], overriding it.
[21Mar2026 17:50:17.714] [Render thread/WARN] [hexcasting/]: Inserted ResourceKey[hexcasting:action / hexal:wisp/move/speed/set] which has same signature as ResourceKey[hexcasting:action / hexal:wisp/move/speed/set], overriding it.
[21Mar2026 17:50:17.714] [Render thread/WARN] [hexcasting/]: Inserted ResourceKey[hexcasting:action / hexal:link] which has same signature as ResourceKey[hexcasting:action / hexal:link], overriding it.
[21Mar2026 17:50:17.714] [Render thread/WARN] [hexcasting/]: Inserted ResourceKey[hexcasting:action / moreiotas:altadd] which has same signature as ResourceKey[hexcasting:action / moreiotas:altadd], overriding it.
[21Mar2026 17:50:17.714] [Render thread/WARN] [hexcasting/]: Inserted ResourceKey[hexcasting:action / moreiotas:type/entity] which has same signature as ResourceKey[hexcasting:action / moreiotas:type/entity], overriding it.
[21Mar2026 17:50:17.714] [Render thread/WARN] [hexcasting/]: Inserted ResourceKey[hexcasting:action / hexcasting:greater_eq] which has same signature as ResourceKey[hexcasting:action / hexcasting:greater_eq], overriding it.
[21Mar2026 17:50:17.714] [Render thread/WARN] [hexcasting/]: Inserted ResourceKey[hexcasting:action / hexal:armour] which has same signature as ResourceKey[hexcasting:action / hexal:armour], overriding it.
[21Mar2026 17:50:17.714] [Render thread/WARN] [hexcasting/]: Inserted ResourceKey[hexcasting:action / hexcasting:potion/weakness] which has same signature as ResourceKey[hexcasting:action / hexcasting:potion/weakness], overriding it.
[21Mar2026 17:50:17.714] [Render thread/WARN] [hexcasting/]: Inserted ResourceKey[hexcasting:action / hexal:wisp/summon/ticking] which has same signature as ResourceKey[hexcasting:action / hexal:wisp/summon/ticking], overriding it.
[21Mar2026 17:50:17.714] [Render thread/WARN] [hexcasting/]: Inserted ResourceKey[hexcasting:action / hexcasting:circle/bounds/min] which has same signature as ResourceKey[hexcasting:action / hexcasting:circle/bounds/min], overriding it.
[21Mar2026 17:50:17.714] [Render thread/WARN] [hexcasting/]: Inserted ResourceKey[hexcasting:action / hexcasting:const/vec/px] which has same signature as ResourceKey[hexcasting:action / hexcasting:const/vec/px], overriding it.
[21Mar2026 17:50:17.714] [Render thread/WARN] [hexcasting/]: Inserted ResourceKey[hexcasting:action / hexcasting:unappend] which has same signature as ResourceKey[hexcasting:action / hexcasting:unappend], overriding it.
[21Mar2026 17:50:17.714] [Render thread/WARN] [hexcasting/]: Inserted ResourceKey[hexcasting:action / hexcasting:writable] which has same signature as ResourceKey[hexcasting:action / hexcasting:writable], overriding it.
[21Mar2026 17:50:17.714] [Render thread/WARN] [hexcasting/]: Inserted ResourceKey[hexcasting:action / hexcasting:cycle_variant] which has same signature as ResourceKey[hexcasting:action / hexcasting:cycle_variant], overriding it.
[21Mar2026 17:50:17.714] [Render thread/WARN] [hexcasting/]: Inserted ResourceKey[hexcasting:action / hexcasting:add_motion] which has same signature as ResourceKey[hexcasting:action / hexcasting:add_motion], overriding it.
[21Mar2026 17:50:17.714] [Render thread/WARN] [hexcasting/]: Inserted ResourceKey[hexcasting:action / hexcasting:ignite] which has same signature as ResourceKey[hexcasting:action / hexcasting:ignite], overriding it.
[21Mar2026 17:50:17.714] [Render thread/WARN] [hexcasting/]: Inserted ResourceKey[hexcasting:action / hexal:everbook/delete] which has same signature as ResourceKey[hexcasting:action / hexal:everbook/delete], overriding it.
[21Mar2026 17:50:17.714] [Render thread/WARN] [hexcasting/]: Inserted ResourceKey[hexcasting:action / oneironaut:circle] which has same signature as ResourceKey[hexcasting:action / oneironaut:circle], overriding it.
[21Mar2026 17:50:17.714] [Render thread/WARN] [hexcasting/]: Inserted ResourceKey[hexcasting:action / moreiotas:matrix/concat/hori] which has same signature as ResourceKey[hexcasting:action / moreiotas:matrix/concat/hori], overriding it.
[21Mar2026 17:50:17.714] [Render thread/WARN] [hexcasting/]: Inserted ResourceKey[hexcasting:action / hexcasting:readable] which has same signature as ResourceKey[hexcasting:action / hexcasting:readable], overriding it.
[21Mar2026 17:50:17.714] [Render thread/WARN] [hexcasting/]: Inserted ResourceKey[hexcasting:action / hexcasting:get_entity/player] which has same signature as ResourceKey[hexcasting:action / hexcasting:get_entity/player], overriding it.
[21Mar2026 17:50:17.714] [Render thread/WARN] [hexcasting/]: Inserted ResourceKey[hexcasting:action / oneironaut:rodloopactive] which has same signature as ResourceKey[hexcasting:action / oneironaut:rodloopactive], overriding it.
[21Mar2026 17:50:17.714] [Render thread/WARN] [hexcasting/]: Inserted ResourceKey[hexcasting:action / hexcasting:remove_from] which has same signature as ResourceKey[hexcasting:action / hexcasting:remove_from], overriding it.
[21Mar2026 17:50:17.714] [Render thread/WARN] [hexcasting/]: Inserted ResourceKey[hexcasting:action / hexcasting:zone_entity/player] which has same signature as ResourceKey[hexcasting:action / hexcasting:zone_entity/player], overriding it.
[21Mar2026 17:50:17.714] [Render thread/WARN] [hexcasting/]: Inserted ResourceKey[hexcasting:action / hexal:health] which has same signature as ResourceKey[hexcasting:action / hexal:health], overriding it.
[21Mar2026 17:50:17.714] [Render thread/WARN] [hexcasting/]: Inserted ResourceKey[hexcasting:action / moreiotas:type/to_item] which has same signature as ResourceKey[hexcasting:action / moreiotas:type/to_item], overriding it.
[21Mar2026 17:50:17.714] [Render thread/WARN] [hexcasting/]: Inserted ResourceKey[hexcasting:action / moreiotas:matrix/concat/vert] which has same signature as ResourceKey[hexcasting:action / moreiotas:matrix/concat/vert], overriding it.
[21Mar2026 17:50:17.715] [Render thread/WARN] [hexcasting/]: Inserted ResourceKey[hexcasting:action / hexcasting:replace] which has same signature as ResourceKey[hexcasting:action / hexcasting:replace], overriding it.
[21Mar2026 17:50:17.715] [Render thread/WARN] [hexcasting/]: Inserted ResourceKey[hexcasting:action / hexcasting:flight/range] which has same signature as ResourceKey[hexcasting:action / hexcasting:flight/range], overriding it.
[21Mar2026 17:50:17.715] [Render thread/WARN] [hexcasting/]: Inserted ResourceKey[hexcasting:action / hexal:link/comm/read] which has same signature as ResourceKey[hexcasting:action / hexal:link/comm/read], overriding it.
[21Mar2026 17:50:17.715] [Render thread/WARN] [hexcasting/]: Inserted ResourceKey[hexcasting:action / moreiotas:item/main_hand] which has same signature as ResourceKey[hexcasting:action / moreiotas:item/main_hand], overriding it.
[21Mar2026 17:50:17.715] [Render thread/WARN] [hexcasting/]: Inserted ResourceKey[hexcasting:action / hexcasting:logarithm] which has same signature as ResourceKey[hexcasting:action / hexcasting:logarithm], overriding it.
[21Mar2026 17:50:17.715] [Render thread/WARN] [hexcasting/]: Inserted ResourceKey[hexcasting:action / hexcasting:zone_entity/not_animal] which has same signature as ResourceKey[hexcasting:action / hexcasting:zone_entity/not_animal], overriding it.
[21Mar2026 17:50:17.715] [Render thread/WARN] [hexcasting/]: Inserted ResourceKey[hexcasting:action / hexal:mote/storage/get] which has same signature as ResourceKey[hexcasting:action / hexal:mote/storage/get], overriding it.
[21Mar2026 17:50:17.715] [Render thread/WARN] [hexcasting/]: Inserted ResourceKey[hexcasting:action / oneironaut:dimteleport] which has same signature as ResourceKey[hexcasting:action / oneironaut:dimteleport], overriding it.
[21Mar2026 17:50:17.715] [Render thread/WARN] [hexcasting/]: Inserted ResourceKey[hexcasting:action / hexcasting:swizzle] which has same signature as ResourceKey[hexcasting:action / hexcasting:swizzle], overriding it.
[21Mar2026 17:50:17.715] [Render thread/WARN] [hexcasting/]: Inserted ResourceKey[hexcasting:action / hexal:gate/unmark] which has same signature as ResourceKey[hexcasting:action / hexal:gate/unmark], overriding it.
[21Mar2026 17:50:17.715] [Render thread/WARN] [hexcasting/]: Inserted ResourceKey[hexcasting:action / hexcasting:pow] which has same signature as ResourceKey[hexcasting:action / hexcasting:pow], overriding it.
[21Mar2026 17:50:17.715] [Render thread/WARN] [hexcasting/]: Inserted ResourceKey[hexcasting:action / hexcasting:index] which has same signature as ResourceKey[hexcasting:action / hexcasting:index], overriding it.
[21Mar2026 17:50:17.715] [Render thread/WARN] [hexcasting/]: Inserted ResourceKey[hexcasting:action / moreiotas:string/split] which has same signature as ResourceKey[hexcasting:action / moreiotas:string/split], overriding it.
[21Mar2026 17:50:17.715] [Render thread/WARN] [hexcasting/]: Inserted ResourceKey[hexcasting:action / hexal:mote/return] which has same signature as ResourceKey[hexcasting:action / hexal:mote/return], overriding it.
[21Mar2026 17:50:17.715] [Render thread/WARN] [hexcasting/]: Inserted ResourceKey[hexcasting:action / hexcasting:deconstruct_vec] which has same signature as ResourceKey[hexcasting:action / hexcasting:deconstruct_vec], overriding it.
[21Mar2026 17:50:17.715] [Render thread/WARN] [hexcasting/]: Inserted ResourceKey[hexcasting:action / hexcasting:create_water] which has same signature as ResourceKey[hexcasting:action / hexcasting:create_water], overriding it.
[21Mar2026 17:50:17.715] [Render thread/WARN] [hexcasting/]: Inserted ResourceKey[hexcasting:action / oneironaut:releaseidea_entity] which has same signature as ResourceKey[hexcasting:action / oneironaut:releaseidea_entity], overriding it.
[21Mar2026 17:50:17.715] [Render thread/WARN] [hexcasting/]: Inserted ResourceKey[hexcasting:action / hexcasting:get_entity_look] which has same signature as ResourceKey[hexcasting:action / hexcasting:get_entity_look], overriding it.
[21Mar2026 17:50:17.715] [Render thread/WARN] [hexcasting/]: Inserted ResourceKey[hexcasting:action / hexal:smelt] which has same signature as ResourceKey[hexcasting:action / hexal:smelt], overriding it.
[21Mar2026 17:50:17.715] [Render thread/WARN] [hexcasting/]: Inserted ResourceKey[hexcasting:action / oneironaut:readrodramremote] which has same signature as ResourceKey[hexcasting:action / oneironaut:readrodramremote], overriding it.
[21Mar2026 17:50:17.715] [Render thread/WARN] [hexcasting/]: Inserted ResourceKey[hexcasting:action / hexcasting:index_of] which has same signature as ResourceKey[hexcasting:action / hexcasting:index_of], overriding it.
[21Mar2026 17:50:17.715] [Render thread/WARN] [hexcasting/]: Inserted ResourceKey[hexcasting:action / moreiotas:type/item_held] which has same signature as ResourceKey[hexcasting:action / moreiotas:type/item_held], overriding it.
[21Mar2026 17:50:17.715] [Render thread/WARN] [hexcasting/]: Inserted ResourceKey[hexcasting:action / hexcasting:over] which has same signature as ResourceKey[hexcasting:action / hexcasting:over], overriding it.
[21Mar2026 17:50:17.715] [Render thread/WARN] [hexcasting/]: Inserted ResourceKey[hexcasting:action / hexcasting:splat] which has same signature as ResourceKey[hexcasting:action / hexcasting:splat], overriding it.
[21Mar2026 17:50:17.715] [Render thread/WARN] [hexcasting/]: Inserted ResourceKey[hexcasting:action / hexal:mote/craft] which has same signature as ResourceKey[hexcasting:action / hexal:mote/craft], overriding it.
[21Mar2026 17:50:17.716] [Render thread/WARN] [hexcasting/]: Inserted ResourceKey[hexcasting:action / hexcasting:recharge] which has same signature as ResourceKey[hexcasting:action / hexcasting:recharge], overriding it.
[21Mar2026 17:50:17.716] [Render thread/INFO] [hexcasting/]: We're on the client! Loaded 318 regular actions, 18 per-world actions, and 2 special handlers
[21Mar2026 17:50:18.108] [Render thread/INFO] [net.minecraft.advancements.AdvancementList/]: Loaded 11 advancements
[21Mar2026 17:50:18.113] [Render thread/INFO] [patchouli/]: BookContentResourceListenerLoader: Files found in 334.1 μs
[21Mar2026 17:50:18.117] [Render thread/WARN] [patchouli/]: Queried for unknown config flag: hexcasting:any_interop
[21Mar2026 17:50:18.119] [Render thread/INFO] [patchouli/]: BookContentResourceListenerLoader: Files found in 255.9 μs
[21Mar2026 17:50:18.147] [Render thread/WARN] [patchouli/]: Queried for unknown config flag: hexcasting:any_interop
[21Mar2026 17:50:18.148] [Render thread/INFO] [patchouli/]: BookContentResourceListenerLoader: Files found in 134.1 μs
[21Mar2026 17:50:18.417] [Render thread/DEBUG] [hexal/]: loading everbook {macros:[],uuid:[I;940439953,-167562164,-1601161573,-1389718966]} for 380df991-f603-344c-a090-369bad2a924a from .\everbook\everbook-380df991-f603-344c-a090-369bad2a924a.dat
[21Mar2026 17:50:18.418] [Render thread/INFO] [hexal/]: Serialized everbook data of size 273 compressed to size 62
[21Mar2026 17:50:18.420] [Netty Server IO #1/INFO] [hexal/]: Deserializing everbook data of size 62 decompressed to size 273
[21Mar2026 17:50:18.928] [Server thread/INFO] [net.minecraft.client.server.IntegratedServer/]: Saving and pausing game...
[21Mar2026 17:50:18.937] [Server thread/INFO] [net.minecraft.server.MinecraftServer/]: Saving chunks for level 'ServerLevel[New World]'/minecraft:overworld
[21Mar2026 17:50:19.444] [Server thread/INFO] [net.minecraft.server.MinecraftServer/]: Saving chunks for level 'ServerLevel[New World]'/oneironaut:noosphere
[21Mar2026 17:50:19.445] [Server thread/INFO] [net.minecraft.server.MinecraftServer/]: Saving chunks for level 'ServerLevel[New World]'/oneironaut:deep_noosphere
[21Mar2026 17:50:19.446] [Server thread/INFO] [net.minecraft.server.MinecraftServer/]: Saving chunks for level 'ServerLevel[New World]'/minecraft:the_nether
[21Mar2026 17:50:19.448] [Server thread/INFO] [net.minecraft.server.MinecraftServer/]: Saving chunks for level 'ServerLevel[New World]'/minecraft:the_end
[21Mar2026 17:50:19.451] [Server thread/DEBUG] [net.minecraftforge.common.ForgeHooks/WP]: Gathering id map for writing to world save New World
[21Mar2026 17:50:19.457] [Server thread/DEBUG] [net.minecraftforge.common.ForgeHooks/WP]: ID Map collection complete New World
[21Mar2026 17:51:57.539] [Render thread/INFO] [net.minecraft.advancements.AdvancementList/]: Loaded 29 advancements
[21Mar2026 17:52:00.051] [Render thread/DEBUG] [io.netty.util.internal.ThreadLocalRandom/]: -Dio.netty.initialSeedUniquifier: 0x16ec812e4070af41
[21Mar2026 17:52:00.783] [Worker-Main-8/DEBUG] [hexal/]: making a slipway at BlockPos{x=70, y=35, z=-20}, origin is BlockPos{x=65, y=30, z=-26}
[21Mar2026 17:52:00.826] [Worker-Main-15/DEBUG] [hexal/]: making a slipway at BlockPos{x=83, y=-6, z=40}, origin is BlockPos{x=78, y=-11, z=34}
[21Mar2026 17:52:01.043] [Worker-Main-4/DEBUG] [hexal/]: making a slipway at BlockPos{x=78, y=-20, z=262}, origin is BlockPos{x=73, y=-24, z=257}
[21Mar2026 17:52:05.429] [Render thread/INFO] [net.minecraft.advancements.AdvancementList/]: Loaded 44 advancements
[21Mar2026 17:52:20.285] [Render thread/WARN] [net.minecraft.client.sounds.SoundEngine/SOUNDS]: Unable to play empty soundEvent: minecraft:entity.salmon.ambient
[21Mar2026 17:52:28.466] [Server thread/INFO] [net.minecraft.server.MinecraftServer/]: Dev has made the advancement [Hexcaster's Memory #4]
[21Mar2026 17:52:28.477] [Render thread/INFO] [net.minecraft.client.gui.components.ChatComponent/]: [System] [CHAT] Dev has made the advancement [Hexcaster's Memory #4]
[21Mar2026 17:52:28.518] [Render thread/INFO] [net.minecraft.advancements.AdvancementList/]: Loaded 64 advancements
[21Mar2026 17:52:28.666] [Server thread/INFO] [net.minecraft.server.MinecraftServer/]: Dev has made the advancement [Scientist's Memory #3]
[21Mar2026 17:52:28.673] [Render thread/INFO] [net.minecraft.client.gui.components.ChatComponent/]: [System] [CHAT] Dev has made the advancement [Scientist's Memory #3]
[21Mar2026 17:52:28.716] [Render thread/INFO] [net.minecraft.advancements.AdvancementList/]: Loaded 65 advancements
[21Mar2026 17:52:28.864] [Server thread/INFO] [net.minecraft.server.MinecraftServer/]: Dev has made the advancement [Hexcaster's Memory #2]
[21Mar2026 17:52:28.869] [Render thread/INFO] [net.minecraft.client.gui.components.ChatComponent/]: [System] [CHAT] Dev has made the advancement [Hexcaster's Memory #2]
[21Mar2026 17:52:28.919] [Render thread/INFO] [net.minecraft.advancements.AdvancementList/]: Loaded 66 advancements
[21Mar2026 17:52:29.065] [Server thread/INFO] [net.minecraft.server.MinecraftServer/]: Dev has made the advancement [Scientist's Memory #1]
[21Mar2026 17:52:29.069] [Render thread/INFO] [net.minecraft.client.gui.components.ChatComponent/]: [System] [CHAT] Dev has made the advancement [Scientist's Memory #1]
[21Mar2026 17:52:29.120] [Render thread/INFO] [net.minecraft.advancements.AdvancementList/]: Loaded 67 advancements
[21Mar2026 17:52:29.264] [Server thread/INFO] [net.minecraft.server.MinecraftServer/]: Dev has made the advancement [Hexcaster's Memory #3]
[21Mar2026 17:52:29.274] [Render thread/INFO] [net.minecraft.client.gui.components.ChatComponent/]: [System] [CHAT] Dev has made the advancement [Hexcaster's Memory #3]
[21Mar2026 17:52:29.315] [Render thread/INFO] [net.minecraft.advancements.AdvancementList/]: Loaded 68 advancements
[21Mar2026 17:52:29.465] [Server thread/INFO] [net.minecraft.server.MinecraftServer/]: Dev has made the advancement [Scientist's Memory #2]
[21Mar2026 17:52:29.466] [Render thread/INFO] [net.minecraft.client.gui.components.ChatComponent/]: [System] [CHAT] Dev has made the advancement [Scientist's Memory #2]
[21Mar2026 17:52:29.517] [Render thread/INFO] [net.minecraft.advancements.AdvancementList/]: Loaded 69 advancements
[21Mar2026 17:52:29.665] [Server thread/INFO] [net.minecraft.server.MinecraftServer/]: Dev has made the advancement [Hexcaster's Memory #1]
[21Mar2026 17:52:29.669] [Render thread/INFO] [net.minecraft.client.gui.components.ChatComponent/]: [System] [CHAT] Dev has made the advancement [Hexcaster's Memory #1]
[21Mar2026 17:52:29.719] [Render thread/INFO] [net.minecraft.advancements.AdvancementList/]: Loaded 70 advancements
[21Mar2026 17:53:02.509] [Server thread/INFO] [net.minecraft.client.server.IntegratedServer/]: Saving and pausing game...
[21Mar2026 17:53:02.513] [Server thread/INFO] [net.minecraft.server.MinecraftServer/]: Saving chunks for level 'ServerLevel[New World]'/minecraft:overworld
[21Mar2026 17:53:02.518] [Server thread/INFO] [net.minecraft.server.MinecraftServer/]: Saving chunks for level 'ServerLevel[New World]'/oneironaut:noosphere
[21Mar2026 17:53:02.519] [Server thread/INFO] [net.minecraft.server.MinecraftServer/]: Saving chunks for level 'ServerLevel[New World]'/oneironaut:deep_noosphere
[21Mar2026 17:53:02.520] [Server thread/INFO] [net.minecraft.server.MinecraftServer/]: Saving chunks for level 'ServerLevel[New World]'/minecraft:the_nether
[21Mar2026 17:53:02.520] [Server thread/INFO] [net.minecraft.server.MinecraftServer/]: Saving chunks for level 'ServerLevel[New World]'/minecraft:the_end
[21Mar2026 17:53:02.521] [Server thread/DEBUG] [net.minecraftforge.common.ForgeHooks/WP]: Gathering id map for writing to world save New World
[21Mar2026 17:53:02.525] [Server thread/DEBUG] [net.minecraftforge.common.ForgeHooks/WP]: ID Map collection complete New World
[21Mar2026 17:53:51.759] [Server thread/INFO] [net.minecraft.client.server.IntegratedServer/]: Saving and pausing game...
[21Mar2026 17:53:51.764] [Server thread/INFO] [net.minecraft.server.MinecraftServer/]: Saving chunks for level 'ServerLevel[New World]'/minecraft:overworld
[21Mar2026 17:53:51.770] [Server thread/INFO] [net.minecraft.server.MinecraftServer/]: Saving chunks for level 'ServerLevel[New World]'/oneironaut:noosphere
[21Mar2026 17:53:51.770] [Server thread/INFO] [net.minecraft.server.MinecraftServer/]: Saving chunks for level 'ServerLevel[New World]'/oneironaut:deep_noosphere
[21Mar2026 17:53:51.771] [Server thread/INFO] [net.minecraft.server.MinecraftServer/]: Saving chunks for level 'ServerLevel[New World]'/minecraft:the_nether
[21Mar2026 17:53:51.772] [Server thread/INFO] [net.minecraft.server.MinecraftServer/]: Saving chunks for level 'ServerLevel[New World]'/minecraft:the_end
[21Mar2026 17:53:51.773] [Server thread/DEBUG] [net.minecraftforge.common.ForgeHooks/WP]: Gathering id map for writing to world save New World
[21Mar2026 17:53:51.776] [Server thread/DEBUG] [net.minecraftforge.common.ForgeHooks/WP]: ID Map collection complete New World
[21Mar2026 17:53:52.260] [Render thread/INFO] [hexal/]: Saving everbook.
[21Mar2026 17:53:52.277] [Render thread/DEBUG] [hexal/]: saving everbook {macros:[],uuid:[I;940439953,-167562164,-1601161573,-1389718966]} at .\everbook\everbook-380df991-f603-344c-a090-369bad2a924a.dat
[21Mar2026 17:53:52.318] [Server thread/INFO] [net.minecraft.server.network.ServerGamePacketListenerImpl/]: Dev lost connection: Disconnected
[21Mar2026 17:53:52.318] [Server thread/INFO] [net.minecraft.server.MinecraftServer/]: Dev left the game
[21Mar2026 17:53:52.323] [Server thread/INFO] [net.minecraft.server.network.ServerGamePacketListenerImpl/]: Stopping singleplayer server as player logged out
[21Mar2026 17:53:52.362] [Server thread/INFO] [net.minecraft.server.MinecraftServer/]: Stopping server
[21Mar2026 17:53:52.362] [Server thread/INFO] [net.minecraft.server.MinecraftServer/]: Saving players
[21Mar2026 17:53:52.362] [Server thread/INFO] [net.minecraft.server.MinecraftServer/]: Saving worlds
[21Mar2026 17:53:52.790] [Server thread/INFO] [net.minecraft.server.MinecraftServer/]: Saving chunks for level 'ServerLevel[New World]'/minecraft:overworld
[21Mar2026 17:53:53.057] [Server thread/INFO] [net.minecraft.server.MinecraftServer/]: Saving chunks for level 'ServerLevel[New World]'/oneironaut:noosphere
[21Mar2026 17:53:53.057] [Server thread/INFO] [net.minecraft.server.MinecraftServer/]: Saving chunks for level 'ServerLevel[New World]'/oneironaut:deep_noosphere
[21Mar2026 17:53:53.058] [Server thread/INFO] [net.minecraft.server.MinecraftServer/]: Saving chunks for level 'ServerLevel[New World]'/minecraft:the_nether
[21Mar2026 17:53:53.058] [Server thread/INFO] [net.minecraft.server.MinecraftServer/]: Saving chunks for level 'ServerLevel[New World]'/minecraft:the_end
[21Mar2026 17:53:53.059] [Server thread/DEBUG] [net.minecraftforge.common.ForgeHooks/WP]: Gathering id map for writing to world save New World
[21Mar2026 17:53:53.062] [Server thread/DEBUG] [net.minecraftforge.common.ForgeHooks/WP]: ID Map collection complete New World
[21Mar2026 17:53:53.069] [Server thread/INFO] [net.minecraft.server.MinecraftServer/]: ThreadedAnvilChunkStorage (New World): All chunks are saved
[21Mar2026 17:53:53.069] [Server thread/INFO] [net.minecraft.server.MinecraftServer/]: ThreadedAnvilChunkStorage (noosphere): All chunks are saved
[21Mar2026 17:53:53.069] [Server thread/INFO] [net.minecraft.server.MinecraftServer/]: ThreadedAnvilChunkStorage (deep_noosphere): All chunks are saved
[21Mar2026 17:53:53.069] [Server thread/INFO] [net.minecraft.server.MinecraftServer/]: ThreadedAnvilChunkStorage (DIM-1): All chunks are saved
[21Mar2026 17:53:53.069] [Server thread/INFO] [net.minecraft.server.MinecraftServer/]: ThreadedAnvilChunkStorage (DIM1): All chunks are saved
[21Mar2026 17:53:53.069] [Server thread/INFO] [net.minecraft.server.MinecraftServer/]: ThreadedAnvilChunkStorage: All dimensions are saved
[21Mar2026 17:53:53.095] [Server thread/DEBUG] [net.minecraftforge.registries.GameData/REGISTRIES]: Reverting to FROZEN data state.
[21Mar2026 17:53:53.095] [Server thread/DEBUG] [net.minecraftforge.registries.ForgeRegistry/REGISTRIES]: Registry minecraft:block Sync: ACTIVE -> FROZEN
[21Mar2026 17:53:53.106] [Server thread/DEBUG] [net.minecraftforge.registries.ForgeRegistry/REGISTRIES]: Registry minecraft:fluid Sync: ACTIVE -> FROZEN
[21Mar2026 17:53:53.107] [Server thread/DEBUG] [net.minecraftforge.registries.ForgeRegistry/REGISTRIES]: Registry minecraft:item Sync: ACTIVE -> FROZEN
[21Mar2026 17:53:53.112] [Server thread/DEBUG] [net.minecraftforge.registries.ForgeRegistry/REGISTRIES]: Registry minecraft:mob_effect Sync: ACTIVE -> FROZEN
[21Mar2026 17:53:53.112] [Server thread/DEBUG] [net.minecraftforge.registries.ForgeRegistry/REGISTRIES]: Registry minecraft:sound_event Sync: ACTIVE -> FROZEN
[21Mar2026 17:53:53.118] [Server thread/DEBUG] [net.minecraftforge.registries.ForgeRegistry/REGISTRIES]: Registry minecraft:potion Sync: ACTIVE -> FROZEN
[21Mar2026 17:53:53.118] [Server thread/DEBUG] [net.minecraftforge.registries.ForgeRegistry/REGISTRIES]: Registry minecraft:enchantment Sync: ACTIVE -> FROZEN
[21Mar2026 17:53:53.119] [Server thread/DEBUG] [net.minecraftforge.registries.ForgeRegistry/REGISTRIES]: Registry minecraft:entity_type Sync: ACTIVE -> FROZEN
[21Mar2026 17:53:53.119] [Server thread/DEBUG] [net.minecraftforge.registries.ForgeRegistry/REGISTRIES]: Registry minecraft:block_entity_type Sync: ACTIVE -> FROZEN
[21Mar2026 17:53:53.119] [Server thread/DEBUG] [net.minecraftforge.registries.ForgeRegistry/REGISTRIES]: Registry minecraft:particle_type Sync: ACTIVE -> FROZEN
[21Mar2026 17:53:53.120] [Server thread/DEBUG] [net.minecraftforge.registries.ForgeRegistry/REGISTRIES]: Registry minecraft:menu Sync: ACTIVE -> FROZEN
[21Mar2026 17:53:53.120] [Server thread/DEBUG] [net.minecraftforge.registries.ForgeRegistry/REGISTRIES]: Registry minecraft:painting_variant Sync: ACTIVE -> FROZEN
[21Mar2026 17:53:53.120] [Server thread/DEBUG] [net.minecraftforge.registries.ForgeRegistry/REGISTRIES]: Registry minecraft:recipe_type Sync: ACTIVE -> FROZEN
[21Mar2026 17:53:53.120] [Server thread/DEBUG] [net.minecraftforge.registries.ForgeRegistry/REGISTRIES]: Registry minecraft:recipe_serializer Sync: ACTIVE -> FROZEN
[21Mar2026 17:53:53.121] [Server thread/DEBUG] [net.minecraftforge.registries.ForgeRegistry/REGISTRIES]: Registry minecraft:attribute Sync: ACTIVE -> FROZEN
[21Mar2026 17:53:53.121] [Server thread/DEBUG] [net.minecraftforge.registries.ForgeRegistry/REGISTRIES]: Registry minecraft:stat_type Sync: ACTIVE -> FROZEN
[21Mar2026 17:53:53.122] [Server thread/DEBUG] [net.minecraftforge.registries.ForgeRegistry/REGISTRIES]: Registry minecraft:command_argument_type Sync: ACTIVE -> FROZEN
[21Mar2026 17:53:53.123] [Server thread/DEBUG] [net.minecraftforge.registries.ForgeRegistry/REGISTRIES]: Registry minecraft:villager_profession Sync: ACTIVE -> FROZEN
[21Mar2026 17:53:53.123] [Server thread/DEBUG] [net.minecraftforge.registries.ForgeRegistry/REGISTRIES]: Registry minecraft:point_of_interest_type Sync: ACTIVE -> FROZEN
[21Mar2026 17:53:53.124] [Server thread/DEBUG] [net.minecraftforge.registries.ForgeRegistry/REGISTRIES]: Registry minecraft:memory_module_type Sync: ACTIVE -> FROZEN
[21Mar2026 17:53:53.124] [Server thread/DEBUG] [net.minecraftforge.registries.ForgeRegistry/REGISTRIES]: Registry minecraft:sensor_type Sync: ACTIVE -> FROZEN
[21Mar2026 17:53:53.124] [Server thread/DEBUG] [net.minecraftforge.registries.ForgeRegistry/REGISTRIES]: Registry minecraft:schedule Sync: ACTIVE -> FROZEN
[21Mar2026 17:53:53.125] [Server thread/DEBUG] [net.minecraftforge.registries.ForgeRegistry/REGISTRIES]: Registry minecraft:activity Sync: ACTIVE -> FROZEN
[21Mar2026 17:53:53.125] [Server thread/DEBUG] [net.minecraftforge.registries.ForgeRegistry/REGISTRIES]: Registry minecraft:worldgen/carver Sync: ACTIVE -> FROZEN
[21Mar2026 17:53:53.125] [Server thread/DEBUG] [net.minecraftforge.registries.ForgeRegistry/REGISTRIES]: Registry minecraft:worldgen/feature Sync: ACTIVE -> FROZEN
[21Mar2026 17:53:53.125] [Server thread/DEBUG] [net.minecraftforge.registries.ForgeRegistry/REGISTRIES]: Registry minecraft:chunk_status Sync: ACTIVE -> FROZEN
[21Mar2026 17:53:53.125] [Server thread/DEBUG] [net.minecraftforge.registries.ForgeRegistry/REGISTRIES]: Registry minecraft:worldgen/block_state_provider_type Sync: ACTIVE -> FROZEN
[21Mar2026 17:53:53.125] [Server thread/DEBUG] [net.minecraftforge.registries.ForgeRegistry/REGISTRIES]: Registry minecraft:worldgen/foliage_placer_type Sync: ACTIVE -> FROZEN
[21Mar2026 17:53:53.125] [Server thread/DEBUG] [net.minecraftforge.registries.ForgeRegistry/REGISTRIES]: Registry minecraft:worldgen/tree_decorator_type Sync: ACTIVE -> FROZEN
[21Mar2026 17:53:53.125] [Server thread/DEBUG] [net.minecraftforge.registries.ForgeRegistry/REGISTRIES]: Registry minecraft:worldgen/biome Sync: ACTIVE -> FROZEN
[21Mar2026 17:53:53.126] [Server thread/DEBUG] [net.minecraftforge.registries.ForgeRegistry/REGISTRIES]: Registry forge:entity_data_serializers Sync: ACTIVE -> FROZEN
[21Mar2026 17:53:53.126] [Server thread/DEBUG] [net.minecraftforge.registries.ForgeRegistry/REGISTRIES]: Registry forge:global_loot_modifier_serializers Sync: ACTIVE -> FROZEN
[21Mar2026 17:53:53.126] [Server thread/DEBUG] [net.minecraftforge.registries.ForgeRegistry/REGISTRIES]: Registry forge:biome_modifier_serializers Sync: ACTIVE -> FROZEN
[21Mar2026 17:53:53.126] [Server thread/DEBUG] [net.minecraftforge.registries.ForgeRegistry/REGISTRIES]: Registry forge:fluid_type Sync: ACTIVE -> FROZEN
[21Mar2026 17:53:53.126] [Server thread/DEBUG] [net.minecraftforge.registries.ForgeRegistry/REGISTRIES]: Registry forge:structure_modifier_serializers Sync: ACTIVE -> FROZEN
[21Mar2026 17:53:53.126] [Server thread/DEBUG] [net.minecraftforge.registries.ForgeRegistry/REGISTRIES]: Registry forge:holder_set_type Sync: ACTIVE -> FROZEN
[21Mar2026 17:53:53.126] [Server thread/DEBUG] [net.minecraftforge.registries.ForgeRegistry/REGISTRIES]: Registry forge:display_contexts Sync: ACTIVE -> FROZEN
[21Mar2026 17:53:53.433] [Server thread/DEBUG] [net.minecraftforge.registries.ObjectHolderRegistry/REGISTRIES]: Applying holder lookups
[21Mar2026 17:53:53.442] [Server thread/DEBUG] [net.minecraftforge.registries.ObjectHolderRegistry/REGISTRIES]: Holder lookups applied
[21Mar2026 17:53:53.442] [Server thread/DEBUG] [net.minecraftforge.registries.GameData/REGISTRIES]: FROZEN state restored.
[21Mar2026 17:53:53.442] [Server thread/DEBUG] [net.minecraftforge.fml.config.ConfigTracker/CONFIG]: Unloading configs type SERVER
[21Mar2026 17:53:54.323] [Render thread/INFO] [net.minecraft.client.Minecraft/]: Stopping!
