[21Mar2026 17:48:55.550] [main/INFO] [cpw.mods.modlauncher.Launcher/MODLAUNCHER]: ModLauncher running: args [--launchTarget, forgeclientuserdev, --version, MOD_DEV, --assetIndex, 5, --assetsDir, C:\Users\ashwa\.gradle\caches\forge_gradle\assets, --gameDir, ., --fml.forgeVersion, 47.4.15, --fml.mcVersion, 1.20.1, --fml.forgeGroup, net.minecraftforge, --fml.mcpVersion, 20230612.114412, --mixin.config, oneironaut.mixins.json]
[21Mar2026 17:48:55.577] [main/INFO] [cpw.mods.modlauncher.Launcher/MODLAUNCHER]: ModLauncher 10.0.9+10.0.9+main.dcd20f30 starting: java version 17.0.17 by Eclipse Adoptium; OS Windows 11 arch amd64 version 10.0
[21Mar2026 17:48:55.729] [main/INFO] [net.minecraftforge.fml.loading.ImmediateWindowHandler/]: Loading ImmediateWindowProvider fmlearlywindow
[21Mar2026 17:48:55.927] [main/INFO] [EARLYDISPLAY/]: Trying GL version 4.6
[21Mar2026 17:48:56.186] [main/INFO] [EARLYDISPLAY/]: Requested GL version 4.6 got version 4.6
[21Mar2026 17:48:56.296] [main/INFO] [mixin/]: SpongePowered MIXIN Subsystem Version=0.8.5 Source=union:/C:/Users/ashwa/.gradle/caches/modules-2/files-2.1/org.spongepowered/mixin/0.8.5/9d1c0c3a304ae6697ecd477218fa61b850bf57fc/mixin-0.8.5.jar%23129!/ Service=ModLauncher Env=CLIENT
[21Mar2026 17:48:56.455] [pool-2-thread-1/INFO] [EARLYDISPLAY/]: GL info: NVIDIA GeForce RTX 5070 Laptop GPU/PCIe/SSE2 GL version 4.6.0 NVIDIA 595.79, NVIDIA Corporation
[21Mar2026 17:48:56.528] [main/WARN] [net.minecraftforge.fml.loading.moddiscovery.ModFileParser/LOADING]: Mod file C:\Users\ashwa\.gradle\caches\modules-2\files-2.1\net.minecraftforge\javafmllanguage\1.20.1-47.4.15\1836c8e1ded76289dc139f501ed1ac21a538c020\javafmllanguage-1.20.1-47.4.15.jar is missing mods.toml file
[21Mar2026 17:48:56.530] [main/WARN] [net.minecraftforge.fml.loading.moddiscovery.ModFileParser/LOADING]: Mod file C:\Users\ashwa\.gradle\caches\modules-2\files-2.1\net.minecraftforge\lowcodelanguage\1.20.1-47.4.15\fe3f9c4e82f1278f42ae0355aefa17de2eb27571\lowcodelanguage-1.20.1-47.4.15.jar is missing mods.toml file
[21Mar2026 17:48:56.532] [main/WARN] [net.minecraftforge.fml.loading.moddiscovery.ModFileParser/LOADING]: Mod file C:\Users\ashwa\.gradle\caches\modules-2\files-2.1\net.minecraftforge\mclanguage\1.20.1-47.4.15\86c819d356825d7878f9d1d2dc63c0fe43bf6073\mclanguage-1.20.1-47.4.15.jar is missing mods.toml file
[21Mar2026 17:48:56.534] [main/WARN] [net.minecraftforge.fml.loading.moddiscovery.ModFileParser/LOADING]: Mod file C:\Users\ashwa\.gradle\caches\modules-2\files-2.1\net.minecraftforge\fmlcore\1.20.1-47.4.15\19aa2647b4e4f5188ec96eb96657b028af852cef\fmlcore-1.20.1-47.4.15.jar is missing mods.toml file
[21Mar2026 17:48:57.000] [main/INFO] [net.minecraftforge.fml.loading.moddiscovery.JarInJarDependencyLocator/]: Found 6 dependencies adding them to mods collection
[21Mar2026 17:48:58.763] [main/INFO] [mixin/]: Compatibility level set to JAVA_17
[21Mar2026 17:48:58.781] [main/INFO] [cpw.mods.modlauncher.LaunchServiceHandler/MODLAUNCHER]: Launching target 'forgeclientuserdev' with arguments [--version, MOD_DEV, --gameDir, ., --assetsDir, C:\Users\ashwa\.gradle\caches\forge_gradle\assets, --assetIndex, 5]
[21Mar2026 17:48:58.870] [main/WARN] [mixin/]: Reference map 'oneironaut.refmap.json' for oneironaut.mixins.json could not be read. If this is a development environment you can ignore this message
[21Mar2026 17:48:59.038] [main/INFO] [mixin/]: Remapping refMap paucal.mixins.refmap.json using D:\Intelij Projects\oneironautfinal\build\createSrgToMcp\output.srg
[21Mar2026 17:48:59.038] [main/INFO] [mixin/]: Remapping refMap paucal.mixins.refmap.json using D:\Intelij Projects\oneironautfinal\build\createSrgToMcp\output.srg
[21Mar2026 17:48:59.039] [main/INFO] [mixin/]: Remapping refMap geckolib.refmap.json using D:\Intelij Projects\oneironautfinal\build\createSrgToMcp\output.srg
[21Mar2026 17:48:59.040] [main/WARN] [mixin/]: Reference map 'moreiotas.mixins.refmap.json' for moreiotasplat.mixins.json could not be read. If this is a development environment you can ignore this message
[21Mar2026 17:48:59.040] [main/WARN] [mixin/]: Reference map 'moreiotas.mixins.refmap.json' for moreiotas_forge.mixins.json could not be read. If this is a development environment you can ignore this message
[21Mar2026 17:48:59.041] [main/INFO] [mixin/]: Remapping refMap hexal.mixins.refmap.json using D:\Intelij Projects\oneironautfinal\build\createSrgToMcp\output.srg
[21Mar2026 17:48:59.041] [main/INFO] [mixin/]: Remapping refMap hexal.mixins.refmap.json using D:\Intelij Projects\oneironautfinal\build\createSrgToMcp\output.srg
[21Mar2026 17:48:59.042] [main/INFO] [mixin/]: Remapping refMap common.refmap.json using D:\Intelij Projects\oneironautfinal\build\createSrgToMcp\output.srg
[21Mar2026 17:48:59.043] [main/INFO] [mixin/]: Remapping refMap hexcasting.mixins.refmap.json using D:\Intelij Projects\oneironautfinal\build\createSrgToMcp\output.srg
[21Mar2026 17:48:59.043] [main/INFO] [mixin/]: Remapping refMap hexcasting.mixins.refmap.json using D:\Intelij Projects\oneironautfinal\build\createSrgToMcp\output.srg
[21Mar2026 17:48:59.044] [main/INFO] [mixin/]: Remapping refMap caelus.refmap.json using D:\Intelij Projects\oneironautfinal\build\createSrgToMcp\output.srg
[21Mar2026 17:48:59.045] [main/INFO] [mixin/]: Remapping refMap patchouli.refmap.json using D:\Intelij Projects\oneironautfinal\build\createSrgToMcp\output.srg
[21Mar2026 17:48:59.382] [main/WARN] [mixin/]: Error loading class: com/simibubi/create/content/trains/display/FlapDisplayRenderer$FlapDisplayRenderOutput (java.lang.ClassNotFoundException: com.simibubi.create.content.trains.display.FlapDisplayRenderer$FlapDisplayRenderOutput)
[21Mar2026 17:48:59.383] [main/WARN] [mixin/]: Error loading class: com/simibubi/create/content/trains/display/FlapDisplaySection (java.lang.ClassNotFoundException: com.simibubi.create.content.trains.display.FlapDisplaySection)
[21Mar2026 17:48:59.383] [main/WARN] [mixin/]: Error loading class: com/simibubi/create/content/trains/display/FlapDisplayRenderer (java.lang.ClassNotFoundException: com.simibubi.create.content.trains.display.FlapDisplayRenderer)
[21Mar2026 17:48:59.386] [main/WARN] [mixin/]: Error loading class: com/hrznstudio/emojiful/ClientEmojiHandler (java.lang.ClassNotFoundException: com.hrznstudio.emojiful.ClientEmojiHandler)
[21Mar2026 17:48:59.706] [main/INFO] [MixinExtras|Service/]: Initializing MixinExtras via com.llamalad7.mixinextras.service.MixinExtrasServiceImpl(version=0.5.3).
[21Mar2026 17:49:04.061] [Datafixer Bootstrap/INFO] [com.mojang.datafixers.DataFixerBuilder/]: 188 Datafixer optimizations took 153 milliseconds
[21Mar2026 17:49:05.329] [Render thread/WARN] [net.minecraft.server.packs.VanillaPackResourcesBuilder/]: Assets URL 'union:/D:/Intelij%20Projects/oneironautfinal/build/fg_cache/net/minecraftforge/forge/1.20.1-47.4.15_mapped_parchment_2023.09.03-1.20.1/forge-1.20.1-47.4.15_mapped_parchment_2023.09.03-1.20.1.jar%23191!/assets/.mcassetsroot' uses unexpected schema
[21Mar2026 17:49:05.329] [Render thread/WARN] [net.minecraft.server.packs.VanillaPackResourcesBuilder/]: Assets URL 'union:/D:/Intelij%20Projects/oneironautfinal/build/fg_cache/net/minecraftforge/forge/1.20.1-47.4.15_mapped_parchment_2023.09.03-1.20.1/forge-1.20.1-47.4.15_mapped_parchment_2023.09.03-1.20.1.jar%23191!/data/.mcassetsroot' uses unexpected schema
[21Mar2026 17:49:05.349] [Render thread/INFO] [com.mojang.authlib.yggdrasil.YggdrasilAuthenticationService/]: Environment: authHost='https://authserver.mojang.com', accountsHost='https://api.mojang.com', sessionHost='https://sessionserver.mojang.com', servicesHost='https://api.minecraftservices.com', name='PROD'
[21Mar2026 17:49:05.354] [Render thread/INFO] [net.minecraft.client.Minecraft/]: Setting user: Dev
[21Mar2026 17:49:05.467] [Render thread/INFO] [net.minecraft.client.Minecraft/]: Backend library: LWJGL version 3.3.1 build 7
[21Mar2026 17:49:05.685] [modloading-worker-0/INFO] [paucal/]: Hello PAUCAL! This is FORGE!
[21Mar2026 17:49:05.739] [modloading-worker-0/INFO] [net.minecraftforge.common.ForgeMod/FORGEMOD]: Forge mod loading, version 47.4.15, for MC 1.20.1 with MCP 20230612.114412
[21Mar2026 17:49:05.739] [modloading-worker-0/INFO] [net.minecraftforge.common.MinecraftForge/FORGE]: MinecraftForge v47.4.15 Initialized
[21Mar2026 17:49:05.906] [modloading-worker-0/INFO] [org.arcticquests.dev.oneironaut.oneironautt.Oneironaut/]: why do they call it oven when you of in the cold food of out hot eat the food
[21Mar2026 17:49:06.079] [modloading-worker-0/INFO] [thedarkcolour.kotlinforforge.test.KotlinForForge/]: Kotlin For Forge Enabled!
[21Mar2026 17:49:06.086] [modloading-worker-0/INFO] [hexal/]: Hello Forge World!
[21Mar2026 17:49:06.086] [modloading-worker-0/INFO] [moreiotas/]: Hello Forge World!
[21Mar2026 17:49:06.444] [Render thread/INFO] [hexal/]: registering hexal features
[21Mar2026 17:49:07.430] [Render thread/INFO] [net.minecraftforge.gametest.ForgeGameTestHooks/]: Enabled Gametest Namespaces: [oneironaut]
[21Mar2026 17:49:07.536] [Render thread/INFO] [inline/]: registering tooltip components
[21Mar2026 17:49:07.546] [Render thread/INFO] [org.arcticquests.dev.oneironaut.oneironautt.Oneironaut/]: Registered Noosphere/DeepNoosphere dimension effects
[21Mar2026 17:49:07.677] [Render thread/INFO] [net.minecraft.server.packs.resources.ReloadableResourceManager/]: Reloading ResourceManager: vanilla, mod_resources
[21Mar2026 17:49:07.899] [Worker-Main-13/INFO] [net.minecraft.client.gui.font.providers.UnihexProvider/]: Found unifont_all_no_pua-15.0.06.hex, loading
[21Mar2026 17:49:07.952] [Forge Version Check/INFO] [net.minecraftforge.fml.VersionChecker/]: [forge] Starting version check at https://files.minecraftforge.net/net/minecraftforge/forge/promotions_slim.json
[21Mar2026 17:49:08.089] [Render thread/INFO] [org.arcticquests.dev.oneironaut.oneironautt.Oneironaut/]: Applied cutout layer to 38 blocks
[21Mar2026 17:49:08.089] [Render thread/INFO] [org.arcticquests.dev.oneironaut.oneironautt.Oneironaut/]: Applied translucent layer to 5 blocks
[21Mar2026 17:49:08.124] [Render thread/INFO] [org.arcticquests.dev.oneironaut.oneironautt.Oneironaut/]: Cached client object. Player: null
[21Mar2026 17:49:08.328] [Worker-Main-18/WARN] [net.minecraft.client.resources.model.ModelBakery/]: Exception loading blockstate definition: 'oneironaut:blockstates/insubstantial_pseudoamethyst_block.json' missing model for variant: 'oneironaut:insubstantial_pseudoamethyst_block#'
[21Mar2026 17:49:08.329] [Worker-Main-18/WARN] [net.minecraft.client.resources.model.ModelBakery/]: Exception loading blockstate definition: 'oneironaut:blockstates/edified_tree_spawner.json' missing model for variant: 'oneironaut:edified_tree_spawner#'
[21Mar2026 17:49:08.329] [Worker-Main-18/WARN] [net.minecraft.client.resources.model.ModelBakery/]: Exception loading blockstate definition: 'oneironaut:blockstates/inactiveslipway.json' missing model for variant: 'oneironaut:inactiveslipway#'
[21Mar2026 17:49:08.329] [Worker-Main-18/WARN] [net.minecraft.client.resources.model.ModelBakery/]: Exception loading blockstate definition: 'oneironaut:blockstates/concept_core.json' missing model for variant: 'oneironaut:concept_core#axis=z,powered=true'
[21Mar2026 17:49:08.329] [Worker-Main-18/WARN] [net.minecraft.client.resources.model.ModelBakery/]: Exception loading blockstate definition: 'oneironaut:blockstates/concept_core.json' missing model for variant: 'oneironaut:concept_core#axis=y,powered=true'
[21Mar2026 17:49:08.329] [Worker-Main-18/WARN] [net.minecraft.client.resources.model.ModelBakery/]: Exception loading blockstate definition: 'oneironaut:blockstates/concept_core.json' missing model for variant: 'oneironaut:concept_core#axis=x,powered=false'
[21Mar2026 17:49:08.329] [Worker-Main-18/WARN] [net.minecraft.client.resources.model.ModelBakery/]: Exception loading blockstate definition: 'oneironaut:blockstates/concept_core.json' missing model for variant: 'oneironaut:concept_core#axis=x,powered=true'
[21Mar2026 17:49:08.329] [Worker-Main-18/WARN] [net.minecraft.client.resources.model.ModelBakery/]: Exception loading blockstate definition: 'oneironaut:blockstates/concept_core.json' missing model for variant: 'oneironaut:concept_core#axis=z,powered=false'
[21Mar2026 17:49:08.329] [Worker-Main-18/WARN] [net.minecraft.client.resources.model.ModelBakery/]: Exception loading blockstate definition: 'oneironaut:blockstates/concept_core.json' missing model for variant: 'oneironaut:concept_core#axis=y,powered=false'
[21Mar2026 17:49:08.329] [Worker-Main-18/WARN] [net.minecraft.client.resources.model.ModelBakery/]: Exception loading blockstate definition: 'oneironaut:blockstates/concept_connector.json' missing model for variant: 'oneironaut:concept_connector#facing=up'
[21Mar2026 17:49:08.329] [Worker-Main-18/WARN] [net.minecraft.client.resources.model.ModelBakery/]: Exception loading blockstate definition: 'oneironaut:blockstates/concept_connector.json' missing model for variant: 'oneironaut:concept_connector#facing=down'
[21Mar2026 17:49:08.330] [Worker-Main-18/WARN] [net.minecraft.client.resources.model.ModelBakery/]: Exception loading blockstate definition: 'oneironaut:blockstates/concept_connector.json' missing model for variant: 'oneironaut:concept_connector#facing=west'
[21Mar2026 17:49:08.330] [Worker-Main-18/WARN] [net.minecraft.client.resources.model.ModelBakery/]: Exception loading blockstate definition: 'oneironaut:blockstates/concept_connector.json' missing model for variant: 'oneironaut:concept_connector#facing=north'
[21Mar2026 17:49:08.330] [Worker-Main-18/WARN] [net.minecraft.client.resources.model.ModelBakery/]: Exception loading blockstate definition: 'oneironaut:blockstates/concept_connector.json' missing model for variant: 'oneironaut:concept_connector#facing=south'
[21Mar2026 17:49:08.330] [Worker-Main-18/WARN] [net.minecraft.client.resources.model.ModelBakery/]: Exception loading blockstate definition: 'oneironaut:blockstates/concept_connector.json' missing model for variant: 'oneironaut:concept_connector#facing=east'
[21Mar2026 17:49:08.330] [Worker-Main-18/WARN] [net.minecraft.client.resources.model.ModelBakery/]: Exception loading blockstate definition: 'oneironaut:blockstates/concept_decorator_color_white.json' missing model for variant: 'oneironaut:concept_decorator_color_white#facing=west'
[21Mar2026 17:49:08.330] [Worker-Main-18/WARN] [net.minecraft.client.resources.model.ModelBakery/]: Exception loading blockstate definition: 'oneironaut:blockstates/concept_decorator_color_white.json' missing model for variant: 'oneironaut:concept_decorator_color_white#facing=east'
[21Mar2026 17:49:08.330] [Worker-Main-18/WARN] [net.minecraft.client.resources.model.ModelBakery/]: Exception loading blockstate definition: 'oneironaut:blockstates/concept_decorator_color_white.json' missing model for variant: 'oneironaut:concept_decorator_color_white#facing=up'
[21Mar2026 17:49:08.330] [Worker-Main-18/WARN] [net.minecraft.client.resources.model.ModelBakery/]: Exception loading blockstate definition: 'oneironaut:blockstates/concept_decorator_color_white.json' missing model for variant: 'oneironaut:concept_decorator_color_white#facing=down'
[21Mar2026 17:49:08.330] [Worker-Main-18/WARN] [net.minecraft.client.resources.model.ModelBakery/]: Exception loading blockstate definition: 'oneironaut:blockstates/concept_decorator_color_white.json' missing model for variant: 'oneironaut:concept_decorator_color_white#facing=south'
[21Mar2026 17:49:08.330] [Worker-Main-18/WARN] [net.minecraft.client.resources.model.ModelBakery/]: Exception loading blockstate definition: 'oneironaut:blockstates/concept_decorator_color_white.json' missing model for variant: 'oneironaut:concept_decorator_color_white#facing=north'
[21Mar2026 17:49:08.330] [Worker-Main-18/WARN] [net.minecraft.client.resources.model.ModelBakery/]: Exception loading blockstate definition: 'oneironaut:blockstates/concept_decorator_color_orange.json' missing model for variant: 'oneironaut:concept_decorator_color_orange#facing=west'
[21Mar2026 17:49:08.330] [Worker-Main-18/WARN] [net.minecraft.client.resources.model.ModelBakery/]: Exception loading blockstate definition: 'oneironaut:blockstates/concept_decorator_color_orange.json' missing model for variant: 'oneironaut:concept_decorator_color_orange#facing=up'
[21Mar2026 17:49:08.330] [Worker-Main-18/WARN] [net.minecraft.client.resources.model.ModelBakery/]: Exception loading blockstate definition: 'oneironaut:blockstates/concept_decorator_color_orange.json' missing model for variant: 'oneironaut:concept_decorator_color_orange#facing=down'
[21Mar2026 17:49:08.330] [Worker-Main-18/WARN] [net.minecraft.client.resources.model.ModelBakery/]: Exception loading blockstate definition: 'oneironaut:blockstates/concept_decorator_color_orange.json' missing model for variant: 'oneironaut:concept_decorator_color_orange#facing=north'
[21Mar2026 17:49:08.330] [Worker-Main-18/WARN] [net.minecraft.client.resources.model.ModelBakery/]: Exception loading blockstate definition: 'oneironaut:blockstates/concept_decorator_color_orange.json' missing model for variant: 'oneironaut:concept_decorator_color_orange#facing=south'
[21Mar2026 17:49:08.330] [Worker-Main-18/WARN] [net.minecraft.client.resources.model.ModelBakery/]: Exception loading blockstate definition: 'oneironaut:blockstates/concept_decorator_color_orange.json' missing model for variant: 'oneironaut:concept_decorator_color_orange#facing=east'
[21Mar2026 17:49:08.330] [Worker-Main-18/WARN] [net.minecraft.client.resources.model.ModelBakery/]: Exception loading blockstate definition: 'oneironaut:blockstates/concept_decorator_color_magenta.json' missing model for variant: 'oneironaut:concept_decorator_color_magenta#facing=north'
[21Mar2026 17:49:08.330] [Worker-Main-18/WARN] [net.minecraft.client.resources.model.ModelBakery/]: Exception loading blockstate definition: 'oneironaut:blockstates/concept_decorator_color_magenta.json' missing model for variant: 'oneironaut:concept_decorator_color_magenta#facing=south'
[21Mar2026 17:49:08.330] [Worker-Main-18/WARN] [net.minecraft.client.resources.model.ModelBakery/]: Exception loading blockstate definition: 'oneironaut:blockstates/concept_decorator_color_magenta.json' missing model for variant: 'oneironaut:concept_decorator_color_magenta#facing=west'
[21Mar2026 17:49:08.330] [Worker-Main-18/WARN] [net.minecraft.client.resources.model.ModelBakery/]: Exception loading blockstate definition: 'oneironaut:blockstates/concept_decorator_color_magenta.json' missing model for variant: 'oneironaut:concept_decorator_color_magenta#facing=up'
[21Mar2026 17:49:08.330] [Worker-Main-18/WARN] [net.minecraft.client.resources.model.ModelBakery/]: Exception loading blockstate definition: 'oneironaut:blockstates/concept_decorator_color_magenta.json' missing model for variant: 'oneironaut:concept_decorator_color_magenta#facing=down'
[21Mar2026 17:49:08.330] [Worker-Main-18/WARN] [net.minecraft.client.resources.model.ModelBakery/]: Exception loading blockstate definition: 'oneironaut:blockstates/concept_decorator_color_magenta.json' missing model for variant: 'oneironaut:concept_decorator_color_magenta#facing=east'
[21Mar2026 17:49:08.330] [Worker-Main-18/WARN] [net.minecraft.client.resources.model.ModelBakery/]: Exception loading blockstate definition: 'oneironaut:blockstates/concept_decorator_color_light_blue.json' missing model for variant: 'oneironaut:concept_decorator_color_light_blue#facing=north'
[21Mar2026 17:49:08.330] [Worker-Main-18/WARN] [net.minecraft.client.resources.model.ModelBakery/]: Exception loading blockstate definition: 'oneironaut:blockstates/concept_decorator_color_light_blue.json' missing model for variant: 'oneironaut:concept_decorator_color_light_blue#facing=south'
[21Mar2026 17:49:08.330] [Worker-Main-18/WARN] [net.minecraft.client.resources.model.ModelBakery/]: Exception loading blockstate definition: 'oneironaut:blockstates/concept_decorator_color_light_blue.json' missing model for variant: 'oneironaut:concept_decorator_color_light_blue#facing=west'
[21Mar2026 17:49:08.330] [Worker-Main-18/WARN] [net.minecraft.client.resources.model.ModelBakery/]: Exception loading blockstate definition: 'oneironaut:blockstates/concept_decorator_color_light_blue.json' missing model for variant: 'oneironaut:concept_decorator_color_light_blue#facing=up'
[21Mar2026 17:49:08.330] [Worker-Main-18/WARN] [net.minecraft.client.resources.model.ModelBakery/]: Exception loading blockstate definition: 'oneironaut:blockstates/concept_decorator_color_light_blue.json' missing model for variant: 'oneironaut:concept_decorator_color_light_blue#facing=down'
[21Mar2026 17:49:08.330] [Worker-Main-18/WARN] [net.minecraft.client.resources.model.ModelBakery/]: Exception loading blockstate definition: 'oneironaut:blockstates/concept_decorator_color_light_blue.json' missing model for variant: 'oneironaut:concept_decorator_color_light_blue#facing=east'
[21Mar2026 17:49:08.330] [Worker-Main-18/WARN] [net.minecraft.client.resources.model.ModelBakery/]: Exception loading blockstate definition: 'oneironaut:blockstates/concept_decorator_color_yellow.json' missing model for variant: 'oneironaut:concept_decorator_color_yellow#facing=up'
[21Mar2026 17:49:08.330] [Worker-Main-18/WARN] [net.minecraft.client.resources.model.ModelBakery/]: Exception loading blockstate definition: 'oneironaut:blockstates/concept_decorator_color_yellow.json' missing model for variant: 'oneironaut:concept_decorator_color_yellow#facing=down'
[21Mar2026 17:49:08.330] [Worker-Main-18/WARN] [net.minecraft.client.resources.model.ModelBakery/]: Exception loading blockstate definition: 'oneironaut:blockstates/concept_decorator_color_yellow.json' missing model for variant: 'oneironaut:concept_decorator_color_yellow#facing=east'
[21Mar2026 17:49:08.330] [Worker-Main-18/WARN] [net.minecraft.client.resources.model.ModelBakery/]: Exception loading blockstate definition: 'oneironaut:blockstates/concept_decorator_color_yellow.json' missing model for variant: 'oneironaut:concept_decorator_color_yellow#facing=south'
[21Mar2026 17:49:08.330] [Worker-Main-18/WARN] [net.minecraft.client.resources.model.ModelBakery/]: Exception loading blockstate definition: 'oneironaut:blockstates/concept_decorator_color_yellow.json' missing model for variant: 'oneironaut:concept_decorator_color_yellow#facing=north'
[21Mar2026 17:49:08.330] [Worker-Main-18/WARN] [net.minecraft.client.resources.model.ModelBakery/]: Exception loading blockstate definition: 'oneironaut:blockstates/concept_decorator_color_yellow.json' missing model for variant: 'oneironaut:concept_decorator_color_yellow#facing=west'
[21Mar2026 17:49:08.330] [Worker-Main-18/WARN] [net.minecraft.client.resources.model.ModelBakery/]: Exception loading blockstate definition: 'oneironaut:blockstates/concept_decorator_color_lime.json' missing model for variant: 'oneironaut:concept_decorator_color_lime#facing=east'
[21Mar2026 17:49:08.330] [Worker-Main-18/WARN] [net.minecraft.client.resources.model.ModelBakery/]: Exception loading blockstate definition: 'oneironaut:blockstates/concept_decorator_color_lime.json' missing model for variant: 'oneironaut:concept_decorator_color_lime#facing=south'
[21Mar2026 17:49:08.330] [Worker-Main-18/WARN] [net.minecraft.client.resources.model.ModelBakery/]: Exception loading blockstate definition: 'oneironaut:blockstates/concept_decorator_color_lime.json' missing model for variant: 'oneironaut:concept_decorator_color_lime#facing=north'
[21Mar2026 17:49:08.330] [Worker-Main-18/WARN] [net.minecraft.client.resources.model.ModelBakery/]: Exception loading blockstate definition: 'oneironaut:blockstates/concept_decorator_color_lime.json' missing model for variant: 'oneironaut:concept_decorator_color_lime#facing=up'
[21Mar2026 17:49:08.330] [Worker-Main-18/WARN] [net.minecraft.client.resources.model.ModelBakery/]: Exception loading blockstate definition: 'oneironaut:blockstates/concept_decorator_color_lime.json' missing model for variant: 'oneironaut:concept_decorator_color_lime#facing=west'
[21Mar2026 17:49:08.330] [Worker-Main-18/WARN] [net.minecraft.client.resources.model.ModelBakery/]: Exception loading blockstate definition: 'oneironaut:blockstates/concept_decorator_color_lime.json' missing model for variant: 'oneironaut:concept_decorator_color_lime#facing=down'
[21Mar2026 17:49:08.330] [Worker-Main-18/WARN] [net.minecraft.client.resources.model.ModelBakery/]: Exception loading blockstate definition: 'oneironaut:blockstates/concept_decorator_color_pink.json' missing model for variant: 'oneironaut:concept_decorator_color_pink#facing=west'
[21Mar2026 17:49:08.330] [Worker-Main-18/WARN] [net.minecraft.client.resources.model.ModelBakery/]: Exception loading blockstate definition: 'oneironaut:blockstates/concept_decorator_color_pink.json' missing model for variant: 'oneironaut:concept_decorator_color_pink#facing=north'
[21Mar2026 17:49:08.330] [Worker-Main-18/WARN] [net.minecraft.client.resources.model.ModelBakery/]: Exception loading blockstate definition: 'oneironaut:blockstates/concept_decorator_color_pink.json' missing model for variant: 'oneironaut:concept_decorator_color_pink#facing=south'
[21Mar2026 17:49:08.330] [Worker-Main-18/WARN] [net.minecraft.client.resources.model.ModelBakery/]: Exception loading blockstate definition: 'oneironaut:blockstates/concept_decorator_color_pink.json' missing model for variant: 'oneironaut:concept_decorator_color_pink#facing=down'
[21Mar2026 17:49:08.330] [Worker-Main-18/WARN] [net.minecraft.client.resources.model.ModelBakery/]: Exception loading blockstate definition: 'oneironaut:blockstates/concept_decorator_color_pink.json' missing model for variant: 'oneironaut:concept_decorator_color_pink#facing=east'
[21Mar2026 17:49:08.330] [Worker-Main-18/WARN] [net.minecraft.client.resources.model.ModelBakery/]: Exception loading blockstate definition: 'oneironaut:blockstates/concept_decorator_color_pink.json' missing model for variant: 'oneironaut:concept_decorator_color_pink#facing=up'
[21Mar2026 17:49:08.330] [Worker-Main-18/WARN] [net.minecraft.client.resources.model.ModelBakery/]: Exception loading blockstate definition: 'oneironaut:blockstates/concept_decorator_color_gray.json' missing model for variant: 'oneironaut:concept_decorator_color_gray#facing=north'
[21Mar2026 17:49:08.330] [Worker-Main-18/WARN] [net.minecraft.client.resources.model.ModelBakery/]: Exception loading blockstate definition: 'oneironaut:blockstates/concept_decorator_color_gray.json' missing model for variant: 'oneironaut:concept_decorator_color_gray#facing=west'
[21Mar2026 17:49:08.330] [Worker-Main-18/WARN] [net.minecraft.client.resources.model.ModelBakery/]: Exception loading blockstate definition: 'oneironaut:blockstates/concept_decorator_color_gray.json' missing model for variant: 'oneironaut:concept_decorator_color_gray#facing=down'
[21Mar2026 17:49:08.330] [Worker-Main-18/WARN] [net.minecraft.client.resources.model.ModelBakery/]: Exception loading blockstate definition: 'oneironaut:blockstates/concept_decorator_color_gray.json' missing model for variant: 'oneironaut:concept_decorator_color_gray#facing=up'
[21Mar2026 17:49:08.330] [Worker-Main-18/WARN] [net.minecraft.client.resources.model.ModelBakery/]: Exception loading blockstate definition: 'oneironaut:blockstates/concept_decorator_color_gray.json' missing model for variant: 'oneironaut:concept_decorator_color_gray#facing=east'
[21Mar2026 17:49:08.330] [Worker-Main-18/WARN] [net.minecraft.client.resources.model.ModelBakery/]: Exception loading blockstate definition: 'oneironaut:blockstates/concept_decorator_color_gray.json' missing model for variant: 'oneironaut:concept_decorator_color_gray#facing=south'
[21Mar2026 17:49:08.330] [Worker-Main-18/WARN] [net.minecraft.client.resources.model.ModelBakery/]: Exception loading blockstate definition: 'oneironaut:blockstates/concept_decorator_color_light_gray.json' missing model for variant: 'oneironaut:concept_decorator_color_light_gray#facing=south'
[21Mar2026 17:49:08.330] [Worker-Main-18/WARN] [net.minecraft.client.resources.model.ModelBakery/]: Exception loading blockstate definition: 'oneironaut:blockstates/concept_decorator_color_light_gray.json' missing model for variant: 'oneironaut:concept_decorator_color_light_gray#facing=up'
[21Mar2026 17:49:08.330] [Worker-Main-18/WARN] [net.minecraft.client.resources.model.ModelBakery/]: Exception loading blockstate definition: 'oneironaut:blockstates/concept_decorator_color_light_gray.json' missing model for variant: 'oneironaut:concept_decorator_color_light_gray#facing=north'
[21Mar2026 17:49:08.330] [Worker-Main-18/WARN] [net.minecraft.client.resources.model.ModelBakery/]: Exception loading blockstate definition: 'oneironaut:blockstates/concept_decorator_color_light_gray.json' missing model for variant: 'oneironaut:concept_decorator_color_light_gray#facing=west'
[21Mar2026 17:49:08.331] [Worker-Main-18/WARN] [net.minecraft.client.resources.model.ModelBakery/]: Exception loading blockstate definition: 'oneironaut:blockstates/concept_decorator_color_light_gray.json' missing model for variant: 'oneironaut:concept_decorator_color_light_gray#facing=down'
[21Mar2026 17:49:08.331] [Worker-Main-18/WARN] [net.minecraft.client.resources.model.ModelBakery/]: Exception loading blockstate definition: 'oneironaut:blockstates/concept_decorator_color_light_gray.json' missing model for variant: 'oneironaut:concept_decorator_color_light_gray#facing=east'
[21Mar2026 17:49:08.331] [Worker-Main-18/WARN] [net.minecraft.client.resources.model.ModelBakery/]: Exception loading blockstate definition: 'oneironaut:blockstates/concept_decorator_color_cyan.json' missing model for variant: 'oneironaut:concept_decorator_color_cyan#facing=down'
[21Mar2026 17:49:08.331] [Worker-Main-18/WARN] [net.minecraft.client.resources.model.ModelBakery/]: Exception loading blockstate definition: 'oneironaut:blockstates/concept_decorator_color_cyan.json' missing model for variant: 'oneironaut:concept_decorator_color_cyan#facing=east'
[21Mar2026 17:49:08.331] [Worker-Main-18/WARN] [net.minecraft.client.resources.model.ModelBakery/]: Exception loading blockstate definition: 'oneironaut:blockstates/concept_decorator_color_cyan.json' missing model for variant: 'oneironaut:concept_decorator_color_cyan#facing=south'
[21Mar2026 17:49:08.331] [Worker-Main-18/WARN] [net.minecraft.client.resources.model.ModelBakery/]: Exception loading blockstate definition: 'oneironaut:blockstates/concept_decorator_color_cyan.json' missing model for variant: 'oneironaut:concept_decorator_color_cyan#facing=north'
[21Mar2026 17:49:08.331] [Worker-Main-18/WARN] [net.minecraft.client.resources.model.ModelBakery/]: Exception loading blockstate definition: 'oneironaut:blockstates/concept_decorator_color_cyan.json' missing model for variant: 'oneironaut:concept_decorator_color_cyan#facing=west'
[21Mar2026 17:49:08.331] [Worker-Main-18/WARN] [net.minecraft.client.resources.model.ModelBakery/]: Exception loading blockstate definition: 'oneironaut:blockstates/concept_decorator_color_cyan.json' missing model for variant: 'oneironaut:concept_decorator_color_cyan#facing=up'
[21Mar2026 17:49:08.331] [Worker-Main-18/WARN] [net.minecraft.client.resources.model.ModelBakery/]: Exception loading blockstate definition: 'oneironaut:blockstates/concept_decorator_color_purple.json' missing model for variant: 'oneironaut:concept_decorator_color_purple#facing=west'
[21Mar2026 17:49:08.331] [Worker-Main-18/WARN] [net.minecraft.client.resources.model.ModelBakery/]: Exception loading blockstate definition: 'oneironaut:blockstates/concept_decorator_color_purple.json' missing model for variant: 'oneironaut:concept_decorator_color_purple#facing=east'
[21Mar2026 17:49:08.331] [Worker-Main-18/WARN] [net.minecraft.client.resources.model.ModelBakery/]: Exception loading blockstate definition: 'oneironaut:blockstates/concept_decorator_color_purple.json' missing model for variant: 'oneironaut:concept_decorator_color_purple#facing=south'
[21Mar2026 17:49:08.331] [Worker-Main-18/WARN] [net.minecraft.client.resources.model.ModelBakery/]: Exception loading blockstate definition: 'oneironaut:blockstates/concept_decorator_color_purple.json' missing model for variant: 'oneironaut:concept_decorator_color_purple#facing=down'
[21Mar2026 17:49:08.331] [Worker-Main-18/WARN] [net.minecraft.client.resources.model.ModelBakery/]: Exception loading blockstate definition: 'oneironaut:blockstates/concept_decorator_color_purple.json' missing model for variant: 'oneironaut:concept_decorator_color_purple#facing=up'
[21Mar2026 17:49:08.331] [Worker-Main-18/WARN] [net.minecraft.client.resources.model.ModelBakery/]: Exception loading blockstate definition: 'oneironaut:blockstates/concept_decorator_color_purple.json' missing model for variant: 'oneironaut:concept_decorator_color_purple#facing=north'
[21Mar2026 17:49:08.331] [Worker-Main-18/WARN] [net.minecraft.client.resources.model.ModelBakery/]: Exception loading blockstate definition: 'oneironaut:blockstates/concept_decorator_color_blue.json' missing model for variant: 'oneironaut:concept_decorator_color_blue#facing=west'
[21Mar2026 17:49:08.331] [Worker-Main-18/WARN] [net.minecraft.client.resources.model.ModelBakery/]: Exception loading blockstate definition: 'oneironaut:blockstates/concept_decorator_color_blue.json' missing model for variant: 'oneironaut:concept_decorator_color_blue#facing=east'
[21Mar2026 17:49:08.331] [Worker-Main-18/WARN] [net.minecraft.client.resources.model.ModelBakery/]: Exception loading blockstate definition: 'oneironaut:blockstates/concept_decorator_color_blue.json' missing model for variant: 'oneironaut:concept_decorator_color_blue#facing=up'
[21Mar2026 17:49:08.331] [Worker-Main-18/WARN] [net.minecraft.client.resources.model.ModelBakery/]: Exception loading blockstate definition: 'oneironaut:blockstates/concept_decorator_color_blue.json' missing model for variant: 'oneironaut:concept_decorator_color_blue#facing=north'
[21Mar2026 17:49:08.331] [Worker-Main-18/WARN] [net.minecraft.client.resources.model.ModelBakery/]: Exception loading blockstate definition: 'oneironaut:blockstates/concept_decorator_color_blue.json' missing model for variant: 'oneironaut:concept_decorator_color_blue#facing=south'
[21Mar2026 17:49:08.331] [Worker-Main-18/WARN] [net.minecraft.client.resources.model.ModelBakery/]: Exception loading blockstate definition: 'oneironaut:blockstates/concept_decorator_color_blue.json' missing model for variant: 'oneironaut:concept_decorator_color_blue#facing=down'
[21Mar2026 17:49:08.331] [Worker-Main-18/WARN] [net.minecraft.client.resources.model.ModelBakery/]: Exception loading blockstate definition: 'oneironaut:blockstates/concept_decorator_color_brown.json' missing model for variant: 'oneironaut:concept_decorator_color_brown#facing=north'
[21Mar2026 17:49:08.331] [Worker-Main-18/WARN] [net.minecraft.client.resources.model.ModelBakery/]: Exception loading blockstate definition: 'oneironaut:blockstates/concept_decorator_color_brown.json' missing model for variant: 'oneironaut:concept_decorator_color_brown#facing=south'
[21Mar2026 17:49:08.331] [Worker-Main-18/WARN] [net.minecraft.client.resources.model.ModelBakery/]: Exception loading blockstate definition: 'oneironaut:blockstates/concept_decorator_color_brown.json' missing model for variant: 'oneironaut:concept_decorator_color_brown#facing=east'
[21Mar2026 17:49:08.331] [Worker-Main-18/WARN] [net.minecraft.client.resources.model.ModelBakery/]: Exception loading blockstate definition: 'oneironaut:blockstates/concept_decorator_color_brown.json' missing model for variant: 'oneironaut:concept_decorator_color_brown#facing=west'
[21Mar2026 17:49:08.331] [Worker-Main-18/WARN] [net.minecraft.client.resources.model.ModelBakery/]: Exception loading blockstate definition: 'oneironaut:blockstates/concept_decorator_color_brown.json' missing model for variant: 'oneironaut:concept_decorator_color_brown#facing=down'
[21Mar2026 17:49:08.331] [Worker-Main-18/WARN] [net.minecraft.client.resources.model.ModelBakery/]: Exception loading blockstate definition: 'oneironaut:blockstates/concept_decorator_color_brown.json' missing model for variant: 'oneironaut:concept_decorator_color_brown#facing=up'
[21Mar2026 17:49:08.331] [Worker-Main-18/WARN] [net.minecraft.client.resources.model.ModelBakery/]: Exception loading blockstate definition: 'oneironaut:blockstates/concept_decorator_color_green.json' missing model for variant: 'oneironaut:concept_decorator_color_green#facing=east'
[21Mar2026 17:49:08.331] [Worker-Main-18/WARN] [net.minecraft.client.resources.model.ModelBakery/]: Exception loading blockstate definition: 'oneironaut:blockstates/concept_decorator_color_green.json' missing model for variant: 'oneironaut:concept_decorator_color_green#facing=south'
[21Mar2026 17:49:08.331] [Worker-Main-18/WARN] [net.minecraft.client.resources.model.ModelBakery/]: Exception loading blockstate definition: 'oneironaut:blockstates/concept_decorator_color_green.json' missing model for variant: 'oneironaut:concept_decorator_color_green#facing=north'
[21Mar2026 17:49:08.331] [Worker-Main-18/WARN] [net.minecraft.client.resources.model.ModelBakery/]: Exception loading blockstate definition: 'oneironaut:blockstates/concept_decorator_color_green.json' missing model for variant: 'oneironaut:concept_decorator_color_green#facing=up'
[21Mar2026 17:49:08.331] [Worker-Main-18/WARN] [net.minecraft.client.resources.model.ModelBakery/]: Exception loading blockstate definition: 'oneironaut:blockstates/concept_decorator_color_green.json' missing model for variant: 'oneironaut:concept_decorator_color_green#facing=west'
[21Mar2026 17:49:08.331] [Worker-Main-18/WARN] [net.minecraft.client.resources.model.ModelBakery/]: Exception loading blockstate definition: 'oneironaut:blockstates/concept_decorator_color_green.json' missing model for variant: 'oneironaut:concept_decorator_color_green#facing=down'
[21Mar2026 17:49:08.331] [Worker-Main-18/WARN] [net.minecraft.client.resources.model.ModelBakery/]: Exception loading blockstate definition: 'oneironaut:blockstates/concept_decorator_color_red.json' missing model for variant: 'oneironaut:concept_decorator_color_red#facing=up'
[21Mar2026 17:49:08.331] [Worker-Main-18/WARN] [net.minecraft.client.resources.model.ModelBakery/]: Exception loading blockstate definition: 'oneironaut:blockstates/concept_decorator_color_red.json' missing model for variant: 'oneironaut:concept_decorator_color_red#facing=down'
[21Mar2026 17:49:08.331] [Worker-Main-18/WARN] [net.minecraft.client.resources.model.ModelBakery/]: Exception loading blockstate definition: 'oneironaut:blockstates/concept_decorator_color_red.json' missing model for variant: 'oneironaut:concept_decorator_color_red#facing=east'
[21Mar2026 17:49:08.331] [Worker-Main-18/WARN] [net.minecraft.client.resources.model.ModelBakery/]: Exception loading blockstate definition: 'oneironaut:blockstates/concept_decorator_color_red.json' missing model for variant: 'oneironaut:concept_decorator_color_red#facing=south'
[21Mar2026 17:49:08.331] [Worker-Main-18/WARN] [net.minecraft.client.resources.model.ModelBakery/]: Exception loading blockstate definition: 'oneironaut:blockstates/concept_decorator_color_red.json' missing model for variant: 'oneironaut:concept_decorator_color_red#facing=north'
[21Mar2026 17:49:08.331] [Worker-Main-18/WARN] [net.minecraft.client.resources.model.ModelBakery/]: Exception loading blockstate definition: 'oneironaut:blockstates/concept_decorator_color_red.json' missing model for variant: 'oneironaut:concept_decorator_color_red#facing=west'
[21Mar2026 17:49:08.331] [Worker-Main-18/WARN] [net.minecraft.client.resources.model.ModelBakery/]: Exception loading blockstate definition: 'oneironaut:blockstates/concept_decorator_color_black.json' missing model for variant: 'oneironaut:concept_decorator_color_black#facing=north'
[21Mar2026 17:49:08.331] [Worker-Main-18/WARN] [net.minecraft.client.resources.model.ModelBakery/]: Exception loading blockstate definition: 'oneironaut:blockstates/concept_decorator_color_black.json' missing model for variant: 'oneironaut:concept_decorator_color_black#facing=east'
[21Mar2026 17:49:08.331] [Worker-Main-18/WARN] [net.minecraft.client.resources.model.ModelBakery/]: Exception loading blockstate definition: 'oneironaut:blockstates/concept_decorator_color_black.json' missing model for variant: 'oneironaut:concept_decorator_color_black#facing=south'
[21Mar2026 17:49:08.331] [Worker-Main-18/WARN] [net.minecraft.client.resources.model.ModelBakery/]: Exception loading blockstate definition: 'oneironaut:blockstates/concept_decorator_color_black.json' missing model for variant: 'oneironaut:concept_decorator_color_black#facing=down'
[21Mar2026 17:49:08.331] [Worker-Main-18/WARN] [net.minecraft.client.resources.model.ModelBakery/]: Exception loading blockstate definition: 'oneironaut:blockstates/concept_decorator_color_black.json' missing model for variant: 'oneironaut:concept_decorator_color_black#facing=up'
[21Mar2026 17:49:08.331] [Worker-Main-18/WARN] [net.minecraft.client.resources.model.ModelBakery/]: Exception loading blockstate definition: 'oneironaut:blockstates/concept_decorator_color_black.json' missing model for variant: 'oneironaut:concept_decorator_color_black#facing=west'
[21Mar2026 17:49:08.331] [Worker-Main-18/WARN] [net.minecraft.client.resources.model.ModelBakery/]: Exception loading blockstate definition: 'oneironaut:blockstates/transformingskull.json' missing model for variant: 'oneironaut:transformingskull#rotation=0'
[21Mar2026 17:49:08.331] [Worker-Main-18/WARN] [net.minecraft.client.resources.model.ModelBakery/]: Exception loading blockstate definition: 'oneironaut:blockstates/transformingskull.json' missing model for variant: 'oneironaut:transformingskull#rotation=1'
[21Mar2026 17:49:08.331] [Worker-Main-18/WARN] [net.minecraft.client.resources.model.ModelBakery/]: Exception loading blockstate definition: 'oneironaut:blockstates/transformingskull.json' missing model for variant: 'oneironaut:transformingskull#rotation=2'
[21Mar2026 17:49:08.331] [Worker-Main-18/WARN] [net.minecraft.client.resources.model.ModelBakery/]: Exception loading blockstate definition: 'oneironaut:blockstates/transformingskull.json' missing model for variant: 'oneironaut:transformingskull#rotation=3'
[21Mar2026 17:49:08.331] [Worker-Main-18/WARN] [net.minecraft.client.resources.model.ModelBakery/]: Exception loading blockstate definition: 'oneironaut:blockstates/transformingskull.json' missing model for variant: 'oneironaut:transformingskull#rotation=10'
[21Mar2026 17:49:08.331] [Worker-Main-18/WARN] [net.minecraft.client.resources.model.ModelBakery/]: Exception loading blockstate definition: 'oneironaut:blockstates/transformingskull.json' missing model for variant: 'oneironaut:transformingskull#rotation=11'
[21Mar2026 17:49:08.331] [Worker-Main-18/WARN] [net.minecraft.client.resources.model.ModelBakery/]: Exception loading blockstate definition: 'oneironaut:blockstates/transformingskull.json' missing model for variant: 'oneironaut:transformingskull#rotation=12'
[21Mar2026 17:49:08.332] [Worker-Main-18/WARN] [net.minecraft.client.resources.model.ModelBakery/]: Exception loading blockstate definition: 'oneironaut:blockstates/transformingskull.json' missing model for variant: 'oneironaut:transformingskull#rotation=13'
[21Mar2026 17:49:08.332] [Worker-Main-18/WARN] [net.minecraft.client.resources.model.ModelBakery/]: Exception loading blockstate definition: 'oneironaut:blockstates/transformingskull.json' missing model for variant: 'oneironaut:transformingskull#rotation=14'
[21Mar2026 17:49:08.332] [Worker-Main-18/WARN] [net.minecraft.client.resources.model.ModelBakery/]: Exception loading blockstate definition: 'oneironaut:blockstates/transformingskull.json' missing model for variant: 'oneironaut:transformingskull#rotation=15'
[21Mar2026 17:49:08.332] [Worker-Main-18/WARN] [net.minecraft.client.resources.model.ModelBakery/]: Exception loading blockstate definition: 'oneironaut:blockstates/transformingskull.json' missing model for variant: 'oneironaut:transformingskull#rotation=4'
[21Mar2026 17:49:08.332] [Worker-Main-18/WARN] [net.minecraft.client.resources.model.ModelBakery/]: Exception loading blockstate definition: 'oneironaut:blockstates/transformingskull.json' missing model for variant: 'oneironaut:transformingskull#rotation=5'
[21Mar2026 17:49:08.332] [Worker-Main-18/WARN] [net.minecraft.client.resources.model.ModelBakery/]: Exception loading blockstate definition: 'oneironaut:blockstates/transformingskull.json' missing model for variant: 'oneironaut:transformingskull#rotation=6'
[21Mar2026 17:49:08.332] [Worker-Main-18/WARN] [net.minecraft.client.resources.model.ModelBakery/]: Exception loading blockstate definition: 'oneironaut:blockstates/transformingskull.json' missing model for variant: 'oneironaut:transformingskull#rotation=7'
[21Mar2026 17:49:08.332] [Worker-Main-18/WARN] [net.minecraft.client.resources.model.ModelBakery/]: Exception loading blockstate definition: 'oneironaut:blockstates/transformingskull.json' missing model for variant: 'oneironaut:transformingskull#rotation=8'
[21Mar2026 17:49:08.332] [Worker-Main-18/WARN] [net.minecraft.client.resources.model.ModelBakery/]: Exception loading blockstate definition: 'oneironaut:blockstates/transformingskull.json' missing model for variant: 'oneironaut:transformingskull#rotation=9'
[21Mar2026 17:49:08.332] [Worker-Main-18/WARN] [net.minecraft.client.resources.model.ModelBakery/]: Exception loading blockstate definition: 'oneironaut:blockstates/transformingskull_wall.json' missing model for variant: 'oneironaut:transformingskull_wall#facing=east'
[21Mar2026 17:49:08.332] [Worker-Main-18/WARN] [net.minecraft.client.resources.model.ModelBakery/]: Exception loading blockstate definition: 'oneironaut:blockstates/transformingskull_wall.json' missing model for variant: 'oneironaut:transformingskull_wall#facing=north'
[21Mar2026 17:49:08.332] [Worker-Main-18/WARN] [net.minecraft.client.resources.model.ModelBakery/]: Exception loading blockstate definition: 'oneironaut:blockstates/transformingskull_wall.json' missing model for variant: 'oneironaut:transformingskull_wall#facing=south'
[21Mar2026 17:49:08.332] [Worker-Main-18/WARN] [net.minecraft.client.resources.model.ModelBakery/]: Exception loading blockstate definition: 'oneironaut:blockstates/transformingskull_wall.json' missing model for variant: 'oneironaut:transformingskull_wall#facing=west'
[21Mar2026 17:49:08.332] [Worker-Main-18/WARN] [net.minecraft.client.resources.model.ModelBakery/]: Exception loading blockstate definition: 'oneironaut:blockstates/rift_residue.json' missing model for variant: 'oneironaut:rift_residue#'
[21Mar2026 17:49:08.340] [Worker-Main-18/WARN] [net.minecraft.client.resources.model.ModelBakery/]: Unable to load model: 'hexcasting:item/bosnia_staff' referenced from: oneironaut:echo_staff#inventory: java.io.FileNotFoundException: hexcasting:models/item/bosnia_staff.json
[21Mar2026 17:49:08.340] [Worker-Main-18/WARN] [net.minecraft.client.resources.model.ModelBakery/]: Unable to load model: 'oneironaut:pigment_clock#inventory' referenced from: oneironaut:pigment_clock#inventory: java.io.FileNotFoundException: oneironaut:models/item/pigment_clock.json
[21Mar2026 17:49:08.340] [Worker-Main-18/WARN] [net.minecraft.client.resources.model.ModelBakery/]: Unable to load model: 'oneironaut:rift_residue#inventory' referenced from: oneironaut:rift_residue#inventory: java.io.FileNotFoundException: oneironaut:models/item/rift_residue.json
[21Mar2026 17:49:08.340] [Worker-Main-18/WARN] [net.minecraft.client.resources.model.ModelBakery/]: Unable to load model: 'oneironaut:insubstantial_pseudoamethyst_block#inventory' referenced from: oneironaut:insubstantial_pseudoamethyst_block#inventory: java.io.FileNotFoundException: oneironaut:models/item/insubstantial_pseudoamethyst_block.json
[21Mar2026 17:49:08.340] [Worker-Main-18/WARN] [net.minecraft.client.resources.model.ModelBakery/]: Unable to load model: 'oneironaut:inactiveslipway#inventory' referenced from: oneironaut:inactiveslipway#inventory: java.io.FileNotFoundException: oneironaut:models/item/inactiveslipway.json
[21Mar2026 17:49:08.340] [Worker-Main-18/WARN] [net.minecraft.client.resources.model.ModelBakery/]: Unable to load model: 'oneironaut:rift_residue_dropper#inventory' referenced from: oneironaut:rift_residue_dropper#inventory: java.io.FileNotFoundException: oneironaut:models/item/rift_residue_dropper.json
[21Mar2026 17:49:08.340] [Worker-Main-18/WARN] [net.minecraft.client.resources.model.ModelBakery/]: Unable to load model: 'oneironaut:concept_core#inventory' referenced from: oneironaut:concept_core#inventory: java.io.FileNotFoundException: oneironaut:models/item/concept_core.json
[21Mar2026 17:49:08.340] [Worker-Main-18/WARN] [net.minecraft.client.resources.model.ModelBakery/]: Unable to load model: 'oneironaut:concept_connector#inventory' referenced from: oneironaut:concept_connector#inventory: java.io.FileNotFoundException: oneironaut:models/item/concept_connector.json
[21Mar2026 17:49:08.957] [Forge Version Check/INFO] [net.minecraftforge.fml.VersionChecker/]: [forge] Found status: OUTDATED Current: 47.4.15 Target: 47.4.18
[21Mar2026 17:49:09.496] [Render thread/WARN] [net.minecraft.client.sounds.SoundEngine/]: Missing sound for event: minecraft:item.goat_horn.play
[21Mar2026 17:49:09.496] [Render thread/WARN] [net.minecraft.client.sounds.SoundEngine/]: Missing sound for event: minecraft:entity.goat.screaming.horn_break
[21Mar2026 17:49:09.496] [Render thread/WARN] [net.minecraft.client.sounds.SoundEngine/]: Missing sound for event: paucal:dummy_headpat
[21Mar2026 17:49:09.695] [Render thread/INFO] [com.mojang.blaze3d.audio.Library/]: OpenAL initialized on device OpenAL Soft on Speakers (Realtek(R) Audio)
[21Mar2026 17:49:09.696] [Render thread/INFO] [net.minecraft.client.sounds.SoundEngine/SOUNDS]: Sound engine started
[21Mar2026 17:49:09.757] [Render thread/INFO] [net.minecraft.client.renderer.texture.TextureAtlas/]: Created: 1024x1024x4 minecraft:textures/atlas/blocks.png-atlas
[21Mar2026 17:49:09.764] [Render thread/INFO] [net.minecraft.client.renderer.texture.TextureAtlas/]: Created: 256x256x4 minecraft:textures/atlas/signs.png-atlas
[21Mar2026 17:49:09.765] [Render thread/INFO] [net.minecraft.client.renderer.texture.TextureAtlas/]: Created: 512x512x4 minecraft:textures/atlas/banner_patterns.png-atlas
[21Mar2026 17:49:09.765] [Render thread/INFO] [net.minecraft.client.renderer.texture.TextureAtlas/]: Created: 512x512x4 minecraft:textures/atlas/shield_patterns.png-atlas
[21Mar2026 17:49:09.766] [Render thread/INFO] [net.minecraft.client.renderer.texture.TextureAtlas/]: Created: 1024x1024x4 minecraft:textures/atlas/armor_trims.png-atlas
[21Mar2026 17:49:09.768] [Render thread/INFO] [net.minecraft.client.renderer.texture.TextureAtlas/]: Created: 256x256x4 minecraft:textures/atlas/chest.png-atlas
[21Mar2026 17:49:09.768] [Render thread/INFO] [net.minecraft.client.renderer.texture.TextureAtlas/]: Created: 128x64x4 minecraft:textures/atlas/decorated_pot.png-atlas
[21Mar2026 17:49:09.769] [Render thread/INFO] [net.minecraft.client.renderer.texture.TextureAtlas/]: Created: 512x256x4 minecraft:textures/atlas/beds.png-atlas
[21Mar2026 17:49:09.769] [Render thread/INFO] [net.minecraft.client.renderer.texture.TextureAtlas/]: Created: 512x256x4 minecraft:textures/atlas/shulker_boxes.png-atlas
[21Mar2026 17:49:10.015] [Render thread/WARN] [net.minecraft.client.renderer.ShaderInstance/]: Shader rendertype_entity_translucent_emissive could not find sampler named Sampler2 in the specified shader program.
[21Mar2026 17:49:10.276] [Render thread/INFO] [net.minecraft.client.renderer.texture.TextureAtlas/]: Created: 256x256x0 minecraft:textures/atlas/particles.png-atlas
[21Mar2026 17:49:10.277] [Render thread/INFO] [net.minecraft.client.renderer.texture.TextureAtlas/]: Created: 256x256x0 minecraft:textures/atlas/paintings.png-atlas
[21Mar2026 17:49:10.278] [Render thread/INFO] [net.minecraft.client.renderer.texture.TextureAtlas/]: Created: 256x128x0 minecraft:textures/atlas/mob_effects.png-atlas
[21Mar2026 17:49:10.279] [Render thread/INFO] [patchouli/]: BookContentResourceListenerLoader preloaded 143 jsons
[21Mar2026 17:49:10.279] [Render thread/INFO] [patchouli/]: Not reloading resource pack-based books as client world is missing
[21Mar2026 17:49:10.889] [Realms Notification Availability checker #1/INFO] [com.mojang.realmsclient.client.RealmsClient/]: Could not authorize you against Realms server: java.lang.RuntimeException: Failed to parse into SignedJWT: 0
[21Mar2026 17:49:11.199] [PAUCAL Contributors Loading Thread/INFO] [paucal/]: Loaded 82 contributors and 7 headpat sounds from Github
[21Mar2026 17:50:06.948] [Render thread/WARN] [net.minecraftforge.common.ForgeHooks/WP]: The following mods have version differences that were not resolved:
oneironaut (version 1.0.3 -> 1.0.4)
Things may not work well.
[21Mar2026 17:50:06.957] [Render thread/INFO] [net.minecraftforge.registries.GameData/REGISTRIES]: Injecting existing registry data into this CLIENT instance
[21Mar2026 17:50:08.022] [Worker-Main-1/ERROR] [net.minecraft.tags.TagLoader/]: Couldn't load tag oneironaut:conceptdecorators as it is missing following references: oneironaut:concept_decorator_color_white (from main), 
	oneironaut:concept_decorator_color_light_gray (from main), 
	oneironaut:concept_decorator_color_black (from main), 
	oneironaut:concept_decorator_color_gray (from main), 
	oneironaut:concept_decorator_color_brown (from main), 
	oneironaut:concept_decorator_color_red (from main), 
	oneironaut:concept_decorator_color_orange (from main), 
	oneironaut:concept_decorator_color_yellow (from main), 
	oneironaut:concept_decorator_color_lime (from main), 
	oneironaut:concept_decorator_color_green (from main), 
	oneironaut:concept_decorator_color_cyan (from main), 
	oneironaut:concept_decorator_color_light_blue (from main), 
	oneironaut:concept_decorator_color_blue (from main), 
	oneironaut:concept_decorator_color_purple (from main), 
	oneironaut:concept_decorator_color_magenta (from main), 
	oneironaut:concept_decorator_color_pink (from main)
[21Mar2026 17:50:08.223] [Worker-Main-2/ERROR] [net.minecraftforge.common.ForgeHooks/]: Couldn't parse element loot_tables:oneironaut:blocks/concept_decorator_color/cyan
com.google.gson.JsonSyntaxException: Expected name to be an item, was unknown string 'oneironaut:concept_decorator_color_cyan'
	at net.minecraft.util.GsonHelper.lambda$convertToItem$0(GsonHelper.java:145) ~[forge-1.20.1-47.4.15_mapped_parchment_2023.09.03-1.20.1.jar%23191!/:?]
	at java.util.Optional.orElseThrow(Optional.java:403) ~[?:?]
	at net.minecraft.util.GsonHelper.convertToItem(GsonHelper.java:145) ~[forge-1.20.1-47.4.15_mapped_parchment_2023.09.03-1.20.1.jar%23191!/:?]
	at net.minecraft.util.GsonHelper.getAsItem(GsonHelper.java:153) ~[forge-1.20.1-47.4.15_mapped_parchment_2023.09.03-1.20.1.jar%23191!/:?]
	at net.minecraft.world.level.storage.loot.entries.LootItem$Serializer.deserialize(LootItem.java:55) ~[forge-1.20.1-47.4.15_mapped_parchment_2023.09.03-1.20.1.jar%23191!/:?]
	at net.minecraft.world.level.storage.loot.entries.LootItem$Serializer.deserialize(LootItem.java:40) ~[forge-1.20.1-47.4.15_mapped_parchment_2023.09.03-1.20.1.jar%23191!/:?]
	at net.minecraft.world.level.storage.loot.entries.LootPoolSingletonContainer$Serializer.deserializeCustom(LootPoolSingletonContainer.java:151) ~[forge-1.20.1-47.4.15_mapped_parchment_2023.09.03-1.20.1.jar%23191!/:?]
	at net.minecraft.world.level.storage.loot.entries.LootPoolSingletonContainer$Serializer.deserializeCustom(LootPoolSingletonContainer.java:129) ~[forge-1.20.1-47.4.15_mapped_parchment_2023.09.03-1.20.1.jar%23191!/:?]
	at net.minecraft.world.level.storage.loot.entries.LootPoolEntryContainer$Serializer.deserialize(LootPoolEntryContainer.java:86) ~[forge-1.20.1-47.4.15_mapped_parchment_2023.09.03-1.20.1.jar%23191!/:?]
	at net.minecraft.world.level.storage.loot.entries.LootPoolEntryContainer$Serializer.deserialize(LootPoolEntryContainer.java:74) ~[forge-1.20.1-47.4.15_mapped_parchment_2023.09.03-1.20.1.jar%23191!/:?]
	at net.minecraft.world.level.storage.loot.GsonAdapterFactory$JsonAdapter.deserialize(GsonAdapterFactory.java:102) ~[forge-1.20.1-47.4.15_mapped_parchment_2023.09.03-1.20.1.jar%23191!/:?]
	at com.google.gson.internal.bind.TreeTypeAdapter.read(TreeTypeAdapter.java:76) ~[gson-2.10.jar%23131!/:?]
	at com.google.gson.internal.bind.TypeAdapterRuntimeTypeWrapper.read(TypeAdapterRuntimeTypeWrapper.java:40) ~[gson-2.10.jar%23131!/:?]
	at com.google.gson.internal.bind.ArrayTypeAdapter.read(ArrayTypeAdapter.java:72) ~[gson-2.10.jar%23131!/:?]
	at com.google.gson.Gson.fromJson(Gson.java:1214) ~[gson-2.10.jar%23131!/:?]
	at com.google.gson.Gson.fromJson(Gson.java:1319) ~[gson-2.10.jar%23131!/:?]
	at com.google.gson.Gson.fromJson(Gson.java:1290) ~[gson-2.10.jar%23131!/:?]
	at com.google.gson.internal.bind.TreeTypeAdapter$GsonContextImpl.deserialize(TreeTypeAdapter.java:179) ~[gson-2.10.jar%23131!/:?]
	at net.minecraft.util.GsonHelper.convertToObject(GsonHelper.java:463) ~[forge-1.20.1-47.4.15_mapped_parchment_2023.09.03-1.20.1.jar%23191!/:?]
	at net.minecraft.util.GsonHelper.getAsObject(GsonHelper.java:471) ~[forge-1.20.1-47.4.15_mapped_parchment_2023.09.03-1.20.1.jar%23191!/:?]
	at net.minecraft.world.level.storage.loot.LootPool$Serializer.deserialize(LootPool.java:192) ~[forge-1.20.1-47.4.15_mapped_parchment_2023.09.03-1.20.1.jar%23191!/:?]
	at net.minecraft.world.level.storage.loot.LootPool$Serializer.deserialize(LootPool.java:189) ~[forge-1.20.1-47.4.15_mapped_parchment_2023.09.03-1.20.1.jar%23191!/:?]
	at com.google.gson.internal.bind.TreeTypeAdapter.read(TreeTypeAdapter.java:76) ~[gson-2.10.jar%23131!/:?]
	at com.google.gson.internal.bind.TypeAdapterRuntimeTypeWrapper.read(TypeAdapterRuntimeTypeWrapper.java:40) ~[gson-2.10.jar%23131!/:?]
	at com.google.gson.internal.bind.ArrayTypeAdapter.read(ArrayTypeAdapter.java:72) ~[gson-2.10.jar%23131!/:?]
	at com.google.gson.Gson.fromJson(Gson.java:1214) ~[gson-2.10.jar%23131!/:?]
	at com.google.gson.Gson.fromJson(Gson.java:1319) ~[gson-2.10.jar%23131!/:?]
	at com.google.gson.Gson.fromJson(Gson.java:1290) ~[gson-2.10.jar%23131!/:?]
	at com.google.gson.internal.bind.TreeTypeAdapter$GsonContextImpl.deserialize(TreeTypeAdapter.java:179) ~[gson-2.10.jar%23131!/:?]
	at net.minecraft.util.GsonHelper.convertToObject(GsonHelper.java:463) ~[forge-1.20.1-47.4.15_mapped_parchment_2023.09.03-1.20.1.jar%23191!/:?]
	at net.minecraft.util.GsonHelper.getAsObject(GsonHelper.java:481) ~[forge-1.20.1-47.4.15_mapped_parchment_2023.09.03-1.20.1.jar%23191!/:?]
	at net.minecraft.world.level.storage.loot.LootTable$Serializer.deserialize(LootTable.java:294) ~[forge-1.20.1-47.4.15_mapped_parchment_2023.09.03-1.20.1.jar%23191!/:?]
	at net.minecraft.world.level.storage.loot.LootTable$Serializer.deserialize(LootTable.java:291) ~[forge-1.20.1-47.4.15_mapped_parchment_2023.09.03-1.20.1.jar%23191!/:?]
	at com.google.gson.internal.bind.TreeTypeAdapter.read(TreeTypeAdapter.java:76) ~[gson-2.10.jar%23131!/:?]
	at com.google.gson.Gson.fromJson(Gson.java:1214) ~[gson-2.10.jar%23131!/:?]
	at com.google.gson.Gson.fromJson(Gson.java:1319) ~[gson-2.10.jar%23131!/:?]
	at com.google.gson.Gson.fromJson(Gson.java:1261) ~[gson-2.10.jar%23131!/:?]
	at net.minecraftforge.common.ForgeHooks.loadLootTable(ForgeHooks.java:872) ~[forge-1.20.1-47.4.15_mapped_parchment_2023.09.03-1.20.1.jar%23190%23197!/:?]
	at net.minecraftforge.common.ForgeHooks.lambda$getLootTableDeserializer$3(ForgeHooks.java:849) ~[forge-1.20.1-47.4.15_mapped_parchment_2023.09.03-1.20.1.jar%23190%23197!/:?]
	at net.minecraft.world.level.storage.loot.LootDataType.deserialize(LootDataType.java:45) ~[forge-1.20.1-47.4.15_mapped_parchment_2023.09.03-1.20.1.jar%23191!/:?]
	at net.minecraft.world.level.storage.loot.LootDataManager.lambda$scheduleElementParse$4(LootDataManager.java:56) ~[forge-1.20.1-47.4.15_mapped_parchment_2023.09.03-1.20.1.jar%23191!/:?]
	at java.util.HashMap.forEach(HashMap.java:1421) ~[?:?]
	at net.minecraft.world.level.storage.loot.LootDataManager.lambda$scheduleElementParse$5(LootDataManager.java:55) ~[forge-1.20.1-47.4.15_mapped_parchment_2023.09.03-1.20.1.jar%23191!/:?]
	at java.util.concurrent.CompletableFuture$AsyncRun.run(CompletableFuture.java:1804) ~[?:?]
	at java.util.concurrent.CompletableFuture$AsyncRun.exec(CompletableFuture.java:1796) ~[?:?]
	at java.util.concurrent.ForkJoinTask.doExec(ForkJoinTask.java:373) ~[?:?]
	at java.util.concurrent.ForkJoinPool$WorkQueue.topLevelExec(ForkJoinPool.java:1182) ~[?:?]
	at java.util.concurrent.ForkJoinPool.scan(ForkJoinPool.java:1655) ~[?:?]
	at java.util.concurrent.ForkJoinPool.runWorker(ForkJoinPool.java:1622) ~[?:?]
	at java.util.concurrent.ForkJoinWorkerThread.run(ForkJoinWorkerThread.java:165) ~[?:?]
[21Mar2026 17:50:08.225] [Worker-Main-2/ERROR] [net.minecraftforge.common.ForgeHooks/]: Couldn't parse element loot_tables:oneironaut:blocks/concept_decorator_color/red
com.google.gson.JsonSyntaxException: Expected name to be an item, was unknown string 'oneironaut:concept_decorator_color_red'
	at net.minecraft.util.GsonHelper.lambda$convertToItem$0(GsonHelper.java:145) ~[forge-1.20.1-47.4.15_mapped_parchment_2023.09.03-1.20.1.jar%23191!/:?]
	at java.util.Optional.orElseThrow(Optional.java:403) ~[?:?]
	at net.minecraft.util.GsonHelper.convertToItem(GsonHelper.java:145) ~[forge-1.20.1-47.4.15_mapped_parchment_2023.09.03-1.20.1.jar%23191!/:?]
	at net.minecraft.util.GsonHelper.getAsItem(GsonHelper.java:153) ~[forge-1.20.1-47.4.15_mapped_parchment_2023.09.03-1.20.1.jar%23191!/:?]
	at net.minecraft.world.level.storage.loot.entries.LootItem$Serializer.deserialize(LootItem.java:55) ~[forge-1.20.1-47.4.15_mapped_parchment_2023.09.03-1.20.1.jar%23191!/:?]
	at net.minecraft.world.level.storage.loot.entries.LootItem$Serializer.deserialize(LootItem.java:40) ~[forge-1.20.1-47.4.15_mapped_parchment_2023.09.03-1.20.1.jar%23191!/:?]
	at net.minecraft.world.level.storage.loot.entries.LootPoolSingletonContainer$Serializer.deserializeCustom(LootPoolSingletonContainer.java:151) ~[forge-1.20.1-47.4.15_mapped_parchment_2023.09.03-1.20.1.jar%23191!/:?]
	at net.minecraft.world.level.storage.loot.entries.LootPoolSingletonContainer$Serializer.deserializeCustom(LootPoolSingletonContainer.java:129) ~[forge-1.20.1-47.4.15_mapped_parchment_2023.09.03-1.20.1.jar%23191!/:?]
	at net.minecraft.world.level.storage.loot.entries.LootPoolEntryContainer$Serializer.deserialize(LootPoolEntryContainer.java:86) ~[forge-1.20.1-47.4.15_mapped_parchment_2023.09.03-1.20.1.jar%23191!/:?]
	at net.minecraft.world.level.storage.loot.entries.LootPoolEntryContainer$Serializer.deserialize(LootPoolEntryContainer.java:74) ~[forge-1.20.1-47.4.15_mapped_parchment_2023.09.03-1.20.1.jar%23191!/:?]
	at net.minecraft.world.level.storage.loot.GsonAdapterFactory$JsonAdapter.deserialize(GsonAdapterFactory.java:102) ~[forge-1.20.1-47.4.15_mapped_parchment_2023.09.03-1.20.1.jar%23191!/:?]
	at com.google.gson.internal.bind.TreeTypeAdapter.read(TreeTypeAdapter.java:76) ~[gson-2.10.jar%23131!/:?]
	at com.google.gson.internal.bind.TypeAdapterRuntimeTypeWrapper.read(TypeAdapterRuntimeTypeWrapper.java:40) ~[gson-2.10.jar%23131!/:?]
	at com.google.gson.internal.bind.ArrayTypeAdapter.read(ArrayTypeAdapter.java:72) ~[gson-2.10.jar%23131!/:?]
	at com.google.gson.Gson.fromJson(Gson.java:1214) ~[gson-2.10.jar%23131!/:?]
	at com.google.gson.Gson.fromJson(Gson.java:1319) ~[gson-2.10.jar%23131!/:?]
	at com.google.gson.Gson.fromJson(Gson.java:1290) ~[gson-2.10.jar%23131!/:?]
	at com.google.gson.internal.bind.TreeTypeAdapter$GsonContextImpl.deserialize(TreeTypeAdapter.java:179) ~[gson-2.10.jar%23131!/:?]
	at net.minecraft.util.GsonHelper.convertToObject(GsonHelper.java:463) ~[forge-1.20.1-47.4.15_mapped_parchment_2023.09.03-1.20.1.jar%23191!/:?]
	at net.minecraft.util.GsonHelper.getAsObject(GsonHelper.java:471) ~[forge-1.20.1-47.4.15_mapped_parchment_2023.09.03-1.20.1.jar%23191!/:?]
	at net.minecraft.world.level.storage.loot.LootPool$Serializer.deserialize(LootPool.java:192) ~[forge-1.20.1-47.4.15_mapped_parchment_2023.09.03-1.20.1.jar%23191!/:?]
	at net.minecraft.world.level.storage.loot.LootPool$Serializer.deserialize(LootPool.java:189) ~[forge-1.20.1-47.4.15_mapped_parchment_2023.09.03-1.20.1.jar%23191!/:?]
	at com.google.gson.internal.bind.TreeTypeAdapter.read(TreeTypeAdapter.java:76) ~[gson-2.10.jar%23131!/:?]
	at com.google.gson.internal.bind.TypeAdapterRuntimeTypeWrapper.read(TypeAdapterRuntimeTypeWrapper.java:40) ~[gson-2.10.jar%23131!/:?]
	at com.google.gson.internal.bind.ArrayTypeAdapter.read(ArrayTypeAdapter.java:72) ~[gson-2.10.jar%23131!/:?]
	at com.google.gson.Gson.fromJson(Gson.java:1214) ~[gson-2.10.jar%23131!/:?]
	at com.google.gson.Gson.fromJson(Gson.java:1319) ~[gson-2.10.jar%23131!/:?]
	at com.google.gson.Gson.fromJson(Gson.java:1290) ~[gson-2.10.jar%23131!/:?]
	at com.google.gson.internal.bind.TreeTypeAdapter$GsonContextImpl.deserialize(TreeTypeAdapter.java:179) ~[gson-2.10.jar%23131!/:?]
	at net.minecraft.util.GsonHelper.convertToObject(GsonHelper.java:463) ~[forge-1.20.1-47.4.15_mapped_parchment_2023.09.03-1.20.1.jar%23191!/:?]
	at net.minecraft.util.GsonHelper.getAsObject(GsonHelper.java:481) ~[forge-1.20.1-47.4.15_mapped_parchment_2023.09.03-1.20.1.jar%23191!/:?]
	at net.minecraft.world.level.storage.loot.LootTable$Serializer.deserialize(LootTable.java:294) ~[forge-1.20.1-47.4.15_mapped_parchment_2023.09.03-1.20.1.jar%23191!/:?]
	at net.minecraft.world.level.storage.loot.LootTable$Serializer.deserialize(LootTable.java:291) ~[forge-1.20.1-47.4.15_mapped_parchment_2023.09.03-1.20.1.jar%23191!/:?]
	at com.google.gson.internal.bind.TreeTypeAdapter.read(TreeTypeAdapter.java:76) ~[gson-2.10.jar%23131!/:?]
	at com.google.gson.Gson.fromJson(Gson.java:1214) ~[gson-2.10.jar%23131!/:?]
	at com.google.gson.Gson.fromJson(Gson.java:1319) ~[gson-2.10.jar%23131!/:?]
	at com.google.gson.Gson.fromJson(Gson.java:1261) ~[gson-2.10.jar%23131!/:?]
	at net.minecraftforge.common.ForgeHooks.loadLootTable(ForgeHooks.java:872) ~[forge-1.20.1-47.4.15_mapped_parchment_2023.09.03-1.20.1.jar%23190%23197!/:?]
	at net.minecraftforge.common.ForgeHooks.lambda$getLootTableDeserializer$3(ForgeHooks.java:849) ~[forge-1.20.1-47.4.15_mapped_parchment_2023.09.03-1.20.1.jar%23190%23197!/:?]
	at net.minecraft.world.level.storage.loot.LootDataType.deserialize(LootDataType.java:45) ~[forge-1.20.1-47.4.15_mapped_parchment_2023.09.03-1.20.1.jar%23191!/:?]
	at net.minecraft.world.level.storage.loot.LootDataManager.lambda$scheduleElementParse$4(LootDataManager.java:56) ~[forge-1.20.1-47.4.15_mapped_parchment_2023.09.03-1.20.1.jar%23191!/:?]
	at java.util.HashMap.forEach(HashMap.java:1421) ~[?:?]
	at net.minecraft.world.level.storage.loot.LootDataManager.lambda$scheduleElementParse$5(LootDataManager.java:55) ~[forge-1.20.1-47.4.15_mapped_parchment_2023.09.03-1.20.1.jar%23191!/:?]
	at java.util.concurrent.CompletableFuture$AsyncRun.run(CompletableFuture.java:1804) ~[?:?]
	at java.util.concurrent.CompletableFuture$AsyncRun.exec(CompletableFuture.java:1796) ~[?:?]
	at java.util.concurrent.ForkJoinTask.doExec(ForkJoinTask.java:373) ~[?:?]
	at java.util.concurrent.ForkJoinPool$WorkQueue.topLevelExec(ForkJoinPool.java:1182) ~[?:?]
	at java.util.concurrent.ForkJoinPool.scan(ForkJoinPool.java:1655) ~[?:?]
	at java.util.concurrent.ForkJoinPool.runWorker(ForkJoinPool.java:1622) ~[?:?]
	at java.util.concurrent.ForkJoinWorkerThread.run(ForkJoinWorkerThread.java:165) ~[?:?]
[21Mar2026 17:50:08.240] [Worker-Main-2/ERROR] [net.minecraftforge.common.ForgeHooks/]: Couldn't parse element loot_tables:oneironaut:blocks/concept_decorator_color/white
com.google.gson.JsonSyntaxException: Expected name to be an item, was unknown string 'oneironaut:concept_decorator_color_white'
	at net.minecraft.util.GsonHelper.lambda$convertToItem$0(GsonHelper.java:145) ~[forge-1.20.1-47.4.15_mapped_parchment_2023.09.03-1.20.1.jar%23191!/:?]
	at java.util.Optional.orElseThrow(Optional.java:403) ~[?:?]
	at net.minecraft.util.GsonHelper.convertToItem(GsonHelper.java:145) ~[forge-1.20.1-47.4.15_mapped_parchment_2023.09.03-1.20.1.jar%23191!/:?]
	at net.minecraft.util.GsonHelper.getAsItem(GsonHelper.java:153) ~[forge-1.20.1-47.4.15_mapped_parchment_2023.09.03-1.20.1.jar%23191!/:?]
	at net.minecraft.world.level.storage.loot.entries.LootItem$Serializer.deserialize(LootItem.java:55) ~[forge-1.20.1-47.4.15_mapped_parchment_2023.09.03-1.20.1.jar%23191!/:?]
	at net.minecraft.world.level.storage.loot.entries.LootItem$Serializer.deserialize(LootItem.java:40) ~[forge-1.20.1-47.4.15_mapped_parchment_2023.09.03-1.20.1.jar%23191!/:?]
	at net.minecraft.world.level.storage.loot.entries.LootPoolSingletonContainer$Serializer.deserializeCustom(LootPoolSingletonContainer.java:151) ~[forge-1.20.1-47.4.15_mapped_parchment_2023.09.03-1.20.1.jar%23191!/:?]
	at net.minecraft.world.level.storage.loot.entries.LootPoolSingletonContainer$Serializer.deserializeCustom(LootPoolSingletonContainer.java:129) ~[forge-1.20.1-47.4.15_mapped_parchment_2023.09.03-1.20.1.jar%23191!/:?]
	at net.minecraft.world.level.storage.loot.entries.LootPoolEntryContainer$Serializer.deserialize(LootPoolEntryContainer.java:86) ~[forge-1.20.1-47.4.15_mapped_parchment_2023.09.03-1.20.1.jar%23191!/:?]
	at net.minecraft.world.level.storage.loot.entries.LootPoolEntryContainer$Serializer.deserialize(LootPoolEntryContainer.java:74) ~[forge-1.20.1-47.4.15_mapped_parchment_2023.09.03-1.20.1.jar%23191!/:?]
	at net.minecraft.world.level.storage.loot.GsonAdapterFactory$JsonAdapter.deserialize(GsonAdapterFactory.java:102) ~[forge-1.20.1-47.4.15_mapped_parchment_2023.09.03-1.20.1.jar%23191!/:?]
	at com.google.gson.internal.bind.TreeTypeAdapter.read(TreeTypeAdapter.java:76) ~[gson-2.10.jar%23131!/:?]
	at com.google.gson.internal.bind.TypeAdapterRuntimeTypeWrapper.read(TypeAdapterRuntimeTypeWrapper.java:40) ~[gson-2.10.jar%23131!/:?]
	at com.google.gson.internal.bind.ArrayTypeAdapter.read(ArrayTypeAdapter.java:72) ~[gson-2.10.jar%23131!/:?]
	at com.google.gson.Gson.fromJson(Gson.java:1214) ~[gson-2.10.jar%23131!/:?]
	at com.google.gson.Gson.fromJson(Gson.java:1319) ~[gson-2.10.jar%23131!/:?]
	at com.google.gson.Gson.fromJson(Gson.java:1290) ~[gson-2.10.jar%23131!/:?]
	at com.google.gson.internal.bind.TreeTypeAdapter$GsonContextImpl.deserialize(TreeTypeAdapter.java:179) ~[gson-2.10.jar%23131!/:?]
	at net.minecraft.util.GsonHelper.convertToObject(GsonHelper.java:463) ~[forge-1.20.1-47.4.15_mapped_parchment_2023.09.03-1.20.1.jar%23191!/:?]
	at net.minecraft.util.GsonHelper.getAsObject(GsonHelper.java:471) ~[forge-1.20.1-47.4.15_mapped_parchment_2023.09.03-1.20.1.jar%23191!/:?]
	at net.minecraft.world.level.storage.loot.LootPool$Serializer.deserialize(LootPool.java:192) ~[forge-1.20.1-47.4.15_mapped_parchment_2023.09.03-1.20.1.jar%23191!/:?]
	at net.minecraft.world.level.storage.loot.LootPool$Serializer.deserialize(LootPool.java:189) ~[forge-1.20.1-47.4.15_mapped_parchment_2023.09.03-1.20.1.jar%23191!/:?]
	at com.google.gson.internal.bind.TreeTypeAdapter.read(TreeTypeAdapter.java:76) ~[gson-2.10.jar%23131!/:?]
	at com.google.gson.internal.bind.TypeAdapterRuntimeTypeWrapper.read(TypeAdapterRuntimeTypeWrapper.java:40) ~[gson-2.10.jar%23131!/:?]
	at com.google.gson.internal.bind.ArrayTypeAdapter.read(ArrayTypeAdapter.java:72) ~[gson-2.10.jar%23131!/:?]
	at com.google.gson.Gson.fromJson(Gson.java:1214) ~[gson-2.10.jar%23131!/:?]
	at com.google.gson.Gson.fromJson(Gson.java:1319) ~[gson-2.10.jar%23131!/:?]
	at com.google.gson.Gson.fromJson(Gson.java:1290) ~[gson-2.10.jar%23131!/:?]
	at com.google.gson.internal.bind.TreeTypeAdapter$GsonContextImpl.deserialize(TreeTypeAdapter.java:179) ~[gson-2.10.jar%23131!/:?]
	at net.minecraft.util.GsonHelper.convertToObject(GsonHelper.java:463) ~[forge-1.20.1-47.4.15_mapped_parchment_2023.09.03-1.20.1.jar%23191!/:?]
	at net.minecraft.util.GsonHelper.getAsObject(GsonHelper.java:481) ~[forge-1.20.1-47.4.15_mapped_parchment_2023.09.03-1.20.1.jar%23191!/:?]
	at net.minecraft.world.level.storage.loot.LootTable$Serializer.deserialize(LootTable.java:294) ~[forge-1.20.1-47.4.15_mapped_parchment_2023.09.03-1.20.1.jar%23191!/:?]
	at net.minecraft.world.level.storage.loot.LootTable$Serializer.deserialize(LootTable.java:291) ~[forge-1.20.1-47.4.15_mapped_parchment_2023.09.03-1.20.1.jar%23191!/:?]
	at com.google.gson.internal.bind.TreeTypeAdapter.read(TreeTypeAdapter.java:76) ~[gson-2.10.jar%23131!/:?]
	at com.google.gson.Gson.fromJson(Gson.java:1214) ~[gson-2.10.jar%23131!/:?]
	at com.google.gson.Gson.fromJson(Gson.java:1319) ~[gson-2.10.jar%23131!/:?]
	at com.google.gson.Gson.fromJson(Gson.java:1261) ~[gson-2.10.jar%23131!/:?]
	at net.minecraftforge.common.ForgeHooks.loadLootTable(ForgeHooks.java:872) ~[forge-1.20.1-47.4.15_mapped_parchment_2023.09.03-1.20.1.jar%23190%23197!/:?]
	at net.minecraftforge.common.ForgeHooks.lambda$getLootTableDeserializer$3(ForgeHooks.java:849) ~[forge-1.20.1-47.4.15_mapped_parchment_2023.09.03-1.20.1.jar%23190%23197!/:?]
	at net.minecraft.world.level.storage.loot.LootDataType.deserialize(LootDataType.java:45) ~[forge-1.20.1-47.4.15_mapped_parchment_2023.09.03-1.20.1.jar%23191!/:?]
	at net.minecraft.world.level.storage.loot.LootDataManager.lambda$scheduleElementParse$4(LootDataManager.java:56) ~[forge-1.20.1-47.4.15_mapped_parchment_2023.09.03-1.20.1.jar%23191!/:?]
	at java.util.HashMap.forEach(HashMap.java:1421) ~[?:?]
	at net.minecraft.world.level.storage.loot.LootDataManager.lambda$scheduleElementParse$5(LootDataManager.java:55) ~[forge-1.20.1-47.4.15_mapped_parchment_2023.09.03-1.20.1.jar%23191!/:?]
	at java.util.concurrent.CompletableFuture$AsyncRun.run(CompletableFuture.java:1804) ~[?:?]
	at java.util.concurrent.CompletableFuture$AsyncRun.exec(CompletableFuture.java:1796) ~[?:?]
	at java.util.concurrent.ForkJoinTask.doExec(ForkJoinTask.java:373) ~[?:?]
	at java.util.concurrent.ForkJoinPool$WorkQueue.topLevelExec(ForkJoinPool.java:1182) ~[?:?]
	at java.util.concurrent.ForkJoinPool.scan(ForkJoinPool.java:1655) ~[?:?]
	at java.util.concurrent.ForkJoinPool.runWorker(ForkJoinPool.java:1622) ~[?:?]
	at java.util.concurrent.ForkJoinWorkerThread.run(ForkJoinWorkerThread.java:165) ~[?:?]
[21Mar2026 17:50:08.243] [Worker-Main-2/ERROR] [net.minecraftforge.common.ForgeHooks/]: Couldn't parse element loot_tables:oneironaut:blocks/concept_decorator_color/orange
com.google.gson.JsonSyntaxException: Expected name to be an item, was unknown string 'oneironaut:concept_decorator_color_orange'
	at net.minecraft.util.GsonHelper.lambda$convertToItem$0(GsonHelper.java:145) ~[forge-1.20.1-47.4.15_mapped_parchment_2023.09.03-1.20.1.jar%23191!/:?]
	at java.util.Optional.orElseThrow(Optional.java:403) ~[?:?]
	at net.minecraft.util.GsonHelper.convertToItem(GsonHelper.java:145) ~[forge-1.20.1-47.4.15_mapped_parchment_2023.09.03-1.20.1.jar%23191!/:?]
	at net.minecraft.util.GsonHelper.getAsItem(GsonHelper.java:153) ~[forge-1.20.1-47.4.15_mapped_parchment_2023.09.03-1.20.1.jar%23191!/:?]
	at net.minecraft.world.level.storage.loot.entries.LootItem$Serializer.deserialize(LootItem.java:55) ~[forge-1.20.1-47.4.15_mapped_parchment_2023.09.03-1.20.1.jar%23191!/:?]
	at net.minecraft.world.level.storage.loot.entries.LootItem$Serializer.deserialize(LootItem.java:40) ~[forge-1.20.1-47.4.15_mapped_parchment_2023.09.03-1.20.1.jar%23191!/:?]
	at net.minecraft.world.level.storage.loot.entries.LootPoolSingletonContainer$Serializer.deserializeCustom(LootPoolSingletonContainer.java:151) ~[forge-1.20.1-47.4.15_mapped_parchment_2023.09.03-1.20.1.jar%23191!/:?]
	at net.minecraft.world.level.storage.loot.entries.LootPoolSingletonContainer$Serializer.deserializeCustom(LootPoolSingletonContainer.java:129) ~[forge-1.20.1-47.4.15_mapped_parchment_2023.09.03-1.20.1.jar%23191!/:?]
	at net.minecraft.world.level.storage.loot.entries.LootPoolEntryContainer$Serializer.deserialize(LootPoolEntryContainer.java:86) ~[forge-1.20.1-47.4.15_mapped_parchment_2023.09.03-1.20.1.jar%23191!/:?]
	at net.minecraft.world.level.storage.loot.entries.LootPoolEntryContainer$Serializer.deserialize(LootPoolEntryContainer.java:74) ~[forge-1.20.1-47.4.15_mapped_parchment_2023.09.03-1.20.1.jar%23191!/:?]
	at net.minecraft.world.level.storage.loot.GsonAdapterFactory$JsonAdapter.deserialize(GsonAdapterFactory.java:102) ~[forge-1.20.1-47.4.15_mapped_parchment_2023.09.03-1.20.1.jar%23191!/:?]
	at com.google.gson.internal.bind.TreeTypeAdapter.read(TreeTypeAdapter.java:76) ~[gson-2.10.jar%23131!/:?]
	at com.google.gson.internal.bind.TypeAdapterRuntimeTypeWrapper.read(TypeAdapterRuntimeTypeWrapper.java:40) ~[gson-2.10.jar%23131!/:?]
	at com.google.gson.internal.bind.ArrayTypeAdapter.read(ArrayTypeAdapter.java:72) ~[gson-2.10.jar%23131!/:?]
	at com.google.gson.Gson.fromJson(Gson.java:1214) ~[gson-2.10.jar%23131!/:?]
	at com.google.gson.Gson.fromJson(Gson.java:1319) ~[gson-2.10.jar%23131!/:?]
	at com.google.gson.Gson.fromJson(Gson.java:1290) ~[gson-2.10.jar%23131!/:?]
	at com.google.gson.internal.bind.TreeTypeAdapter$GsonContextImpl.deserialize(TreeTypeAdapter.java:179) ~[gson-2.10.jar%23131!/:?]
	at net.minecraft.util.GsonHelper.convertToObject(GsonHelper.java:463) ~[forge-1.20.1-47.4.15_mapped_parchment_2023.09.03-1.20.1.jar%23191!/:?]
	at net.minecraft.util.GsonHelper.getAsObject(GsonHelper.java:471) ~[forge-1.20.1-47.4.15_mapped_parchment_2023.09.03-1.20.1.jar%23191!/:?]
	at net.minecraft.world.level.storage.loot.LootPool$Serializer.deserialize(LootPool.java:192) ~[forge-1.20.1-47.4.15_mapped_parchment_2023.09.03-1.20.1.jar%23191!/:?]
	at net.minecraft.world.level.storage.loot.LootPool$Serializer.deserialize(LootPool.java:189) ~[forge-1.20.1-47.4.15_mapped_parchment_2023.09.03-1.20.1.jar%23191!/:?]
	at com.google.gson.internal.bind.TreeTypeAdapter.read(TreeTypeAdapter.java:76) ~[gson-2.10.jar%23131!/:?]
	at com.google.gson.internal.bind.TypeAdapterRuntimeTypeWrapper.read(TypeAdapterRuntimeTypeWrapper.java:40) ~[gson-2.10.jar%23131!/:?]
	at com.google.gson.internal.bind.ArrayTypeAdapter.read(ArrayTypeAdapter.java:72) ~[gson-2.10.jar%23131!/:?]
	at com.google.gson.Gson.fromJson(Gson.java:1214) ~[gson-2.10.jar%23131!/:?]
	at com.google.gson.Gson.fromJson(Gson.java:1319) ~[gson-2.10.jar%23131!/:?]
	at com.google.gson.Gson.fromJson(Gson.java:1290) ~[gson-2.10.jar%23131!/:?]
	at com.google.gson.internal.bind.TreeTypeAdapter$GsonContextImpl.deserialize(TreeTypeAdapter.java:179) ~[gson-2.10.jar%23131!/:?]
	at net.minecraft.util.GsonHelper.convertToObject(GsonHelper.java:463) ~[forge-1.20.1-47.4.15_mapped_parchment_2023.09.03-1.20.1.jar%23191!/:?]
	at net.minecraft.util.GsonHelper.getAsObject(GsonHelper.java:481) ~[forge-1.20.1-47.4.15_mapped_parchment_2023.09.03-1.20.1.jar%23191!/:?]
	at net.minecraft.world.level.storage.loot.LootTable$Serializer.deserialize(LootTable.java:294) ~[forge-1.20.1-47.4.15_mapped_parchment_2023.09.03-1.20.1.jar%23191!/:?]
	at net.minecraft.world.level.storage.loot.LootTable$Serializer.deserialize(LootTable.java:291) ~[forge-1.20.1-47.4.15_mapped_parchment_2023.09.03-1.20.1.jar%23191!/:?]
	at com.google.gson.internal.bind.TreeTypeAdapter.read(TreeTypeAdapter.java:76) ~[gson-2.10.jar%23131!/:?]
	at com.google.gson.Gson.fromJson(Gson.java:1214) ~[gson-2.10.jar%23131!/:?]
	at com.google.gson.Gson.fromJson(Gson.java:1319) ~[gson-2.10.jar%23131!/:?]
	at com.google.gson.Gson.fromJson(Gson.java:1261) ~[gson-2.10.jar%23131!/:?]
	at net.minecraftforge.common.ForgeHooks.loadLootTable(ForgeHooks.java:872) ~[forge-1.20.1-47.4.15_mapped_parchment_2023.09.03-1.20.1.jar%23190%23197!/:?]
	at net.minecraftforge.common.ForgeHooks.lambda$getLootTableDeserializer$3(ForgeHooks.java:849) ~[forge-1.20.1-47.4.15_mapped_parchment_2023.09.03-1.20.1.jar%23190%23197!/:?]
	at net.minecraft.world.level.storage.loot.LootDataType.deserialize(LootDataType.java:45) ~[forge-1.20.1-47.4.15_mapped_parchment_2023.09.03-1.20.1.jar%23191!/:?]
	at net.minecraft.world.level.storage.loot.LootDataManager.lambda$scheduleElementParse$4(LootDataManager.java:56) ~[forge-1.20.1-47.4.15_mapped_parchment_2023.09.03-1.20.1.jar%23191!/:?]
	at java.util.HashMap.forEach(HashMap.java:1421) ~[?:?]
	at net.minecraft.world.level.storage.loot.LootDataManager.lambda$scheduleElementParse$5(LootDataManager.java:55) ~[forge-1.20.1-47.4.15_mapped_parchment_2023.09.03-1.20.1.jar%23191!/:?]
	at java.util.concurrent.CompletableFuture$AsyncRun.run(CompletableFuture.java:1804) ~[?:?]
	at java.util.concurrent.CompletableFuture$AsyncRun.exec(CompletableFuture.java:1796) ~[?:?]
	at java.util.concurrent.ForkJoinTask.doExec(ForkJoinTask.java:373) ~[?:?]
	at java.util.concurrent.ForkJoinPool$WorkQueue.topLevelExec(ForkJoinPool.java:1182) ~[?:?]
	at java.util.concurrent.ForkJoinPool.scan(ForkJoinPool.java:1655) ~[?:?]
	at java.util.concurrent.ForkJoinPool.runWorker(ForkJoinPool.java:1622) ~[?:?]
	at java.util.concurrent.ForkJoinWorkerThread.run(ForkJoinWorkerThread.java:165) ~[?:?]
[21Mar2026 17:50:08.246] [Worker-Main-2/ERROR] [net.minecraftforge.common.ForgeHooks/]: Couldn't parse element loot_tables:oneironaut:blocks/concept_decorator_color/purple
com.google.gson.JsonSyntaxException: Expected name to be an item, was unknown string 'oneironaut:concept_decorator_color_purple'
	at net.minecraft.util.GsonHelper.lambda$convertToItem$0(GsonHelper.java:145) ~[forge-1.20.1-47.4.15_mapped_parchment_2023.09.03-1.20.1.jar%23191!/:?]
	at java.util.Optional.orElseThrow(Optional.java:403) ~[?:?]
	at net.minecraft.util.GsonHelper.convertToItem(GsonHelper.java:145) ~[forge-1.20.1-47.4.15_mapped_parchment_2023.09.03-1.20.1.jar%23191!/:?]
	at net.minecraft.util.GsonHelper.getAsItem(GsonHelper.java:153) ~[forge-1.20.1-47.4.15_mapped_parchment_2023.09.03-1.20.1.jar%23191!/:?]
	at net.minecraft.world.level.storage.loot.entries.LootItem$Serializer.deserialize(LootItem.java:55) ~[forge-1.20.1-47.4.15_mapped_parchment_2023.09.03-1.20.1.jar%23191!/:?]
	at net.minecraft.world.level.storage.loot.entries.LootItem$Serializer.deserialize(LootItem.java:40) ~[forge-1.20.1-47.4.15_mapped_parchment_2023.09.03-1.20.1.jar%23191!/:?]
	at net.minecraft.world.level.storage.loot.entries.LootPoolSingletonContainer$Serializer.deserializeCustom(LootPoolSingletonContainer.java:151) ~[forge-1.20.1-47.4.15_mapped_parchment_2023.09.03-1.20.1.jar%23191!/:?]
	at net.minecraft.world.level.storage.loot.entries.LootPoolSingletonContainer$Serializer.deserializeCustom(LootPoolSingletonContainer.java:129) ~[forge-1.20.1-47.4.15_mapped_parchment_2023.09.03-1.20.1.jar%23191!/:?]
	at net.minecraft.world.level.storage.loot.entries.LootPoolEntryContainer$Serializer.deserialize(LootPoolEntryContainer.java:86) ~[forge-1.20.1-47.4.15_mapped_parchment_2023.09.03-1.20.1.jar%23191!/:?]
	at net.minecraft.world.level.storage.loot.entries.LootPoolEntryContainer$Serializer.deserialize(LootPoolEntryContainer.java:74) ~[forge-1.20.1-47.4.15_mapped_parchment_2023.09.03-1.20.1.jar%23191!/:?]
	at net.minecraft.world.level.storage.loot.GsonAdapterFactory$JsonAdapter.deserialize(GsonAdapterFactory.java:102) ~[forge-1.20.1-47.4.15_mapped_parchment_2023.09.03-1.20.1.jar%23191!/:?]
	at com.google.gson.internal.bind.TreeTypeAdapter.read(TreeTypeAdapter.java:76) ~[gson-2.10.jar%23131!/:?]
	at com.google.gson.internal.bind.TypeAdapterRuntimeTypeWrapper.read(TypeAdapterRuntimeTypeWrapper.java:40) ~[gson-2.10.jar%23131!/:?]
	at com.google.gson.internal.bind.ArrayTypeAdapter.read(ArrayTypeAdapter.java:72) ~[gson-2.10.jar%23131!/:?]
	at com.google.gson.Gson.fromJson(Gson.java:1214) ~[gson-2.10.jar%23131!/:?]
	at com.google.gson.Gson.fromJson(Gson.java:1319) ~[gson-2.10.jar%23131!/:?]
	at com.google.gson.Gson.fromJson(Gson.java:1290) ~[gson-2.10.jar%23131!/:?]
	at com.google.gson.internal.bind.TreeTypeAdapter$GsonContextImpl.deserialize(TreeTypeAdapter.java:179) ~[gson-2.10.jar%23131!/:?]
	at net.minecraft.util.GsonHelper.convertToObject(GsonHelper.java:463) ~[forge-1.20.1-47.4.15_mapped_parchment_2023.09.03-1.20.1.jar%23191!/:?]
	at net.minecraft.util.GsonHelper.getAsObject(GsonHelper.java:471) ~[forge-1.20.1-47.4.15_mapped_parchment_2023.09.03-1.20.1.jar%23191!/:?]
	at net.minecraft.world.level.storage.loot.LootPool$Serializer.deserialize(LootPool.java:192) ~[forge-1.20.1-47.4.15_mapped_parchment_2023.09.03-1.20.1.jar%23191!/:?]
	at net.minecraft.world.level.storage.loot.LootPool$Serializer.deserialize(LootPool.java:189) ~[forge-1.20.1-47.4.15_mapped_parchment_2023.09.03-1.20.1.jar%23191!/:?]
	at com.google.gson.internal.bind.TreeTypeAdapter.read(TreeTypeAdapter.java:76) ~[gson-2.10.jar%23131!/:?]
	at com.google.gson.internal.bind.TypeAdapterRuntimeTypeWrapper.read(TypeAdapterRuntimeTypeWrapper.java:40) ~[gson-2.10.jar%23131!/:?]
	at com.google.gson.internal.bind.ArrayTypeAdapter.read(ArrayTypeAdapter.java:72) ~[gson-2.10.jar%23131!/:?]
	at com.google.gson.Gson.fromJson(Gson.java:1214) ~[gson-2.10.jar%23131!/:?]
	at com.google.gson.Gson.fromJson(Gson.java:1319) ~[gson-2.10.jar%23131!/:?]
	at com.google.gson.Gson.fromJson(Gson.java:1290) ~[gson-2.10.jar%23131!/:?]
	at com.google.gson.internal.bind.TreeTypeAdapter$GsonContextImpl.deserialize(TreeTypeAdapter.java:179) ~[gson-2.10.jar%23131!/:?]
	at net.minecraft.util.GsonHelper.convertToObject(GsonHelper.java:463) ~[forge-1.20.1-47.4.15_mapped_parchment_2023.09.03-1.20.1.jar%23191!/:?]
	at net.minecraft.util.GsonHelper.getAsObject(GsonHelper.java:481) ~[forge-1.20.1-47.4.15_mapped_parchment_2023.09.03-1.20.1.jar%23191!/:?]
	at net.minecraft.world.level.storage.loot.LootTable$Serializer.deserialize(LootTable.java:294) ~[forge-1.20.1-47.4.15_mapped_parchment_2023.09.03-1.20.1.jar%23191!/:?]
	at net.minecraft.world.level.storage.loot.LootTable$Serializer.deserialize(LootTable.java:291) ~[forge-1.20.1-47.4.15_mapped_parchment_2023.09.03-1.20.1.jar%23191!/:?]
	at com.google.gson.internal.bind.TreeTypeAdapter.read(TreeTypeAdapter.java:76) ~[gson-2.10.jar%23131!/:?]
	at com.google.gson.Gson.fromJson(Gson.java:1214) ~[gson-2.10.jar%23131!/:?]
	at com.google.gson.Gson.fromJson(Gson.java:1319) ~[gson-2.10.jar%23131!/:?]
	at com.google.gson.Gson.fromJson(Gson.java:1261) ~[gson-2.10.jar%23131!/:?]
	at net.minecraftforge.common.ForgeHooks.loadLootTable(ForgeHooks.java:872) ~[forge-1.20.1-47.4.15_mapped_parchment_2023.09.03-1.20.1.jar%23190%23197!/:?]
	at net.minecraftforge.common.ForgeHooks.lambda$getLootTableDeserializer$3(ForgeHooks.java:849) ~[forge-1.20.1-47.4.15_mapped_parchment_2023.09.03-1.20.1.jar%23190%23197!/:?]
	at net.minecraft.world.level.storage.loot.LootDataType.deserialize(LootDataType.java:45) ~[forge-1.20.1-47.4.15_mapped_parchment_2023.09.03-1.20.1.jar%23191!/:?]
	at net.minecraft.world.level.storage.loot.LootDataManager.lambda$scheduleElementParse$4(LootDataManager.java:56) ~[forge-1.20.1-47.4.15_mapped_parchment_2023.09.03-1.20.1.jar%23191!/:?]
	at java.util.HashMap.forEach(HashMap.java:1421) ~[?:?]
	at net.minecraft.world.level.storage.loot.LootDataManager.lambda$scheduleElementParse$5(LootDataManager.java:55) ~[forge-1.20.1-47.4.15_mapped_parchment_2023.09.03-1.20.1.jar%23191!/:?]
	at java.util.concurrent.CompletableFuture$AsyncRun.run(CompletableFuture.java:1804) ~[?:?]
	at java.util.concurrent.CompletableFuture$AsyncRun.exec(CompletableFuture.java:1796) ~[?:?]
	at java.util.concurrent.ForkJoinTask.doExec(ForkJoinTask.java:373) ~[?:?]
	at java.util.concurrent.ForkJoinPool$WorkQueue.topLevelExec(ForkJoinPool.java:1182) ~[?:?]
	at java.util.concurrent.ForkJoinPool.scan(ForkJoinPool.java:1655) ~[?:?]
	at java.util.concurrent.ForkJoinPool.runWorker(ForkJoinPool.java:1622) ~[?:?]
	at java.util.concurrent.ForkJoinWorkerThread.run(ForkJoinWorkerThread.java:165) ~[?:?]
[21Mar2026 17:50:08.257] [Worker-Main-2/ERROR] [net.minecraftforge.common.ForgeHooks/]: Couldn't parse element loot_tables:oneironaut:blocks/concept_decorator_color/light_blue
com.google.gson.JsonSyntaxException: Expected name to be an item, was unknown string 'oneironaut:concept_decorator_color_light_blue'
	at net.minecraft.util.GsonHelper.lambda$convertToItem$0(GsonHelper.java:145) ~[forge-1.20.1-47.4.15_mapped_parchment_2023.09.03-1.20.1.jar%23191!/:?]
	at java.util.Optional.orElseThrow(Optional.java:403) ~[?:?]
	at net.minecraft.util.GsonHelper.convertToItem(GsonHelper.java:145) ~[forge-1.20.1-47.4.15_mapped_parchment_2023.09.03-1.20.1.jar%23191!/:?]
	at net.minecraft.util.GsonHelper.getAsItem(GsonHelper.java:153) ~[forge-1.20.1-47.4.15_mapped_parchment_2023.09.03-1.20.1.jar%23191!/:?]
	at net.minecraft.world.level.storage.loot.entries.LootItem$Serializer.deserialize(LootItem.java:55) ~[forge-1.20.1-47.4.15_mapped_parchment_2023.09.03-1.20.1.jar%23191!/:?]
	at net.minecraft.world.level.storage.loot.entries.LootItem$Serializer.deserialize(LootItem.java:40) ~[forge-1.20.1-47.4.15_mapped_parchment_2023.09.03-1.20.1.jar%23191!/:?]
	at net.minecraft.world.level.storage.loot.entries.LootPoolSingletonContainer$Serializer.deserializeCustom(LootPoolSingletonContainer.java:151) ~[forge-1.20.1-47.4.15_mapped_parchment_2023.09.03-1.20.1.jar%23191!/:?]
	at net.minecraft.world.level.storage.loot.entries.LootPoolSingletonContainer$Serializer.deserializeCustom(LootPoolSingletonContainer.java:129) ~[forge-1.20.1-47.4.15_mapped_parchment_2023.09.03-1.20.1.jar%23191!/:?]
	at net.minecraft.world.level.storage.loot.entries.LootPoolEntryContainer$Serializer.deserialize(LootPoolEntryContainer.java:86) ~[forge-1.20.1-47.4.15_mapped_parchment_2023.09.03-1.20.1.jar%23191!/:?]
	at net.minecraft.world.level.storage.loot.entries.LootPoolEntryContainer$Serializer.deserialize(LootPoolEntryContainer.java:74) ~[forge-1.20.1-47.4.15_mapped_parchment_2023.09.03-1.20.1.jar%23191!/:?]
	at net.minecraft.world.level.storage.loot.GsonAdapterFactory$JsonAdapter.deserialize(GsonAdapterFactory.java:102) ~[forge-1.20.1-47.4.15_mapped_parchment_2023.09.03-1.20.1.jar%23191!/:?]
	at com.google.gson.internal.bind.TreeTypeAdapter.read(TreeTypeAdapter.java:76) ~[gson-2.10.jar%23131!/:?]
	at com.google.gson.internal.bind.TypeAdapterRuntimeTypeWrapper.read(TypeAdapterRuntimeTypeWrapper.java:40) ~[gson-2.10.jar%23131!/:?]
	at com.google.gson.internal.bind.ArrayTypeAdapter.read(ArrayTypeAdapter.java:72) ~[gson-2.10.jar%23131!/:?]
	at com.google.gson.Gson.fromJson(Gson.java:1214) ~[gson-2.10.jar%23131!/:?]
	at com.google.gson.Gson.fromJson(Gson.java:1319) ~[gson-2.10.jar%23131!/:?]
	at com.google.gson.Gson.fromJson(Gson.java:1290) ~[gson-2.10.jar%23131!/:?]
	at com.google.gson.internal.bind.TreeTypeAdapter$GsonContextImpl.deserialize(TreeTypeAdapter.java:179) ~[gson-2.10.jar%23131!/:?]
	at net.minecraft.util.GsonHelper.convertToObject(GsonHelper.java:463) ~[forge-1.20.1-47.4.15_mapped_parchment_2023.09.03-1.20.1.jar%23191!/:?]
	at net.minecraft.util.GsonHelper.getAsObject(GsonHelper.java:471) ~[forge-1.20.1-47.4.15_mapped_parchment_2023.09.03-1.20.1.jar%23191!/:?]
	at net.minecraft.world.level.storage.loot.LootPool$Serializer.deserialize(LootPool.java:192) ~[forge-1.20.1-47.4.15_mapped_parchment_2023.09.03-1.20.1.jar%23191!/:?]
	at net.minecraft.world.level.storage.loot.LootPool$Serializer.deserialize(LootPool.java:189) ~[forge-1.20.1-47.4.15_mapped_parchment_2023.09.03-1.20.1.jar%23191!/:?]
	at com.google.gson.internal.bind.TreeTypeAdapter.read(TreeTypeAdapter.java:76) ~[gson-2.10.jar%23131!/:?]
	at com.google.gson.internal.bind.TypeAdapterRuntimeTypeWrapper.read(TypeAdapterRuntimeTypeWrapper.java:40) ~[gson-2.10.jar%23131!/:?]
	at com.google.gson.internal.bind.ArrayTypeAdapter.read(ArrayTypeAdapter.java:72) ~[gson-2.10.jar%23131!/:?]
	at com.google.gson.Gson.fromJson(Gson.java:1214) ~[gson-2.10.jar%23131!/:?]
	at com.google.gson.Gson.fromJson(Gson.java:1319) ~[gson-2.10.jar%23131!/:?]
	at com.google.gson.Gson.fromJson(Gson.java:1290) ~[gson-2.10.jar%23131!/:?]
	at com.google.gson.internal.bind.TreeTypeAdapter$GsonContextImpl.deserialize(TreeTypeAdapter.java:179) ~[gson-2.10.jar%23131!/:?]
	at net.minecraft.util.GsonHelper.convertToObject(GsonHelper.java:463) ~[forge-1.20.1-47.4.15_mapped_parchment_2023.09.03-1.20.1.jar%23191!/:?]
	at net.minecraft.util.GsonHelper.getAsObject(GsonHelper.java:481) ~[forge-1.20.1-47.4.15_mapped_parchment_2023.09.03-1.20.1.jar%23191!/:?]
	at net.minecraft.world.level.storage.loot.LootTable$Serializer.deserialize(LootTable.java:294) ~[forge-1.20.1-47.4.15_mapped_parchment_2023.09.03-1.20.1.jar%23191!/:?]
	at net.minecraft.world.level.storage.loot.LootTable$Serializer.deserialize(LootTable.java:291) ~[forge-1.20.1-47.4.15_mapped_parchment_2023.09.03-1.20.1.jar%23191!/:?]
	at com.google.gson.internal.bind.TreeTypeAdapter.read(TreeTypeAdapter.java:76) ~[gson-2.10.jar%23131!/:?]
	at com.google.gson.Gson.fromJson(Gson.java:1214) ~[gson-2.10.jar%23131!/:?]
	at com.google.gson.Gson.fromJson(Gson.java:1319) ~[gson-2.10.jar%23131!/:?]
	at com.google.gson.Gson.fromJson(Gson.java:1261) ~[gson-2.10.jar%23131!/:?]
	at net.minecraftforge.common.ForgeHooks.loadLootTable(ForgeHooks.java:872) ~[forge-1.20.1-47.4.15_mapped_parchment_2023.09.03-1.20.1.jar%23190%23197!/:?]
	at net.minecraftforge.common.ForgeHooks.lambda$getLootTableDeserializer$3(ForgeHooks.java:849) ~[forge-1.20.1-47.4.15_mapped_parchment_2023.09.03-1.20.1.jar%23190%23197!/:?]
	at net.minecraft.world.level.storage.loot.LootDataType.deserialize(LootDataType.java:45) ~[forge-1.20.1-47.4.15_mapped_parchment_2023.09.03-1.20.1.jar%23191!/:?]
	at net.minecraft.world.level.storage.loot.LootDataManager.lambda$scheduleElementParse$4(LootDataManager.java:56) ~[forge-1.20.1-47.4.15_mapped_parchment_2023.09.03-1.20.1.jar%23191!/:?]
	at java.util.HashMap.forEach(HashMap.java:1421) ~[?:?]
	at net.minecraft.world.level.storage.loot.LootDataManager.lambda$scheduleElementParse$5(LootDataManager.java:55) ~[forge-1.20.1-47.4.15_mapped_parchment_2023.09.03-1.20.1.jar%23191!/:?]
	at java.util.concurrent.CompletableFuture$AsyncRun.run(CompletableFuture.java:1804) ~[?:?]
	at java.util.concurrent.CompletableFuture$AsyncRun.exec(CompletableFuture.java:1796) ~[?:?]
	at java.util.concurrent.ForkJoinTask.doExec(ForkJoinTask.java:373) ~[?:?]
	at java.util.concurrent.ForkJoinPool$WorkQueue.topLevelExec(ForkJoinPool.java:1182) ~[?:?]
	at java.util.concurrent.ForkJoinPool.scan(ForkJoinPool.java:1655) ~[?:?]
	at java.util.concurrent.ForkJoinPool.runWorker(ForkJoinPool.java:1622) ~[?:?]
	at java.util.concurrent.ForkJoinWorkerThread.run(ForkJoinWorkerThread.java:165) ~[?:?]
[21Mar2026 17:50:08.264] [Worker-Main-2/ERROR] [net.minecraftforge.common.ForgeHooks/]: Couldn't parse element loot_tables:oneironaut:blocks/concept_decorator_color/brown
com.google.gson.JsonSyntaxException: Expected name to be an item, was unknown string 'oneironaut:concept_decorator_color_brown'
	at net.minecraft.util.GsonHelper.lambda$convertToItem$0(GsonHelper.java:145) ~[forge-1.20.1-47.4.15_mapped_parchment_2023.09.03-1.20.1.jar%23191!/:?]
	at java.util.Optional.orElseThrow(Optional.java:403) ~[?:?]
	at net.minecraft.util.GsonHelper.convertToItem(GsonHelper.java:145) ~[forge-1.20.1-47.4.15_mapped_parchment_2023.09.03-1.20.1.jar%23191!/:?]
	at net.minecraft.util.GsonHelper.getAsItem(GsonHelper.java:153) ~[forge-1.20.1-47.4.15_mapped_parchment_2023.09.03-1.20.1.jar%23191!/:?]
	at net.minecraft.world.level.storage.loot.entries.LootItem$Serializer.deserialize(LootItem.java:55) ~[forge-1.20.1-47.4.15_mapped_parchment_2023.09.03-1.20.1.jar%23191!/:?]
	at net.minecraft.world.level.storage.loot.entries.LootItem$Serializer.deserialize(LootItem.java:40) ~[forge-1.20.1-47.4.15_mapped_parchment_2023.09.03-1.20.1.jar%23191!/:?]
	at net.minecraft.world.level.storage.loot.entries.LootPoolSingletonContainer$Serializer.deserializeCustom(LootPoolSingletonContainer.java:151) ~[forge-1.20.1-47.4.15_mapped_parchment_2023.09.03-1.20.1.jar%23191!/:?]
	at net.minecraft.world.level.storage.loot.entries.LootPoolSingletonContainer$Serializer.deserializeCustom(LootPoolSingletonContainer.java:129) ~[forge-1.20.1-47.4.15_mapped_parchment_2023.09.03-1.20.1.jar%23191!/:?]
	at net.minecraft.world.level.storage.loot.entries.LootPoolEntryContainer$Serializer.deserialize(LootPoolEntryContainer.java:86) ~[forge-1.20.1-47.4.15_mapped_parchment_2023.09.03-1.20.1.jar%23191!/:?]
	at net.minecraft.world.level.storage.loot.entries.LootPoolEntryContainer$Serializer.deserialize(LootPoolEntryContainer.java:74) ~[forge-1.20.1-47.4.15_mapped_parchment_2023.09.03-1.20.1.jar%23191!/:?]
	at net.minecraft.world.level.storage.loot.GsonAdapterFactory$JsonAdapter.deserialize(GsonAdapterFactory.java:102) ~[forge-1.20.1-47.4.15_mapped_parchment_2023.09.03-1.20.1.jar%23191!/:?]
	at com.google.gson.internal.bind.TreeTypeAdapter.read(TreeTypeAdapter.java:76) ~[gson-2.10.jar%23131!/:?]
	at com.google.gson.internal.bind.TypeAdapterRuntimeTypeWrapper.read(TypeAdapterRuntimeTypeWrapper.java:40) ~[gson-2.10.jar%23131!/:?]
	at com.google.gson.internal.bind.ArrayTypeAdapter.read(ArrayTypeAdapter.java:72) ~[gson-2.10.jar%23131!/:?]
	at com.google.gson.Gson.fromJson(Gson.java:1214) ~[gson-2.10.jar%23131!/:?]
	at com.google.gson.Gson.fromJson(Gson.java:1319) ~[gson-2.10.jar%23131!/:?]
	at com.google.gson.Gson.fromJson(Gson.java:1290) ~[gson-2.10.jar%23131!/:?]
	at com.google.gson.internal.bind.TreeTypeAdapter$GsonContextImpl.deserialize(TreeTypeAdapter.java:179) ~[gson-2.10.jar%23131!/:?]
	at net.minecraft.util.GsonHelper.convertToObject(GsonHelper.java:463) ~[forge-1.20.1-47.4.15_mapped_parchment_2023.09.03-1.20.1.jar%23191!/:?]
	at net.minecraft.util.GsonHelper.getAsObject(GsonHelper.java:471) ~[forge-1.20.1-47.4.15_mapped_parchment_2023.09.03-1.20.1.jar%23191!/:?]
	at net.minecraft.world.level.storage.loot.LootPool$Serializer.deserialize(LootPool.java:192) ~[forge-1.20.1-47.4.15_mapped_parchment_2023.09.03-1.20.1.jar%23191!/:?]
	at net.minecraft.world.level.storage.loot.LootPool$Serializer.deserialize(LootPool.java:189) ~[forge-1.20.1-47.4.15_mapped_parchment_2023.09.03-1.20.1.jar%23191!/:?]
	at com.google.gson.internal.bind.TreeTypeAdapter.read(TreeTypeAdapter.java:76) ~[gson-2.10.jar%23131!/:?]
	at com.google.gson.internal.bind.TypeAdapterRuntimeTypeWrapper.read(TypeAdapterRuntimeTypeWrapper.java:40) ~[gson-2.10.jar%23131!/:?]
	at com.google.gson.internal.bind.ArrayTypeAdapter.read(ArrayTypeAdapter.java:72) ~[gson-2.10.jar%23131!/:?]
	at com.google.gson.Gson.fromJson(Gson.java:1214) ~[gson-2.10.jar%23131!/:?]
	at com.google.gson.Gson.fromJson(Gson.java:1319) ~[gson-2.10.jar%23131!/:?]
	at com.google.gson.Gson.fromJson(Gson.java:1290) ~[gson-2.10.jar%23131!/:?]
	at com.google.gson.internal.bind.TreeTypeAdapter$GsonContextImpl.deserialize(TreeTypeAdapter.java:179) ~[gson-2.10.jar%23131!/:?]
	at net.minecraft.util.GsonHelper.convertToObject(GsonHelper.java:463) ~[forge-1.20.1-47.4.15_mapped_parchment_2023.09.03-1.20.1.jar%23191!/:?]
	at net.minecraft.util.GsonHelper.getAsObject(GsonHelper.java:481) ~[forge-1.20.1-47.4.15_mapped_parchment_2023.09.03-1.20.1.jar%23191!/:?]
	at net.minecraft.world.level.storage.loot.LootTable$Serializer.deserialize(LootTable.java:294) ~[forge-1.20.1-47.4.15_mapped_parchment_2023.09.03-1.20.1.jar%23191!/:?]
	at net.minecraft.world.level.storage.loot.LootTable$Serializer.deserialize(LootTable.java:291) ~[forge-1.20.1-47.4.15_mapped_parchment_2023.09.03-1.20.1.jar%23191!/:?]
	at com.google.gson.internal.bind.TreeTypeAdapter.read(TreeTypeAdapter.java:76) ~[gson-2.10.jar%23131!/:?]
	at com.google.gson.Gson.fromJson(Gson.java:1214) ~[gson-2.10.jar%23131!/:?]
	at com.google.gson.Gson.fromJson(Gson.java:1319) ~[gson-2.10.jar%23131!/:?]
	at com.google.gson.Gson.fromJson(Gson.java:1261) ~[gson-2.10.jar%23131!/:?]
	at net.minecraftforge.common.ForgeHooks.loadLootTable(ForgeHooks.java:872) ~[forge-1.20.1-47.4.15_mapped_parchment_2023.09.03-1.20.1.jar%23190%23197!/:?]
	at net.minecraftforge.common.ForgeHooks.lambda$getLootTableDeserializer$3(ForgeHooks.java:849) ~[forge-1.20.1-47.4.15_mapped_parchment_2023.09.03-1.20.1.jar%23190%23197!/:?]
	at net.minecraft.world.level.storage.loot.LootDataType.deserialize(LootDataType.java:45) ~[forge-1.20.1-47.4.15_mapped_parchment_2023.09.03-1.20.1.jar%23191!/:?]
	at net.minecraft.world.level.storage.loot.LootDataManager.lambda$scheduleElementParse$4(LootDataManager.java:56) ~[forge-1.20.1-47.4.15_mapped_parchment_2023.09.03-1.20.1.jar%23191!/:?]
	at java.util.HashMap.forEach(HashMap.java:1421) ~[?:?]
	at net.minecraft.world.level.storage.loot.LootDataManager.lambda$scheduleElementParse$5(LootDataManager.java:55) ~[forge-1.20.1-47.4.15_mapped_parchment_2023.09.03-1.20.1.jar%23191!/:?]
	at java.util.concurrent.CompletableFuture$AsyncRun.run(CompletableFuture.java:1804) ~[?:?]
	at java.util.concurrent.CompletableFuture$AsyncRun.exec(CompletableFuture.java:1796) ~[?:?]
	at java.util.concurrent.ForkJoinTask.doExec(ForkJoinTask.java:373) ~[?:?]
	at java.util.concurrent.ForkJoinPool$WorkQueue.topLevelExec(ForkJoinPool.java:1182) ~[?:?]
	at java.util.concurrent.ForkJoinPool.scan(ForkJoinPool.java:1655) ~[?:?]
	at java.util.concurrent.ForkJoinPool.runWorker(ForkJoinPool.java:1622) ~[?:?]
	at java.util.concurrent.ForkJoinWorkerThread.run(ForkJoinWorkerThread.java:165) ~[?:?]
[21Mar2026 17:50:08.271] [Worker-Main-2/ERROR] [net.minecraftforge.common.ForgeHooks/]: Couldn't parse element loot_tables:oneironaut:blocks/concept_decorator_color/black
com.google.gson.JsonSyntaxException: Expected name to be an item, was unknown string 'oneironaut:concept_decorator_color_black'
	at net.minecraft.util.GsonHelper.lambda$convertToItem$0(GsonHelper.java:145) ~[forge-1.20.1-47.4.15_mapped_parchment_2023.09.03-1.20.1.jar%23191!/:?]
	at java.util.Optional.orElseThrow(Optional.java:403) ~[?:?]
	at net.minecraft.util.GsonHelper.convertToItem(GsonHelper.java:145) ~[forge-1.20.1-47.4.15_mapped_parchment_2023.09.03-1.20.1.jar%23191!/:?]
	at net.minecraft.util.GsonHelper.getAsItem(GsonHelper.java:153) ~[forge-1.20.1-47.4.15_mapped_parchment_2023.09.03-1.20.1.jar%23191!/:?]
	at net.minecraft.world.level.storage.loot.entries.LootItem$Serializer.deserialize(LootItem.java:55) ~[forge-1.20.1-47.4.15_mapped_parchment_2023.09.03-1.20.1.jar%23191!/:?]
	at net.minecraft.world.level.storage.loot.entries.LootItem$Serializer.deserialize(LootItem.java:40) ~[forge-1.20.1-47.4.15_mapped_parchment_2023.09.03-1.20.1.jar%23191!/:?]
	at net.minecraft.world.level.storage.loot.entries.LootPoolSingletonContainer$Serializer.deserializeCustom(LootPoolSingletonContainer.java:151) ~[forge-1.20.1-47.4.15_mapped_parchment_2023.09.03-1.20.1.jar%23191!/:?]
	at net.minecraft.world.level.storage.loot.entries.LootPoolSingletonContainer$Serializer.deserializeCustom(LootPoolSingletonContainer.java:129) ~[forge-1.20.1-47.4.15_mapped_parchment_2023.09.03-1.20.1.jar%23191!/:?]
	at net.minecraft.world.level.storage.loot.entries.LootPoolEntryContainer$Serializer.deserialize(LootPoolEntryContainer.java:86) ~[forge-1.20.1-47.4.15_mapped_parchment_2023.09.03-1.20.1.jar%23191!/:?]
	at net.minecraft.world.level.storage.loot.entries.LootPoolEntryContainer$Serializer.deserialize(LootPoolEntryContainer.java:74) ~[forge-1.20.1-47.4.15_mapped_parchment_2023.09.03-1.20.1.jar%23191!/:?]
	at net.minecraft.world.level.storage.loot.GsonAdapterFactory$JsonAdapter.deserialize(GsonAdapterFactory.java:102) ~[forge-1.20.1-47.4.15_mapped_parchment_2023.09.03-1.20.1.jar%23191!/:?]
	at com.google.gson.internal.bind.TreeTypeAdapter.read(TreeTypeAdapter.java:76) ~[gson-2.10.jar%23131!/:?]
	at com.google.gson.internal.bind.TypeAdapterRuntimeTypeWrapper.read(TypeAdapterRuntimeTypeWrapper.java:40) ~[gson-2.10.jar%23131!/:?]
	at com.google.gson.internal.bind.ArrayTypeAdapter.read(ArrayTypeAdapter.java:72) ~[gson-2.10.jar%23131!/:?]
	at com.google.gson.Gson.fromJson(Gson.java:1214) ~[gson-2.10.jar%23131!/:?]
	at com.google.gson.Gson.fromJson(Gson.java:1319) ~[gson-2.10.jar%23131!/:?]
	at com.google.gson.Gson.fromJson(Gson.java:1290) ~[gson-2.10.jar%23131!/:?]
	at com.google.gson.internal.bind.TreeTypeAdapter$GsonContextImpl.deserialize(TreeTypeAdapter.java:179) ~[gson-2.10.jar%23131!/:?]
	at net.minecraft.util.GsonHelper.convertToObject(GsonHelper.java:463) ~[forge-1.20.1-47.4.15_mapped_parchment_2023.09.03-1.20.1.jar%23191!/:?]
	at net.minecraft.util.GsonHelper.getAsObject(GsonHelper.java:471) ~[forge-1.20.1-47.4.15_mapped_parchment_2023.09.03-1.20.1.jar%23191!/:?]
	at net.minecraft.world.level.storage.loot.LootPool$Serializer.deserialize(LootPool.java:192) ~[forge-1.20.1-47.4.15_mapped_parchment_2023.09.03-1.20.1.jar%23191!/:?]
	at net.minecraft.world.level.storage.loot.LootPool$Serializer.deserialize(LootPool.java:189) ~[forge-1.20.1-47.4.15_mapped_parchment_2023.09.03-1.20.1.jar%23191!/:?]
	at com.google.gson.internal.bind.TreeTypeAdapter.read(TreeTypeAdapter.java:76) ~[gson-2.10.jar%23131!/:?]
	at com.google.gson.internal.bind.TypeAdapterRuntimeTypeWrapper.read(TypeAdapterRuntimeTypeWrapper.java:40) ~[gson-2.10.jar%23131!/:?]
	at com.google.gson.internal.bind.ArrayTypeAdapter.read(ArrayTypeAdapter.java:72) ~[gson-2.10.jar%23131!/:?]
	at com.google.gson.Gson.fromJson(Gson.java:1214) ~[gson-2.10.jar%23131!/:?]
	at com.google.gson.Gson.fromJson(Gson.java:1319) ~[gson-2.10.jar%23131!/:?]
	at com.google.gson.Gson.fromJson(Gson.java:1290) ~[gson-2.10.jar%23131!/:?]
	at com.google.gson.internal.bind.TreeTypeAdapter$GsonContextImpl.deserialize(TreeTypeAdapter.java:179) ~[gson-2.10.jar%23131!/:?]
	at net.minecraft.util.GsonHelper.convertToObject(GsonHelper.java:463) ~[forge-1.20.1-47.4.15_mapped_parchment_2023.09.03-1.20.1.jar%23191!/:?]
	at net.minecraft.util.GsonHelper.getAsObject(GsonHelper.java:481) ~[forge-1.20.1-47.4.15_mapped_parchment_2023.09.03-1.20.1.jar%23191!/:?]
	at net.minecraft.world.level.storage.loot.LootTable$Serializer.deserialize(LootTable.java:294) ~[forge-1.20.1-47.4.15_mapped_parchment_2023.09.03-1.20.1.jar%23191!/:?]
	at net.minecraft.world.level.storage.loot.LootTable$Serializer.deserialize(LootTable.java:291) ~[forge-1.20.1-47.4.15_mapped_parchment_2023.09.03-1.20.1.jar%23191!/:?]
	at com.google.gson.internal.bind.TreeTypeAdapter.read(TreeTypeAdapter.java:76) ~[gson-2.10.jar%23131!/:?]
	at com.google.gson.Gson.fromJson(Gson.java:1214) ~[gson-2.10.jar%23131!/:?]
	at com.google.gson.Gson.fromJson(Gson.java:1319) ~[gson-2.10.jar%23131!/:?]
	at com.google.gson.Gson.fromJson(Gson.java:1261) ~[gson-2.10.jar%23131!/:?]
	at net.minecraftforge.common.ForgeHooks.loadLootTable(ForgeHooks.java:872) ~[forge-1.20.1-47.4.15_mapped_parchment_2023.09.03-1.20.1.jar%23190%23197!/:?]
	at net.minecraftforge.common.ForgeHooks.lambda$getLootTableDeserializer$3(ForgeHooks.java:849) ~[forge-1.20.1-47.4.15_mapped_parchment_2023.09.03-1.20.1.jar%23190%23197!/:?]
	at net.minecraft.world.level.storage.loot.LootDataType.deserialize(LootDataType.java:45) ~[forge-1.20.1-47.4.15_mapped_parchment_2023.09.03-1.20.1.jar%23191!/:?]
	at net.minecraft.world.level.storage.loot.LootDataManager.lambda$scheduleElementParse$4(LootDataManager.java:56) ~[forge-1.20.1-47.4.15_mapped_parchment_2023.09.03-1.20.1.jar%23191!/:?]
	at java.util.HashMap.forEach(HashMap.java:1421) ~[?:?]
	at net.minecraft.world.level.storage.loot.LootDataManager.lambda$scheduleElementParse$5(LootDataManager.java:55) ~[forge-1.20.1-47.4.15_mapped_parchment_2023.09.03-1.20.1.jar%23191!/:?]
	at java.util.concurrent.CompletableFuture$AsyncRun.run(CompletableFuture.java:1804) ~[?:?]
	at java.util.concurrent.CompletableFuture$AsyncRun.exec(CompletableFuture.java:1796) ~[?:?]
	at java.util.concurrent.ForkJoinTask.doExec(ForkJoinTask.java:373) ~[?:?]
	at java.util.concurrent.ForkJoinPool$WorkQueue.topLevelExec(ForkJoinPool.java:1182) ~[?:?]
	at java.util.concurrent.ForkJoinPool.scan(ForkJoinPool.java:1655) ~[?:?]
	at java.util.concurrent.ForkJoinPool.runWorker(ForkJoinPool.java:1622) ~[?:?]
	at java.util.concurrent.ForkJoinWorkerThread.run(ForkJoinWorkerThread.java:165) ~[?:?]
[21Mar2026 17:50:08.288] [Worker-Main-2/ERROR] [net.minecraftforge.common.ForgeHooks/]: Couldn't parse element loot_tables:oneironaut:blocks/concept_decorator_color/yellow
com.google.gson.JsonSyntaxException: Expected name to be an item, was unknown string 'oneironaut:concept_decorator_color_yellow'
	at net.minecraft.util.GsonHelper.lambda$convertToItem$0(GsonHelper.java:145) ~[forge-1.20.1-47.4.15_mapped_parchment_2023.09.03-1.20.1.jar%23191!/:?]
	at java.util.Optional.orElseThrow(Optional.java:403) ~[?:?]
	at net.minecraft.util.GsonHelper.convertToItem(GsonHelper.java:145) ~[forge-1.20.1-47.4.15_mapped_parchment_2023.09.03-1.20.1.jar%23191!/:?]
	at net.minecraft.util.GsonHelper.getAsItem(GsonHelper.java:153) ~[forge-1.20.1-47.4.15_mapped_parchment_2023.09.03-1.20.1.jar%23191!/:?]
	at net.minecraft.world.level.storage.loot.entries.LootItem$Serializer.deserialize(LootItem.java:55) ~[forge-1.20.1-47.4.15_mapped_parchment_2023.09.03-1.20.1.jar%23191!/:?]
	at net.minecraft.world.level.storage.loot.entries.LootItem$Serializer.deserialize(LootItem.java:40) ~[forge-1.20.1-47.4.15_mapped_parchment_2023.09.03-1.20.1.jar%23191!/:?]
	at net.minecraft.world.level.storage.loot.entries.LootPoolSingletonContainer$Serializer.deserializeCustom(LootPoolSingletonContainer.java:151) ~[forge-1.20.1-47.4.15_mapped_parchment_2023.09.03-1.20.1.jar%23191!/:?]
	at net.minecraft.world.level.storage.loot.entries.LootPoolSingletonContainer$Serializer.deserializeCustom(LootPoolSingletonContainer.java:129) ~[forge-1.20.1-47.4.15_mapped_parchment_2023.09.03-1.20.1.jar%23191!/:?]
	at net.minecraft.world.level.storage.loot.entries.LootPoolEntryContainer$Serializer.deserialize(LootPoolEntryContainer.java:86) ~[forge-1.20.1-47.4.15_mapped_parchment_2023.09.03-1.20.1.jar%23191!/:?]
	at net.minecraft.world.level.storage.loot.entries.LootPoolEntryContainer$Serializer.deserialize(LootPoolEntryContainer.java:74) ~[forge-1.20.1-47.4.15_mapped_parchment_2023.09.03-1.20.1.jar%23191!/:?]
	at net.minecraft.world.level.storage.loot.GsonAdapterFactory$JsonAdapter.deserialize(GsonAdapterFactory.java:102) ~[forge-1.20.1-47.4.15_mapped_parchment_2023.09.03-1.20.1.jar%23191!/:?]
	at com.google.gson.internal.bind.TreeTypeAdapter.read(TreeTypeAdapter.java:76) ~[gson-2.10.jar%23131!/:?]
	at com.google.gson.internal.bind.TypeAdapterRuntimeTypeWrapper.read(TypeAdapterRuntimeTypeWrapper.java:40) ~[gson-2.10.jar%23131!/:?]
	at com.google.gson.internal.bind.ArrayTypeAdapter.read(ArrayTypeAdapter.java:72) ~[gson-2.10.jar%23131!/:?]
	at com.google.gson.Gson.fromJson(Gson.java:1214) ~[gson-2.10.jar%23131!/:?]
	at com.google.gson.Gson.fromJson(Gson.java:1319) ~[gson-2.10.jar%23131!/:?]
	at com.google.gson.Gson.fromJson(Gson.java:1290) ~[gson-2.10.jar%23131!/:?]
	at com.google.gson.internal.bind.TreeTypeAdapter$GsonContextImpl.deserialize(TreeTypeAdapter.java:179) ~[gson-2.10.jar%23131!/:?]
	at net.minecraft.util.GsonHelper.convertToObject(GsonHelper.java:463) ~[forge-1.20.1-47.4.15_mapped_parchment_2023.09.03-1.20.1.jar%23191!/:?]
	at net.minecraft.util.GsonHelper.getAsObject(GsonHelper.java:471) ~[forge-1.20.1-47.4.15_mapped_parchment_2023.09.03-1.20.1.jar%23191!/:?]
	at net.minecraft.world.level.storage.loot.LootPool$Serializer.deserialize(LootPool.java:192) ~[forge-1.20.1-47.4.15_mapped_parchment_2023.09.03-1.20.1.jar%23191!/:?]
	at net.minecraft.world.level.storage.loot.LootPool$Serializer.deserialize(LootPool.java:189) ~[forge-1.20.1-47.4.15_mapped_parchment_2023.09.03-1.20.1.jar%23191!/:?]
	at com.google.gson.internal.bind.TreeTypeAdapter.read(TreeTypeAdapter.java:76) ~[gson-2.10.jar%23131!/:?]
	at com.google.gson.internal.bind.TypeAdapterRuntimeTypeWrapper.read(TypeAdapterRuntimeTypeWrapper.java:40) ~[gson-2.10.jar%23131!/:?]
	at com.google.gson.internal.bind.ArrayTypeAdapter.read(ArrayTypeAdapter.java:72) ~[gson-2.10.jar%23131!/:?]
	at com.google.gson.Gson.fromJson(Gson.java:1214) ~[gson-2.10.jar%23131!/:?]
	at com.google.gson.Gson.fromJson(Gson.java:1319) ~[gson-2.10.jar%23131!/:?]
	at com.google.gson.Gson.fromJson(Gson.java:1290) ~[gson-2.10.jar%23131!/:?]
	at com.google.gson.internal.bind.TreeTypeAdapter$GsonContextImpl.deserialize(TreeTypeAdapter.java:179) ~[gson-2.10.jar%23131!/:?]
	at net.minecraft.util.GsonHelper.convertToObject(GsonHelper.java:463) ~[forge-1.20.1-47.4.15_mapped_parchment_2023.09.03-1.20.1.jar%23191!/:?]
	at net.minecraft.util.GsonHelper.getAsObject(GsonHelper.java:481) ~[forge-1.20.1-47.4.15_mapped_parchment_2023.09.03-1.20.1.jar%23191!/:?]
	at net.minecraft.world.level.storage.loot.LootTable$Serializer.deserialize(LootTable.java:294) ~[forge-1.20.1-47.4.15_mapped_parchment_2023.09.03-1.20.1.jar%23191!/:?]
	at net.minecraft.world.level.storage.loot.LootTable$Serializer.deserialize(LootTable.java:291) ~[forge-1.20.1-47.4.15_mapped_parchment_2023.09.03-1.20.1.jar%23191!/:?]
	at com.google.gson.internal.bind.TreeTypeAdapter.read(TreeTypeAdapter.java:76) ~[gson-2.10.jar%23131!/:?]
	at com.google.gson.Gson.fromJson(Gson.java:1214) ~[gson-2.10.jar%23131!/:?]
	at com.google.gson.Gson.fromJson(Gson.java:1319) ~[gson-2.10.jar%23131!/:?]
	at com.google.gson.Gson.fromJson(Gson.java:1261) ~[gson-2.10.jar%23131!/:?]
	at net.minecraftforge.common.ForgeHooks.loadLootTable(ForgeHooks.java:872) ~[forge-1.20.1-47.4.15_mapped_parchment_2023.09.03-1.20.1.jar%23190%23197!/:?]
	at net.minecraftforge.common.ForgeHooks.lambda$getLootTableDeserializer$3(ForgeHooks.java:849) ~[forge-1.20.1-47.4.15_mapped_parchment_2023.09.03-1.20.1.jar%23190%23197!/:?]
	at net.minecraft.world.level.storage.loot.LootDataType.deserialize(LootDataType.java:45) ~[forge-1.20.1-47.4.15_mapped_parchment_2023.09.03-1.20.1.jar%23191!/:?]
	at net.minecraft.world.level.storage.loot.LootDataManager.lambda$scheduleElementParse$4(LootDataManager.java:56) ~[forge-1.20.1-47.4.15_mapped_parchment_2023.09.03-1.20.1.jar%23191!/:?]
	at java.util.HashMap.forEach(HashMap.java:1421) ~[?:?]
	at net.minecraft.world.level.storage.loot.LootDataManager.lambda$scheduleElementParse$5(LootDataManager.java:55) ~[forge-1.20.1-47.4.15_mapped_parchment_2023.09.03-1.20.1.jar%23191!/:?]
	at java.util.concurrent.CompletableFuture$AsyncRun.run(CompletableFuture.java:1804) ~[?:?]
	at java.util.concurrent.CompletableFuture$AsyncRun.exec(CompletableFuture.java:1796) ~[?:?]
	at java.util.concurrent.ForkJoinTask.doExec(ForkJoinTask.java:373) ~[?:?]
	at java.util.concurrent.ForkJoinPool$WorkQueue.topLevelExec(ForkJoinPool.java:1182) ~[?:?]
	at java.util.concurrent.ForkJoinPool.scan(ForkJoinPool.java:1655) ~[?:?]
	at java.util.concurrent.ForkJoinPool.runWorker(ForkJoinPool.java:1622) ~[?:?]
	at java.util.concurrent.ForkJoinWorkerThread.run(ForkJoinWorkerThread.java:165) ~[?:?]
[21Mar2026 17:50:08.306] [Worker-Main-2/ERROR] [net.minecraftforge.common.ForgeHooks/]: Couldn't parse element loot_tables:oneironaut:blocks/concept_decorator_color/green
com.google.gson.JsonSyntaxException: Expected name to be an item, was unknown string 'oneironaut:concept_decorator_color_green'
	at net.minecraft.util.GsonHelper.lambda$convertToItem$0(GsonHelper.java:145) ~[forge-1.20.1-47.4.15_mapped_parchment_2023.09.03-1.20.1.jar%23191!/:?]
	at java.util.Optional.orElseThrow(Optional.java:403) ~[?:?]
	at net.minecraft.util.GsonHelper.convertToItem(GsonHelper.java:145) ~[forge-1.20.1-47.4.15_mapped_parchment_2023.09.03-1.20.1.jar%23191!/:?]
	at net.minecraft.util.GsonHelper.getAsItem(GsonHelper.java:153) ~[forge-1.20.1-47.4.15_mapped_parchment_2023.09.03-1.20.1.jar%23191!/:?]
	at net.minecraft.world.level.storage.loot.entries.LootItem$Serializer.deserialize(LootItem.java:55) ~[forge-1.20.1-47.4.15_mapped_parchment_2023.09.03-1.20.1.jar%23191!/:?]
	at net.minecraft.world.level.storage.loot.entries.LootItem$Serializer.deserialize(LootItem.java:40) ~[forge-1.20.1-47.4.15_mapped_parchment_2023.09.03-1.20.1.jar%23191!/:?]
	at net.minecraft.world.level.storage.loot.entries.LootPoolSingletonContainer$Serializer.deserializeCustom(LootPoolSingletonContainer.java:151) ~[forge-1.20.1-47.4.15_mapped_parchment_2023.09.03-1.20.1.jar%23191!/:?]
	at net.minecraft.world.level.storage.loot.entries.LootPoolSingletonContainer$Serializer.deserializeCustom(LootPoolSingletonContainer.java:129) ~[forge-1.20.1-47.4.15_mapped_parchment_2023.09.03-1.20.1.jar%23191!/:?]
	at net.minecraft.world.level.storage.loot.entries.LootPoolEntryContainer$Serializer.deserialize(LootPoolEntryContainer.java:86) ~[forge-1.20.1-47.4.15_mapped_parchment_2023.09.03-1.20.1.jar%23191!/:?]
	at net.minecraft.world.level.storage.loot.entries.LootPoolEntryContainer$Serializer.deserialize(LootPoolEntryContainer.java:74) ~[forge-1.20.1-47.4.15_mapped_parchment_2023.09.03-1.20.1.jar%23191!/:?]
	at net.minecraft.world.level.storage.loot.GsonAdapterFactory$JsonAdapter.deserialize(GsonAdapterFactory.java:102) ~[forge-1.20.1-47.4.15_mapped_parchment_2023.09.03-1.20.1.jar%23191!/:?]
	at com.google.gson.internal.bind.TreeTypeAdapter.read(TreeTypeAdapter.java:76) ~[gson-2.10.jar%23131!/:?]
	at com.google.gson.internal.bind.TypeAdapterRuntimeTypeWrapper.read(TypeAdapterRuntimeTypeWrapper.java:40) ~[gson-2.10.jar%23131!/:?]
	at com.google.gson.internal.bind.ArrayTypeAdapter.read(ArrayTypeAdapter.java:72) ~[gson-2.10.jar%23131!/:?]
	at com.google.gson.Gson.fromJson(Gson.java:1214) ~[gson-2.10.jar%23131!/:?]
	at com.google.gson.Gson.fromJson(Gson.java:1319) ~[gson-2.10.jar%23131!/:?]
	at com.google.gson.Gson.fromJson(Gson.java:1290) ~[gson-2.10.jar%23131!/:?]
	at com.google.gson.internal.bind.TreeTypeAdapter$GsonContextImpl.deserialize(TreeTypeAdapter.java:179) ~[gson-2.10.jar%23131!/:?]
	at net.minecraft.util.GsonHelper.convertToObject(GsonHelper.java:463) ~[forge-1.20.1-47.4.15_mapped_parchment_2023.09.03-1.20.1.jar%23191!/:?]
	at net.minecraft.util.GsonHelper.getAsObject(GsonHelper.java:471) ~[forge-1.20.1-47.4.15_mapped_parchment_2023.09.03-1.20.1.jar%23191!/:?]
	at net.minecraft.world.level.storage.loot.LootPool$Serializer.deserialize(LootPool.java:192) ~[forge-1.20.1-47.4.15_mapped_parchment_2023.09.03-1.20.1.jar%23191!/:?]
	at net.minecraft.world.level.storage.loot.LootPool$Serializer.deserialize(LootPool.java:189) ~[forge-1.20.1-47.4.15_mapped_parchment_2023.09.03-1.20.1.jar%23191!/:?]
	at com.google.gson.internal.bind.TreeTypeAdapter.read(TreeTypeAdapter.java:76) ~[gson-2.10.jar%23131!/:?]
	at com.google.gson.internal.bind.TypeAdapterRuntimeTypeWrapper.read(TypeAdapterRuntimeTypeWrapper.java:40) ~[gson-2.10.jar%23131!/:?]
	at com.google.gson.internal.bind.ArrayTypeAdapter.read(ArrayTypeAdapter.java:72) ~[gson-2.10.jar%23131!/:?]
	at com.google.gson.Gson.fromJson(Gson.java:1214) ~[gson-2.10.jar%23131!/:?]
	at com.google.gson.Gson.fromJson(Gson.java:1319) ~[gson-2.10.jar%23131!/:?]
	at com.google.gson.Gson.fromJson(Gson.java:1290) ~[gson-2.10.jar%23131!/:?]
	at com.google.gson.internal.bind.TreeTypeAdapter$GsonContextImpl.deserialize(TreeTypeAdapter.java:179) ~[gson-2.10.jar%23131!/:?]
	at net.minecraft.util.GsonHelper.convertToObject(GsonHelper.java:463) ~[forge-1.20.1-47.4.15_mapped_parchment_2023.09.03-1.20.1.jar%23191!/:?]
	at net.minecraft.util.GsonHelper.getAsObject(GsonHelper.java:481) ~[forge-1.20.1-47.4.15_mapped_parchment_2023.09.03-1.20.1.jar%23191!/:?]
	at net.minecraft.world.level.storage.loot.LootTable$Serializer.deserialize(LootTable.java:294) ~[forge-1.20.1-47.4.15_mapped_parchment_2023.09.03-1.20.1.jar%23191!/:?]
	at net.minecraft.world.level.storage.loot.LootTable$Serializer.deserialize(LootTable.java:291) ~[forge-1.20.1-47.4.15_mapped_parchment_2023.09.03-1.20.1.jar%23191!/:?]
	at com.google.gson.internal.bind.TreeTypeAdapter.read(TreeTypeAdapter.java:76) ~[gson-2.10.jar%23131!/:?]
	at com.google.gson.Gson.fromJson(Gson.java:1214) ~[gson-2.10.jar%23131!/:?]
	at com.google.gson.Gson.fromJson(Gson.java:1319) ~[gson-2.10.jar%23131!/:?]
	at com.google.gson.Gson.fromJson(Gson.java:1261) ~[gson-2.10.jar%23131!/:?]
	at net.minecraftforge.common.ForgeHooks.loadLootTable(ForgeHooks.java:872) ~[forge-1.20.1-47.4.15_mapped_parchment_2023.09.03-1.20.1.jar%23190%23197!/:?]
	at net.minecraftforge.common.ForgeHooks.lambda$getLootTableDeserializer$3(ForgeHooks.java:849) ~[forge-1.20.1-47.4.15_mapped_parchment_2023.09.03-1.20.1.jar%23190%23197!/:?]
	at net.minecraft.world.level.storage.loot.LootDataType.deserialize(LootDataType.java:45) ~[forge-1.20.1-47.4.15_mapped_parchment_2023.09.03-1.20.1.jar%23191!/:?]
	at net.minecraft.world.level.storage.loot.LootDataManager.lambda$scheduleElementParse$4(LootDataManager.java:56) ~[forge-1.20.1-47.4.15_mapped_parchment_2023.09.03-1.20.1.jar%23191!/:?]
	at java.util.HashMap.forEach(HashMap.java:1421) ~[?:?]
	at net.minecraft.world.level.storage.loot.LootDataManager.lambda$scheduleElementParse$5(LootDataManager.java:55) ~[forge-1.20.1-47.4.15_mapped_parchment_2023.09.03-1.20.1.jar%23191!/:?]
	at java.util.concurrent.CompletableFuture$AsyncRun.run(CompletableFuture.java:1804) ~[?:?]
	at java.util.concurrent.CompletableFuture$AsyncRun.exec(CompletableFuture.java:1796) ~[?:?]
	at java.util.concurrent.ForkJoinTask.doExec(ForkJoinTask.java:373) ~[?:?]
	at java.util.concurrent.ForkJoinPool$WorkQueue.topLevelExec(ForkJoinPool.java:1182) ~[?:?]
	at java.util.concurrent.ForkJoinPool.scan(ForkJoinPool.java:1655) ~[?:?]
	at java.util.concurrent.ForkJoinPool.runWorker(ForkJoinPool.java:1622) ~[?:?]
	at java.util.concurrent.ForkJoinWorkerThread.run(ForkJoinWorkerThread.java:165) ~[?:?]
[21Mar2026 17:50:08.342] [Worker-Main-2/ERROR] [net.minecraftforge.common.ForgeHooks/]: Couldn't parse element loot_tables:oneironaut:blocks/concept_decorator_color/lime
com.google.gson.JsonSyntaxException: Expected name to be an item, was unknown string 'oneironaut:concept_decorator_color_lime'
	at net.minecraft.util.GsonHelper.lambda$convertToItem$0(GsonHelper.java:145) ~[forge-1.20.1-47.4.15_mapped_parchment_2023.09.03-1.20.1.jar%23191!/:?]
	at java.util.Optional.orElseThrow(Optional.java:403) ~[?:?]
	at net.minecraft.util.GsonHelper.convertToItem(GsonHelper.java:145) ~[forge-1.20.1-47.4.15_mapped_parchment_2023.09.03-1.20.1.jar%23191!/:?]
	at net.minecraft.util.GsonHelper.getAsItem(GsonHelper.java:153) ~[forge-1.20.1-47.4.15_mapped_parchment_2023.09.03-1.20.1.jar%23191!/:?]
	at net.minecraft.world.level.storage.loot.entries.LootItem$Serializer.deserialize(LootItem.java:55) ~[forge-1.20.1-47.4.15_mapped_parchment_2023.09.03-1.20.1.jar%23191!/:?]
	at net.minecraft.world.level.storage.loot.entries.LootItem$Serializer.deserialize(LootItem.java:40) ~[forge-1.20.1-47.4.15_mapped_parchment_2023.09.03-1.20.1.jar%23191!/:?]
	at net.minecraft.world.level.storage.loot.entries.LootPoolSingletonContainer$Serializer.deserializeCustom(LootPoolSingletonContainer.java:151) ~[forge-1.20.1-47.4.15_mapped_parchment_2023.09.03-1.20.1.jar%23191!/:?]
	at net.minecraft.world.level.storage.loot.entries.LootPoolSingletonContainer$Serializer.deserializeCustom(LootPoolSingletonContainer.java:129) ~[forge-1.20.1-47.4.15_mapped_parchment_2023.09.03-1.20.1.jar%23191!/:?]
	at net.minecraft.world.level.storage.loot.entries.LootPoolEntryContainer$Serializer.deserialize(LootPoolEntryContainer.java:86) ~[forge-1.20.1-47.4.15_mapped_parchment_2023.09.03-1.20.1.jar%23191!/:?]
	at net.minecraft.world.level.storage.loot.entries.LootPoolEntryContainer$Serializer.deserialize(LootPoolEntryContainer.java:74) ~[forge-1.20.1-47.4.15_mapped_parchment_2023.09.03-1.20.1.jar%23191!/:?]
	at net.minecraft.world.level.storage.loot.GsonAdapterFactory$JsonAdapter.deserialize(GsonAdapterFactory.java:102) ~[forge-1.20.1-47.4.15_mapped_parchment_2023.09.03-1.20.1.jar%23191!/:?]
	at com.google.gson.internal.bind.TreeTypeAdapter.read(TreeTypeAdapter.java:76) ~[gson-2.10.jar%23131!/:?]
	at com.google.gson.internal.bind.TypeAdapterRuntimeTypeWrapper.read(TypeAdapterRuntimeTypeWrapper.java:40) ~[gson-2.10.jar%23131!/:?]
	at com.google.gson.internal.bind.ArrayTypeAdapter.read(ArrayTypeAdapter.java:72) ~[gson-2.10.jar%23131!/:?]
	at com.google.gson.Gson.fromJson(Gson.java:1214) ~[gson-2.10.jar%23131!/:?]
	at com.google.gson.Gson.fromJson(Gson.java:1319) ~[gson-2.10.jar%23131!/:?]
	at com.google.gson.Gson.fromJson(Gson.java:1290) ~[gson-2.10.jar%23131!/:?]
	at com.google.gson.internal.bind.TreeTypeAdapter$GsonContextImpl.deserialize(TreeTypeAdapter.java:179) ~[gson-2.10.jar%23131!/:?]
	at net.minecraft.util.GsonHelper.convertToObject(GsonHelper.java:463) ~[forge-1.20.1-47.4.15_mapped_parchment_2023.09.03-1.20.1.jar%23191!/:?]
	at net.minecraft.util.GsonHelper.getAsObject(GsonHelper.java:471) ~[forge-1.20.1-47.4.15_mapped_parchment_2023.09.03-1.20.1.jar%23191!/:?]
	at net.minecraft.world.level.storage.loot.LootPool$Serializer.deserialize(LootPool.java:192) ~[forge-1.20.1-47.4.15_mapped_parchment_2023.09.03-1.20.1.jar%23191!/:?]
	at net.minecraft.world.level.storage.loot.LootPool$Serializer.deserialize(LootPool.java:189) ~[forge-1.20.1-47.4.15_mapped_parchment_2023.09.03-1.20.1.jar%23191!/:?]
	at com.google.gson.internal.bind.TreeTypeAdapter.read(TreeTypeAdapter.java:76) ~[gson-2.10.jar%23131!/:?]
	at com.google.gson.internal.bind.TypeAdapterRuntimeTypeWrapper.read(TypeAdapterRuntimeTypeWrapper.java:40) ~[gson-2.10.jar%23131!/:?]
	at com.google.gson.internal.bind.ArrayTypeAdapter.read(ArrayTypeAdapter.java:72) ~[gson-2.10.jar%23131!/:?]
	at com.google.gson.Gson.fromJson(Gson.java:1214) ~[gson-2.10.jar%23131!/:?]
	at com.google.gson.Gson.fromJson(Gson.java:1319) ~[gson-2.10.jar%23131!/:?]
	at com.google.gson.Gson.fromJson(Gson.java:1290) ~[gson-2.10.jar%23131!/:?]
	at com.google.gson.internal.bind.TreeTypeAdapter$GsonContextImpl.deserialize(TreeTypeAdapter.java:179) ~[gson-2.10.jar%23131!/:?]
	at net.minecraft.util.GsonHelper.convertToObject(GsonHelper.java:463) ~[forge-1.20.1-47.4.15_mapped_parchment_2023.09.03-1.20.1.jar%23191!/:?]
	at net.minecraft.util.GsonHelper.getAsObject(GsonHelper.java:481) ~[forge-1.20.1-47.4.15_mapped_parchment_2023.09.03-1.20.1.jar%23191!/:?]
	at net.minecraft.world.level.storage.loot.LootTable$Serializer.deserialize(LootTable.java:294) ~[forge-1.20.1-47.4.15_mapped_parchment_2023.09.03-1.20.1.jar%23191!/:?]
	at net.minecraft.world.level.storage.loot.LootTable$Serializer.deserialize(LootTable.java:291) ~[forge-1.20.1-47.4.15_mapped_parchment_2023.09.03-1.20.1.jar%23191!/:?]
	at com.google.gson.internal.bind.TreeTypeAdapter.read(TreeTypeAdapter.java:76) ~[gson-2.10.jar%23131!/:?]
	at com.google.gson.Gson.fromJson(Gson.java:1214) ~[gson-2.10.jar%23131!/:?]
	at com.google.gson.Gson.fromJson(Gson.java:1319) ~[gson-2.10.jar%23131!/:?]
	at com.google.gson.Gson.fromJson(Gson.java:1261) ~[gson-2.10.jar%23131!/:?]
	at net.minecraftforge.common.ForgeHooks.loadLootTable(ForgeHooks.java:872) ~[forge-1.20.1-47.4.15_mapped_parchment_2023.09.03-1.20.1.jar%23190%23197!/:?]
	at net.minecraftforge.common.ForgeHooks.lambda$getLootTableDeserializer$3(ForgeHooks.java:849) ~[forge-1.20.1-47.4.15_mapped_parchment_2023.09.03-1.20.1.jar%23190%23197!/:?]
	at net.minecraft.world.level.storage.loot.LootDataType.deserialize(LootDataType.java:45) ~[forge-1.20.1-47.4.15_mapped_parchment_2023.09.03-1.20.1.jar%23191!/:?]
	at net.minecraft.world.level.storage.loot.LootDataManager.lambda$scheduleElementParse$4(LootDataManager.java:56) ~[forge-1.20.1-47.4.15_mapped_parchment_2023.09.03-1.20.1.jar%23191!/:?]
	at java.util.HashMap.forEach(HashMap.java:1421) ~[?:?]
	at net.minecraft.world.level.storage.loot.LootDataManager.lambda$scheduleElementParse$5(LootDataManager.java:55) ~[forge-1.20.1-47.4.15_mapped_parchment_2023.09.03-1.20.1.jar%23191!/:?]
	at java.util.concurrent.CompletableFuture$AsyncRun.run(CompletableFuture.java:1804) ~[?:?]
	at java.util.concurrent.CompletableFuture$AsyncRun.exec(CompletableFuture.java:1796) ~[?:?]
	at java.util.concurrent.ForkJoinTask.doExec(ForkJoinTask.java:373) ~[?:?]
	at java.util.concurrent.ForkJoinPool$WorkQueue.topLevelExec(ForkJoinPool.java:1182) ~[?:?]
	at java.util.concurrent.ForkJoinPool.scan(ForkJoinPool.java:1655) ~[?:?]
	at java.util.concurrent.ForkJoinPool.runWorker(ForkJoinPool.java:1622) ~[?:?]
	at java.util.concurrent.ForkJoinWorkerThread.run(ForkJoinWorkerThread.java:165) ~[?:?]
[21Mar2026 17:50:08.348] [Worker-Main-2/ERROR] [net.minecraftforge.common.ForgeHooks/]: Couldn't parse element loot_tables:oneironaut:blocks/concept_decorator_color/blue
com.google.gson.JsonSyntaxException: Expected name to be an item, was unknown string 'oneironaut:concept_decorator_color_blue'
	at net.minecraft.util.GsonHelper.lambda$convertToItem$0(GsonHelper.java:145) ~[forge-1.20.1-47.4.15_mapped_parchment_2023.09.03-1.20.1.jar%23191!/:?]
	at java.util.Optional.orElseThrow(Optional.java:403) ~[?:?]
	at net.minecraft.util.GsonHelper.convertToItem(GsonHelper.java:145) ~[forge-1.20.1-47.4.15_mapped_parchment_2023.09.03-1.20.1.jar%23191!/:?]
	at net.minecraft.util.GsonHelper.getAsItem(GsonHelper.java:153) ~[forge-1.20.1-47.4.15_mapped_parchment_2023.09.03-1.20.1.jar%23191!/:?]
	at net.minecraft.world.level.storage.loot.entries.LootItem$Serializer.deserialize(LootItem.java:55) ~[forge-1.20.1-47.4.15_mapped_parchment_2023.09.03-1.20.1.jar%23191!/:?]
	at net.minecraft.world.level.storage.loot.entries.LootItem$Serializer.deserialize(LootItem.java:40) ~[forge-1.20.1-47.4.15_mapped_parchment_2023.09.03-1.20.1.jar%23191!/:?]
	at net.minecraft.world.level.storage.loot.entries.LootPoolSingletonContainer$Serializer.deserializeCustom(LootPoolSingletonContainer.java:151) ~[forge-1.20.1-47.4.15_mapped_parchment_2023.09.03-1.20.1.jar%23191!/:?]
	at net.minecraft.world.level.storage.loot.entries.LootPoolSingletonContainer$Serializer.deserializeCustom(LootPoolSingletonContainer.java:129) ~[forge-1.20.1-47.4.15_mapped_parchment_2023.09.03-1.20.1.jar%23191!/:?]
	at net.minecraft.world.level.storage.loot.entries.LootPoolEntryContainer$Serializer.deserialize(LootPoolEntryContainer.java:86) ~[forge-1.20.1-47.4.15_mapped_parchment_2023.09.03-1.20.1.jar%23191!/:?]
	at net.minecraft.world.level.storage.loot.entries.LootPoolEntryContainer$Serializer.deserialize(LootPoolEntryContainer.java:74) ~[forge-1.20.1-47.4.15_mapped_parchment_2023.09.03-1.20.1.jar%23191!/:?]
	at net.minecraft.world.level.storage.loot.GsonAdapterFactory$JsonAdapter.deserialize(GsonAdapterFactory.java:102) ~[forge-1.20.1-47.4.15_mapped_parchment_2023.09.03-1.20.1.jar%23191!/:?]
	at com.google.gson.internal.bind.TreeTypeAdapter.read(TreeTypeAdapter.java:76) ~[gson-2.10.jar%23131!/:?]
	at com.google.gson.internal.bind.TypeAdapterRuntimeTypeWrapper.read(TypeAdapterRuntimeTypeWrapper.java:40) ~[gson-2.10.jar%23131!/:?]
	at com.google.gson.internal.bind.ArrayTypeAdapter.read(ArrayTypeAdapter.java:72) ~[gson-2.10.jar%23131!/:?]
	at com.google.gson.Gson.fromJson(Gson.java:1214) ~[gson-2.10.jar%23131!/:?]
	at com.google.gson.Gson.fromJson(Gson.java:1319) ~[gson-2.10.jar%23131!/:?]
	at com.google.gson.Gson.fromJson(Gson.java:1290) ~[gson-2.10.jar%23131!/:?]
	at com.google.gson.internal.bind.TreeTypeAdapter$GsonContextImpl.deserialize(TreeTypeAdapter.java:179) ~[gson-2.10.jar%23131!/:?]
	at net.minecraft.util.GsonHelper.convertToObject(GsonHelper.java:463) ~[forge-1.20.1-47.4.15_mapped_parchment_2023.09.03-1.20.1.jar%23191!/:?]
	at net.minecraft.util.GsonHelper.getAsObject(GsonHelper.java:471) ~[forge-1.20.1-47.4.15_mapped_parchment_2023.09.03-1.20.1.jar%23191!/:?]
	at net.minecraft.world.level.storage.loot.LootPool$Serializer.deserialize(LootPool.java:192) ~[forge-1.20.1-47.4.15_mapped_parchment_2023.09.03-1.20.1.jar%23191!/:?]
	at net.minecraft.world.level.storage.loot.LootPool$Serializer.deserialize(LootPool.java:189) ~[forge-1.20.1-47.4.15_mapped_parchment_2023.09.03-1.20.1.jar%23191!/:?]
	at com.google.gson.internal.bind.TreeTypeAdapter.read(TreeTypeAdapter.java:76) ~[gson-2.10.jar%23131!/:?]
	at com.google.gson.internal.bind.TypeAdapterRuntimeTypeWrapper.read(TypeAdapterRuntimeTypeWrapper.java:40) ~[gson-2.10.jar%23131!/:?]
	at com.google.gson.internal.bind.ArrayTypeAdapter.read(ArrayTypeAdapter.java:72) ~[gson-2.10.jar%23131!/:?]
	at com.google.gson.Gson.fromJson(Gson.java:1214) ~[gson-2.10.jar%23131!/:?]
	at com.google.gson.Gson.fromJson(Gson.java:1319) ~[gson-2.10.jar%23131!/:?]
	at com.google.gson.Gson.fromJson(Gson.java:1290) ~[gson-2.10.jar%23131!/:?]
	at com.google.gson.internal.bind.TreeTypeAdapter$GsonContextImpl.deserialize(TreeTypeAdapter.java:179) ~[gson-2.10.jar%23131!/:?]
	at net.minecraft.util.GsonHelper.convertToObject(GsonHelper.java:463) ~[forge-1.20.1-47.4.15_mapped_parchment_2023.09.03-1.20.1.jar%23191!/:?]
	at net.minecraft.util.GsonHelper.getAsObject(GsonHelper.java:481) ~[forge-1.20.1-47.4.15_mapped_parchment_2023.09.03-1.20.1.jar%23191!/:?]
	at net.minecraft.world.level.storage.loot.LootTable$Serializer.deserialize(LootTable.java:294) ~[forge-1.20.1-47.4.15_mapped_parchment_2023.09.03-1.20.1.jar%23191!/:?]
	at net.minecraft.world.level.storage.loot.LootTable$Serializer.deserialize(LootTable.java:291) ~[forge-1.20.1-47.4.15_mapped_parchment_2023.09.03-1.20.1.jar%23191!/:?]
	at com.google.gson.internal.bind.TreeTypeAdapter.read(TreeTypeAdapter.java:76) ~[gson-2.10.jar%23131!/:?]
	at com.google.gson.Gson.fromJson(Gson.java:1214) ~[gson-2.10.jar%23131!/:?]
	at com.google.gson.Gson.fromJson(Gson.java:1319) ~[gson-2.10.jar%23131!/:?]
	at com.google.gson.Gson.fromJson(Gson.java:1261) ~[gson-2.10.jar%23131!/:?]
	at net.minecraftforge.common.ForgeHooks.loadLootTable(ForgeHooks.java:872) ~[forge-1.20.1-47.4.15_mapped_parchment_2023.09.03-1.20.1.jar%23190%23197!/:?]
	at net.minecraftforge.common.ForgeHooks.lambda$getLootTableDeserializer$3(ForgeHooks.java:849) ~[forge-1.20.1-47.4.15_mapped_parchment_2023.09.03-1.20.1.jar%23190%23197!/:?]
	at net.minecraft.world.level.storage.loot.LootDataType.deserialize(LootDataType.java:45) ~[forge-1.20.1-47.4.15_mapped_parchment_2023.09.03-1.20.1.jar%23191!/:?]
	at net.minecraft.world.level.storage.loot.LootDataManager.lambda$scheduleElementParse$4(LootDataManager.java:56) ~[forge-1.20.1-47.4.15_mapped_parchment_2023.09.03-1.20.1.jar%23191!/:?]
	at java.util.HashMap.forEach(HashMap.java:1421) ~[?:?]
	at net.minecraft.world.level.storage.loot.LootDataManager.lambda$scheduleElementParse$5(LootDataManager.java:55) ~[forge-1.20.1-47.4.15_mapped_parchment_2023.09.03-1.20.1.jar%23191!/:?]
	at java.util.concurrent.CompletableFuture$AsyncRun.run(CompletableFuture.java:1804) ~[?:?]
	at java.util.concurrent.CompletableFuture$AsyncRun.exec(CompletableFuture.java:1796) ~[?:?]
	at java.util.concurrent.ForkJoinTask.doExec(ForkJoinTask.java:373) ~[?:?]
	at java.util.concurrent.ForkJoinPool$WorkQueue.topLevelExec(ForkJoinPool.java:1182) ~[?:?]
	at java.util.concurrent.ForkJoinPool.scan(ForkJoinPool.java:1655) ~[?:?]
	at java.util.concurrent.ForkJoinPool.runWorker(ForkJoinPool.java:1622) ~[?:?]
	at java.util.concurrent.ForkJoinWorkerThread.run(ForkJoinWorkerThread.java:165) ~[?:?]
[21Mar2026 17:50:08.359] [Worker-Main-2/ERROR] [net.minecraftforge.common.ForgeHooks/]: Couldn't parse element loot_tables:oneironaut:blocks/concept_decorator_color/pink
com.google.gson.JsonSyntaxException: Expected name to be an item, was unknown string 'oneironaut:concept_decorator_color_pink'
	at net.minecraft.util.GsonHelper.lambda$convertToItem$0(GsonHelper.java:145) ~[forge-1.20.1-47.4.15_mapped_parchment_2023.09.03-1.20.1.jar%23191!/:?]
	at java.util.Optional.orElseThrow(Optional.java:403) ~[?:?]
	at net.minecraft.util.GsonHelper.convertToItem(GsonHelper.java:145) ~[forge-1.20.1-47.4.15_mapped_parchment_2023.09.03-1.20.1.jar%23191!/:?]
	at net.minecraft.util.GsonHelper.getAsItem(GsonHelper.java:153) ~[forge-1.20.1-47.4.15_mapped_parchment_2023.09.03-1.20.1.jar%23191!/:?]
	at net.minecraft.world.level.storage.loot.entries.LootItem$Serializer.deserialize(LootItem.java:55) ~[forge-1.20.1-47.4.15_mapped_parchment_2023.09.03-1.20.1.jar%23191!/:?]
	at net.minecraft.world.level.storage.loot.entries.LootItem$Serializer.deserialize(LootItem.java:40) ~[forge-1.20.1-47.4.15_mapped_parchment_2023.09.03-1.20.1.jar%23191!/:?]
	at net.minecraft.world.level.storage.loot.entries.LootPoolSingletonContainer$Serializer.deserializeCustom(LootPoolSingletonContainer.java:151) ~[forge-1.20.1-47.4.15_mapped_parchment_2023.09.03-1.20.1.jar%23191!/:?]
	at net.minecraft.world.level.storage.loot.entries.LootPoolSingletonContainer$Serializer.deserializeCustom(LootPoolSingletonContainer.java:129) ~[forge-1.20.1-47.4.15_mapped_parchment_2023.09.03-1.20.1.jar%23191!/:?]
	at net.minecraft.world.level.storage.loot.entries.LootPoolEntryContainer$Serializer.deserialize(LootPoolEntryContainer.java:86) ~[forge-1.20.1-47.4.15_mapped_parchment_2023.09.03-1.20.1.jar%23191!/:?]
	at net.minecraft.world.level.storage.loot.entries.LootPoolEntryContainer$Serializer.deserialize(LootPoolEntryContainer.java:74) ~[forge-1.20.1-47.4.15_mapped_parchment_2023.09.03-1.20.1.jar%23191!/:?]
	at net.minecraft.world.level.storage.loot.GsonAdapterFactory$JsonAdapter.deserialize(GsonAdapterFactory.java:102) ~[forge-1.20.1-47.4.15_mapped_parchment_2023.09.03-1.20.1.jar%23191!/:?]
	at com.google.gson.internal.bind.TreeTypeAdapter.read(TreeTypeAdapter.java:76) ~[gson-2.10.jar%23131!/:?]
	at com.google.gson.internal.bind.TypeAdapterRuntimeTypeWrapper.read(TypeAdapterRuntimeTypeWrapper.java:40) ~[gson-2.10.jar%23131!/:?]
	at com.google.gson.internal.bind.ArrayTypeAdapter.read(ArrayTypeAdapter.java:72) ~[gson-2.10.jar%23131!/:?]
	at com.google.gson.Gson.fromJson(Gson.java:1214) ~[gson-2.10.jar%23131!/:?]
	at com.google.gson.Gson.fromJson(Gson.java:1319) ~[gson-2.10.jar%23131!/:?]
	at com.google.gson.Gson.fromJson(Gson.java:1290) ~[gson-2.10.jar%23131!/:?]
	at com.google.gson.internal.bind.TreeTypeAdapter$GsonContextImpl.deserialize(TreeTypeAdapter.java:179) ~[gson-2.10.jar%23131!/:?]
	at net.minecraft.util.GsonHelper.convertToObject(GsonHelper.java:463) ~[forge-1.20.1-47.4.15_mapped_parchment_2023.09.03-1.20.1.jar%23191!/:?]
	at net.minecraft.util.GsonHelper.getAsObject(GsonHelper.java:471) ~[forge-1.20.1-47.4.15_mapped_parchment_2023.09.03-1.20.1.jar%23191!/:?]
	at net.minecraft.world.level.storage.loot.LootPool$Serializer.deserialize(LootPool.java:192) ~[forge-1.20.1-47.4.15_mapped_parchment_2023.09.03-1.20.1.jar%23191!/:?]
	at net.minecraft.world.level.storage.loot.LootPool$Serializer.deserialize(LootPool.java:189) ~[forge-1.20.1-47.4.15_mapped_parchment_2023.09.03-1.20.1.jar%23191!/:?]
	at com.google.gson.internal.bind.TreeTypeAdapter.read(TreeTypeAdapter.java:76) ~[gson-2.10.jar%23131!/:?]
	at com.google.gson.internal.bind.TypeAdapterRuntimeTypeWrapper.read(TypeAdapterRuntimeTypeWrapper.java:40) ~[gson-2.10.jar%23131!/:?]
	at com.google.gson.internal.bind.ArrayTypeAdapter.read(ArrayTypeAdapter.java:72) ~[gson-2.10.jar%23131!/:?]
	at com.google.gson.Gson.fromJson(Gson.java:1214) ~[gson-2.10.jar%23131!/:?]
	at com.google.gson.Gson.fromJson(Gson.java:1319) ~[gson-2.10.jar%23131!/:?]
	at com.google.gson.Gson.fromJson(Gson.java:1290) ~[gson-2.10.jar%23131!/:?]
	at com.google.gson.internal.bind.TreeTypeAdapter$GsonContextImpl.deserialize(TreeTypeAdapter.java:179) ~[gson-2.10.jar%23131!/:?]
	at net.minecraft.util.GsonHelper.convertToObject(GsonHelper.java:463) ~[forge-1.20.1-47.4.15_mapped_parchment_2023.09.03-1.20.1.jar%23191!/:?]
	at net.minecraft.util.GsonHelper.getAsObject(GsonHelper.java:481) ~[forge-1.20.1-47.4.15_mapped_parchment_2023.09.03-1.20.1.jar%23191!/:?]
	at net.minecraft.world.level.storage.loot.LootTable$Serializer.deserialize(LootTable.java:294) ~[forge-1.20.1-47.4.15_mapped_parchment_2023.09.03-1.20.1.jar%23191!/:?]
	at net.minecraft.world.level.storage.loot.LootTable$Serializer.deserialize(LootTable.java:291) ~[forge-1.20.1-47.4.15_mapped_parchment_2023.09.03-1.20.1.jar%23191!/:?]
	at com.google.gson.internal.bind.TreeTypeAdapter.read(TreeTypeAdapter.java:76) ~[gson-2.10.jar%23131!/:?]
	at com.google.gson.Gson.fromJson(Gson.java:1214) ~[gson-2.10.jar%23131!/:?]
	at com.google.gson.Gson.fromJson(Gson.java:1319) ~[gson-2.10.jar%23131!/:?]
	at com.google.gson.Gson.fromJson(Gson.java:1261) ~[gson-2.10.jar%23131!/:?]
	at net.minecraftforge.common.ForgeHooks.loadLootTable(ForgeHooks.java:872) ~[forge-1.20.1-47.4.15_mapped_parchment_2023.09.03-1.20.1.jar%23190%23197!/:?]
	at net.minecraftforge.common.ForgeHooks.lambda$getLootTableDeserializer$3(ForgeHooks.java:849) ~[forge-1.20.1-47.4.15_mapped_parchment_2023.09.03-1.20.1.jar%23190%23197!/:?]
	at net.minecraft.world.level.storage.loot.LootDataType.deserialize(LootDataType.java:45) ~[forge-1.20.1-47.4.15_mapped_parchment_2023.09.03-1.20.1.jar%23191!/:?]
	at net.minecraft.world.level.storage.loot.LootDataManager.lambda$scheduleElementParse$4(LootDataManager.java:56) ~[forge-1.20.1-47.4.15_mapped_parchment_2023.09.03-1.20.1.jar%23191!/:?]
	at java.util.HashMap.forEach(HashMap.java:1421) ~[?:?]
	at net.minecraft.world.level.storage.loot.LootDataManager.lambda$scheduleElementParse$5(LootDataManager.java:55) ~[forge-1.20.1-47.4.15_mapped_parchment_2023.09.03-1.20.1.jar%23191!/:?]
	at java.util.concurrent.CompletableFuture$AsyncRun.run(CompletableFuture.java:1804) ~[?:?]
	at java.util.concurrent.CompletableFuture$AsyncRun.exec(CompletableFuture.java:1796) ~[?:?]
	at java.util.concurrent.ForkJoinTask.doExec(ForkJoinTask.java:373) ~[?:?]
	at java.util.concurrent.ForkJoinPool$WorkQueue.topLevelExec(ForkJoinPool.java:1182) ~[?:?]
	at java.util.concurrent.ForkJoinPool.scan(ForkJoinPool.java:1655) ~[?:?]
	at java.util.concurrent.ForkJoinPool.runWorker(ForkJoinPool.java:1622) ~[?:?]
	at java.util.concurrent.ForkJoinWorkerThread.run(ForkJoinWorkerThread.java:165) ~[?:?]
[21Mar2026 17:50:08.370] [Worker-Main-2/ERROR] [net.minecraftforge.common.ForgeHooks/]: Couldn't parse element loot_tables:oneironaut:blocks/concept_decorator_color/magenta
com.google.gson.JsonSyntaxException: Expected name to be an item, was unknown string 'oneironaut:concept_decorator_color_magenta'
	at net.minecraft.util.GsonHelper.lambda$convertToItem$0(GsonHelper.java:145) ~[forge-1.20.1-47.4.15_mapped_parchment_2023.09.03-1.20.1.jar%23191!/:?]
	at java.util.Optional.orElseThrow(Optional.java:403) ~[?:?]
	at net.minecraft.util.GsonHelper.convertToItem(GsonHelper.java:145) ~[forge-1.20.1-47.4.15_mapped_parchment_2023.09.03-1.20.1.jar%23191!/:?]
	at net.minecraft.util.GsonHelper.getAsItem(GsonHelper.java:153) ~[forge-1.20.1-47.4.15_mapped_parchment_2023.09.03-1.20.1.jar%23191!/:?]
	at net.minecraft.world.level.storage.loot.entries.LootItem$Serializer.deserialize(LootItem.java:55) ~[forge-1.20.1-47.4.15_mapped_parchment_2023.09.03-1.20.1.jar%23191!/:?]
	at net.minecraft.world.level.storage.loot.entries.LootItem$Serializer.deserialize(LootItem.java:40) ~[forge-1.20.1-47.4.15_mapped_parchment_2023.09.03-1.20.1.jar%23191!/:?]
	at net.minecraft.world.level.storage.loot.entries.LootPoolSingletonContainer$Serializer.deserializeCustom(LootPoolSingletonContainer.java:151) ~[forge-1.20.1-47.4.15_mapped_parchment_2023.09.03-1.20.1.jar%23191!/:?]
	at net.minecraft.world.level.storage.loot.entries.LootPoolSingletonContainer$Serializer.deserializeCustom(LootPoolSingletonContainer.java:129) ~[forge-1.20.1-47.4.15_mapped_parchment_2023.09.03-1.20.1.jar%23191!/:?]
	at net.minecraft.world.level.storage.loot.entries.LootPoolEntryContainer$Serializer.deserialize(LootPoolEntryContainer.java:86) ~[forge-1.20.1-47.4.15_mapped_parchment_2023.09.03-1.20.1.jar%23191!/:?]
	at net.minecraft.world.level.storage.loot.entries.LootPoolEntryContainer$Serializer.deserialize(LootPoolEntryContainer.java:74) ~[forge-1.20.1-47.4.15_mapped_parchment_2023.09.03-1.20.1.jar%23191!/:?]
	at net.minecraft.world.level.storage.loot.GsonAdapterFactory$JsonAdapter.deserialize(GsonAdapterFactory.java:102) ~[forge-1.20.1-47.4.15_mapped_parchment_2023.09.03-1.20.1.jar%23191!/:?]
	at com.google.gson.internal.bind.TreeTypeAdapter.read(TreeTypeAdapter.java:76) ~[gson-2.10.jar%23131!/:?]
	at com.google.gson.internal.bind.TypeAdapterRuntimeTypeWrapper.read(TypeAdapterRuntimeTypeWrapper.java:40) ~[gson-2.10.jar%23131!/:?]
	at com.google.gson.internal.bind.ArrayTypeAdapter.read(ArrayTypeAdapter.java:72) ~[gson-2.10.jar%23131!/:?]
	at com.google.gson.Gson.fromJson(Gson.java:1214) ~[gson-2.10.jar%23131!/:?]
	at com.google.gson.Gson.fromJson(Gson.java:1319) ~[gson-2.10.jar%23131!/:?]
	at com.google.gson.Gson.fromJson(Gson.java:1290) ~[gson-2.10.jar%23131!/:?]
	at com.google.gson.internal.bind.TreeTypeAdapter$GsonContextImpl.deserialize(TreeTypeAdapter.java:179) ~[gson-2.10.jar%23131!/:?]
	at net.minecraft.util.GsonHelper.convertToObject(GsonHelper.java:463) ~[forge-1.20.1-47.4.15_mapped_parchment_2023.09.03-1.20.1.jar%23191!/:?]
	at net.minecraft.util.GsonHelper.getAsObject(GsonHelper.java:471) ~[forge-1.20.1-47.4.15_mapped_parchment_2023.09.03-1.20.1.jar%23191!/:?]
	at net.minecraft.world.level.storage.loot.LootPool$Serializer.deserialize(LootPool.java:192) ~[forge-1.20.1-47.4.15_mapped_parchment_2023.09.03-1.20.1.jar%23191!/:?]
	at net.minecraft.world.level.storage.loot.LootPool$Serializer.deserialize(LootPool.java:189) ~[forge-1.20.1-47.4.15_mapped_parchment_2023.09.03-1.20.1.jar%23191!/:?]
	at com.google.gson.internal.bind.TreeTypeAdapter.read(TreeTypeAdapter.java:76) ~[gson-2.10.jar%23131!/:?]
	at com.google.gson.internal.bind.TypeAdapterRuntimeTypeWrapper.read(TypeAdapterRuntimeTypeWrapper.java:40) ~[gson-2.10.jar%23131!/:?]
	at com.google.gson.internal.bind.ArrayTypeAdapter.read(ArrayTypeAdapter.java:72) ~[gson-2.10.jar%23131!/:?]
	at com.google.gson.Gson.fromJson(Gson.java:1214) ~[gson-2.10.jar%23131!/:?]
	at com.google.gson.Gson.fromJson(Gson.java:1319) ~[gson-2.10.jar%23131!/:?]
	at com.google.gson.Gson.fromJson(Gson.java:1290) ~[gson-2.10.jar%23131!/:?]
	at com.google.gson.internal.bind.TreeTypeAdapter$GsonContextImpl.deserialize(TreeTypeAdapter.java:179) ~[gson-2.10.jar%23131!/:?]
	at net.minecraft.util.GsonHelper.convertToObject(GsonHelper.java:463) ~[forge-1.20.1-47.4.15_mapped_parchment_2023.09.03-1.20.1.jar%23191!/:?]
	at net.minecraft.util.GsonHelper.getAsObject(GsonHelper.java:481) ~[forge-1.20.1-47.4.15_mapped_parchment_2023.09.03-1.20.1.jar%23191!/:?]
	at net.minecraft.world.level.storage.loot.LootTable$Serializer.deserialize(LootTable.java:294) ~[forge-1.20.1-47.4.15_mapped_parchment_2023.09.03-1.20.1.jar%23191!/:?]
	at net.minecraft.world.level.storage.loot.LootTable$Serializer.deserialize(LootTable.java:291) ~[forge-1.20.1-47.4.15_mapped_parchment_2023.09.03-1.20.1.jar%23191!/:?]
	at com.google.gson.internal.bind.TreeTypeAdapter.read(TreeTypeAdapter.java:76) ~[gson-2.10.jar%23131!/:?]
	at com.google.gson.Gson.fromJson(Gson.java:1214) ~[gson-2.10.jar%23131!/:?]
	at com.google.gson.Gson.fromJson(Gson.java:1319) ~[gson-2.10.jar%23131!/:?]
	at com.google.gson.Gson.fromJson(Gson.java:1261) ~[gson-2.10.jar%23131!/:?]
	at net.minecraftforge.common.ForgeHooks.loadLootTable(ForgeHooks.java:872) ~[forge-1.20.1-47.4.15_mapped_parchment_2023.09.03-1.20.1.jar%23190%23197!/:?]
	at net.minecraftforge.common.ForgeHooks.lambda$getLootTableDeserializer$3(ForgeHooks.java:849) ~[forge-1.20.1-47.4.15_mapped_parchment_2023.09.03-1.20.1.jar%23190%23197!/:?]
	at net.minecraft.world.level.storage.loot.LootDataType.deserialize(LootDataType.java:45) ~[forge-1.20.1-47.4.15_mapped_parchment_2023.09.03-1.20.1.jar%23191!/:?]
	at net.minecraft.world.level.storage.loot.LootDataManager.lambda$scheduleElementParse$4(LootDataManager.java:56) ~[forge-1.20.1-47.4.15_mapped_parchment_2023.09.03-1.20.1.jar%23191!/:?]
	at java.util.HashMap.forEach(HashMap.java:1421) ~[?:?]
	at net.minecraft.world.level.storage.loot.LootDataManager.lambda$scheduleElementParse$5(LootDataManager.java:55) ~[forge-1.20.1-47.4.15_mapped_parchment_2023.09.03-1.20.1.jar%23191!/:?]
	at java.util.concurrent.CompletableFuture$AsyncRun.run(CompletableFuture.java:1804) ~[?:?]
	at java.util.concurrent.CompletableFuture$AsyncRun.exec(CompletableFuture.java:1796) ~[?:?]
	at java.util.concurrent.ForkJoinTask.doExec(ForkJoinTask.java:373) ~[?:?]
	at java.util.concurrent.ForkJoinPool$WorkQueue.topLevelExec(ForkJoinPool.java:1182) ~[?:?]
	at java.util.concurrent.ForkJoinPool.scan(ForkJoinPool.java:1655) ~[?:?]
	at java.util.concurrent.ForkJoinPool.runWorker(ForkJoinPool.java:1622) ~[?:?]
	at java.util.concurrent.ForkJoinWorkerThread.run(ForkJoinWorkerThread.java:165) ~[?:?]
[21Mar2026 17:50:08.375] [Worker-Main-2/ERROR] [net.minecraftforge.common.ForgeHooks/]: Couldn't parse element loot_tables:oneironaut:blocks/concept_decorator_color/gray
com.google.gson.JsonSyntaxException: Expected name to be an item, was unknown string 'oneironaut:concept_decorator_color_gray'
	at net.minecraft.util.GsonHelper.lambda$convertToItem$0(GsonHelper.java:145) ~[forge-1.20.1-47.4.15_mapped_parchment_2023.09.03-1.20.1.jar%23191!/:?]
	at java.util.Optional.orElseThrow(Optional.java:403) ~[?:?]
	at net.minecraft.util.GsonHelper.convertToItem(GsonHelper.java:145) ~[forge-1.20.1-47.4.15_mapped_parchment_2023.09.03-1.20.1.jar%23191!/:?]
	at net.minecraft.util.GsonHelper.getAsItem(GsonHelper.java:153) ~[forge-1.20.1-47.4.15_mapped_parchment_2023.09.03-1.20.1.jar%23191!/:?]
	at net.minecraft.world.level.storage.loot.entries.LootItem$Serializer.deserialize(LootItem.java:55) ~[forge-1.20.1-47.4.15_mapped_parchment_2023.09.03-1.20.1.jar%23191!/:?]
	at net.minecraft.world.level.storage.loot.entries.LootItem$Serializer.deserialize(LootItem.java:40) ~[forge-1.20.1-47.4.15_mapped_parchment_2023.09.03-1.20.1.jar%23191!/:?]
	at net.minecraft.world.level.storage.loot.entries.LootPoolSingletonContainer$Serializer.deserializeCustom(LootPoolSingletonContainer.java:151) ~[forge-1.20.1-47.4.15_mapped_parchment_2023.09.03-1.20.1.jar%23191!/:?]
	at net.minecraft.world.level.storage.loot.entries.LootPoolSingletonContainer$Serializer.deserializeCustom(LootPoolSingletonContainer.java:129) ~[forge-1.20.1-47.4.15_mapped_parchment_2023.09.03-1.20.1.jar%23191!/:?]
	at net.minecraft.world.level.storage.loot.entries.LootPoolEntryContainer$Serializer.deserialize(LootPoolEntryContainer.java:86) ~[forge-1.20.1-47.4.15_mapped_parchment_2023.09.03-1.20.1.jar%23191!/:?]
	at net.minecraft.world.level.storage.loot.entries.LootPoolEntryContainer$Serializer.deserialize(LootPoolEntryContainer.java:74) ~[forge-1.20.1-47.4.15_mapped_parchment_2023.09.03-1.20.1.jar%23191!/:?]
	at net.minecraft.world.level.storage.loot.GsonAdapterFactory$JsonAdapter.deserialize(GsonAdapterFactory.java:102) ~[forge-1.20.1-47.4.15_mapped_parchment_2023.09.03-1.20.1.jar%23191!/:?]
	at com.google.gson.internal.bind.TreeTypeAdapter.read(TreeTypeAdapter.java:76) ~[gson-2.10.jar%23131!/:?]
	at com.google.gson.internal.bind.TypeAdapterRuntimeTypeWrapper.read(TypeAdapterRuntimeTypeWrapper.java:40) ~[gson-2.10.jar%23131!/:?]
	at com.google.gson.internal.bind.ArrayTypeAdapter.read(ArrayTypeAdapter.java:72) ~[gson-2.10.jar%23131!/:?]
	at com.google.gson.Gson.fromJson(Gson.java:1214) ~[gson-2.10.jar%23131!/:?]
	at com.google.gson.Gson.fromJson(Gson.java:1319) ~[gson-2.10.jar%23131!/:?]
	at com.google.gson.Gson.fromJson(Gson.java:1290) ~[gson-2.10.jar%23131!/:?]
	at com.google.gson.internal.bind.TreeTypeAdapter$GsonContextImpl.deserialize(TreeTypeAdapter.java:179) ~[gson-2.10.jar%23131!/:?]
	at net.minecraft.util.GsonHelper.convertToObject(GsonHelper.java:463) ~[forge-1.20.1-47.4.15_mapped_parchment_2023.09.03-1.20.1.jar%23191!/:?]
	at net.minecraft.util.GsonHelper.getAsObject(GsonHelper.java:471) ~[forge-1.20.1-47.4.15_mapped_parchment_2023.09.03-1.20.1.jar%23191!/:?]
	at net.minecraft.world.level.storage.loot.LootPool$Serializer.deserialize(LootPool.java:192) ~[forge-1.20.1-47.4.15_mapped_parchment_2023.09.03-1.20.1.jar%23191!/:?]
	at net.minecraft.world.level.storage.loot.LootPool$Serializer.deserialize(LootPool.java:189) ~[forge-1.20.1-47.4.15_mapped_parchment_2023.09.03-1.20.1.jar%23191!/:?]
	at com.google.gson.internal.bind.TreeTypeAdapter.read(TreeTypeAdapter.java:76) ~[gson-2.10.jar%23131!/:?]
	at com.google.gson.internal.bind.TypeAdapterRuntimeTypeWrapper.read(TypeAdapterRuntimeTypeWrapper.java:40) ~[gson-2.10.jar%23131!/:?]
	at com.google.gson.internal.bind.ArrayTypeAdapter.read(ArrayTypeAdapter.java:72) ~[gson-2.10.jar%23131!/:?]
	at com.google.gson.Gson.fromJson(Gson.java:1214) ~[gson-2.10.jar%23131!/:?]
	at com.google.gson.Gson.fromJson(Gson.java:1319) ~[gson-2.10.jar%23131!/:?]
	at com.google.gson.Gson.fromJson(Gson.java:1290) ~[gson-2.10.jar%23131!/:?]
	at com.google.gson.internal.bind.TreeTypeAdapter$GsonContextImpl.deserialize(TreeTypeAdapter.java:179) ~[gson-2.10.jar%23131!/:?]
	at net.minecraft.util.GsonHelper.convertToObject(GsonHelper.java:463) ~[forge-1.20.1-47.4.15_mapped_parchment_2023.09.03-1.20.1.jar%23191!/:?]
	at net.minecraft.util.GsonHelper.getAsObject(GsonHelper.java:481) ~[forge-1.20.1-47.4.15_mapped_parchment_2023.09.03-1.20.1.jar%23191!/:?]
	at net.minecraft.world.level.storage.loot.LootTable$Serializer.deserialize(LootTable.java:294) ~[forge-1.20.1-47.4.15_mapped_parchment_2023.09.03-1.20.1.jar%23191!/:?]
	at net.minecraft.world.level.storage.loot.LootTable$Serializer.deserialize(LootTable.java:291) ~[forge-1.20.1-47.4.15_mapped_parchment_2023.09.03-1.20.1.jar%23191!/:?]
	at com.google.gson.internal.bind.TreeTypeAdapter.read(TreeTypeAdapter.java:76) ~[gson-2.10.jar%23131!/:?]
	at com.google.gson.Gson.fromJson(Gson.java:1214) ~[gson-2.10.jar%23131!/:?]
	at com.google.gson.Gson.fromJson(Gson.java:1319) ~[gson-2.10.jar%23131!/:?]
	at com.google.gson.Gson.fromJson(Gson.java:1261) ~[gson-2.10.jar%23131!/:?]
	at net.minecraftforge.common.ForgeHooks.loadLootTable(ForgeHooks.java:872) ~[forge-1.20.1-47.4.15_mapped_parchment_2023.09.03-1.20.1.jar%23190%23197!/:?]
	at net.minecraftforge.common.ForgeHooks.lambda$getLootTableDeserializer$3(ForgeHooks.java:849) ~[forge-1.20.1-47.4.15_mapped_parchment_2023.09.03-1.20.1.jar%23190%23197!/:?]
	at net.minecraft.world.level.storage.loot.LootDataType.deserialize(LootDataType.java:45) ~[forge-1.20.1-47.4.15_mapped_parchment_2023.09.03-1.20.1.jar%23191!/:?]
	at net.minecraft.world.level.storage.loot.LootDataManager.lambda$scheduleElementParse$4(LootDataManager.java:56) ~[forge-1.20.1-47.4.15_mapped_parchment_2023.09.03-1.20.1.jar%23191!/:?]
	at java.util.HashMap.forEach(HashMap.java:1421) ~[?:?]
	at net.minecraft.world.level.storage.loot.LootDataManager.lambda$scheduleElementParse$5(LootDataManager.java:55) ~[forge-1.20.1-47.4.15_mapped_parchment_2023.09.03-1.20.1.jar%23191!/:?]
	at java.util.concurrent.CompletableFuture$AsyncRun.run(CompletableFuture.java:1804) ~[?:?]
	at java.util.concurrent.CompletableFuture$AsyncRun.exec(CompletableFuture.java:1796) ~[?:?]
	at java.util.concurrent.ForkJoinTask.doExec(ForkJoinTask.java:373) ~[?:?]
	at java.util.concurrent.ForkJoinPool$WorkQueue.topLevelExec(ForkJoinPool.java:1182) ~[?:?]
	at java.util.concurrent.ForkJoinPool.scan(ForkJoinPool.java:1655) ~[?:?]
	at java.util.concurrent.ForkJoinPool.runWorker(ForkJoinPool.java:1622) ~[?:?]
	at java.util.concurrent.ForkJoinWorkerThread.run(ForkJoinWorkerThread.java:165) ~[?:?]
[21Mar2026 17:50:08.376] [Worker-Main-2/ERROR] [net.minecraftforge.common.ForgeHooks/]: Couldn't parse element loot_tables:oneironaut:blocks/concept_decorator_color/light_gray
com.google.gson.JsonSyntaxException: Expected name to be an item, was unknown string 'oneironaut:concept_decorator_color_light_gray'
	at net.minecraft.util.GsonHelper.lambda$convertToItem$0(GsonHelper.java:145) ~[forge-1.20.1-47.4.15_mapped_parchment_2023.09.03-1.20.1.jar%23191!/:?]
	at java.util.Optional.orElseThrow(Optional.java:403) ~[?:?]
	at net.minecraft.util.GsonHelper.convertToItem(GsonHelper.java:145) ~[forge-1.20.1-47.4.15_mapped_parchment_2023.09.03-1.20.1.jar%23191!/:?]
	at net.minecraft.util.GsonHelper.getAsItem(GsonHelper.java:153) ~[forge-1.20.1-47.4.15_mapped_parchment_2023.09.03-1.20.1.jar%23191!/:?]
	at net.minecraft.world.level.storage.loot.entries.LootItem$Serializer.deserialize(LootItem.java:55) ~[forge-1.20.1-47.4.15_mapped_parchment_2023.09.03-1.20.1.jar%23191!/:?]
	at net.minecraft.world.level.storage.loot.entries.LootItem$Serializer.deserialize(LootItem.java:40) ~[forge-1.20.1-47.4.15_mapped_parchment_2023.09.03-1.20.1.jar%23191!/:?]
	at net.minecraft.world.level.storage.loot.entries.LootPoolSingletonContainer$Serializer.deserializeCustom(LootPoolSingletonContainer.java:151) ~[forge-1.20.1-47.4.15_mapped_parchment_2023.09.03-1.20.1.jar%23191!/:?]
	at net.minecraft.world.level.storage.loot.entries.LootPoolSingletonContainer$Serializer.deserializeCustom(LootPoolSingletonContainer.java:129) ~[forge-1.20.1-47.4.15_mapped_parchment_2023.09.03-1.20.1.jar%23191!/:?]
	at net.minecraft.world.level.storage.loot.entries.LootPoolEntryContainer$Serializer.deserialize(LootPoolEntryContainer.java:86) ~[forge-1.20.1-47.4.15_mapped_parchment_2023.09.03-1.20.1.jar%23191!/:?]
	at net.minecraft.world.level.storage.loot.entries.LootPoolEntryContainer$Serializer.deserialize(LootPoolEntryContainer.java:74) ~[forge-1.20.1-47.4.15_mapped_parchment_2023.09.03-1.20.1.jar%23191!/:?]
	at net.minecraft.world.level.storage.loot.GsonAdapterFactory$JsonAdapter.deserialize(GsonAdapterFactory.java:102) ~[forge-1.20.1-47.4.15_mapped_parchment_2023.09.03-1.20.1.jar%23191!/:?]
	at com.google.gson.internal.bind.TreeTypeAdapter.read(TreeTypeAdapter.java:76) ~[gson-2.10.jar%23131!/:?]
	at com.google.gson.internal.bind.TypeAdapterRuntimeTypeWrapper.read(TypeAdapterRuntimeTypeWrapper.java:40) ~[gson-2.10.jar%23131!/:?]
	at com.google.gson.internal.bind.ArrayTypeAdapter.read(ArrayTypeAdapter.java:72) ~[gson-2.10.jar%23131!/:?]
	at com.google.gson.Gson.fromJson(Gson.java:1214) ~[gson-2.10.jar%23131!/:?]
	at com.google.gson.Gson.fromJson(Gson.java:1319) ~[gson-2.10.jar%23131!/:?]
	at com.google.gson.Gson.fromJson(Gson.java:1290) ~[gson-2.10.jar%23131!/:?]
	at com.google.gson.internal.bind.TreeTypeAdapter$GsonContextImpl.deserialize(TreeTypeAdapter.java:179) ~[gson-2.10.jar%23131!/:?]
	at net.minecraft.util.GsonHelper.convertToObject(GsonHelper.java:463) ~[forge-1.20.1-47.4.15_mapped_parchment_2023.09.03-1.20.1.jar%23191!/:?]
	at net.minecraft.util.GsonHelper.getAsObject(GsonHelper.java:471) ~[forge-1.20.1-47.4.15_mapped_parchment_2023.09.03-1.20.1.jar%23191!/:?]
	at net.minecraft.world.level.storage.loot.LootPool$Serializer.deserialize(LootPool.java:192) ~[forge-1.20.1-47.4.15_mapped_parchment_2023.09.03-1.20.1.jar%23191!/:?]
	at net.minecraft.world.level.storage.loot.LootPool$Serializer.deserialize(LootPool.java:189) ~[forge-1.20.1-47.4.15_mapped_parchment_2023.09.03-1.20.1.jar%23191!/:?]
	at com.google.gson.internal.bind.TreeTypeAdapter.read(TreeTypeAdapter.java:76) ~[gson-2.10.jar%23131!/:?]
	at com.google.gson.internal.bind.TypeAdapterRuntimeTypeWrapper.read(TypeAdapterRuntimeTypeWrapper.java:40) ~[gson-2.10.jar%23131!/:?]
	at com.google.gson.internal.bind.ArrayTypeAdapter.read(ArrayTypeAdapter.java:72) ~[gson-2.10.jar%23131!/:?]
	at com.google.gson.Gson.fromJson(Gson.java:1214) ~[gson-2.10.jar%23131!/:?]
	at com.google.gson.Gson.fromJson(Gson.java:1319) ~[gson-2.10.jar%23131!/:?]
	at com.google.gson.Gson.fromJson(Gson.java:1290) ~[gson-2.10.jar%23131!/:?]
	at com.google.gson.internal.bind.TreeTypeAdapter$GsonContextImpl.deserialize(TreeTypeAdapter.java:179) ~[gson-2.10.jar%23131!/:?]
	at net.minecraft.util.GsonHelper.convertToObject(GsonHelper.java:463) ~[forge-1.20.1-47.4.15_mapped_parchment_2023.09.03-1.20.1.jar%23191!/:?]
	at net.minecraft.util.GsonHelper.getAsObject(GsonHelper.java:481) ~[forge-1.20.1-47.4.15_mapped_parchment_2023.09.03-1.20.1.jar%23191!/:?]
	at net.minecraft.world.level.storage.loot.LootTable$Serializer.deserialize(LootTable.java:294) ~[forge-1.20.1-47.4.15_mapped_parchment_2023.09.03-1.20.1.jar%23191!/:?]
	at net.minecraft.world.level.storage.loot.LootTable$Serializer.deserialize(LootTable.java:291) ~[forge-1.20.1-47.4.15_mapped_parchment_2023.09.03-1.20.1.jar%23191!/:?]
	at com.google.gson.internal.bind.TreeTypeAdapter.read(TreeTypeAdapter.java:76) ~[gson-2.10.jar%23131!/:?]
	at com.google.gson.Gson.fromJson(Gson.java:1214) ~[gson-2.10.jar%23131!/:?]
	at com.google.gson.Gson.fromJson(Gson.java:1319) ~[gson-2.10.jar%23131!/:?]
	at com.google.gson.Gson.fromJson(Gson.java:1261) ~[gson-2.10.jar%23131!/:?]
	at net.minecraftforge.common.ForgeHooks.loadLootTable(ForgeHooks.java:872) ~[forge-1.20.1-47.4.15_mapped_parchment_2023.09.03-1.20.1.jar%23190%23197!/:?]
	at net.minecraftforge.common.ForgeHooks.lambda$getLootTableDeserializer$3(ForgeHooks.java:849) ~[forge-1.20.1-47.4.15_mapped_parchment_2023.09.03-1.20.1.jar%23190%23197!/:?]
	at net.minecraft.world.level.storage.loot.LootDataType.deserialize(LootDataType.java:45) ~[forge-1.20.1-47.4.15_mapped_parchment_2023.09.03-1.20.1.jar%23191!/:?]
	at net.minecraft.world.level.storage.loot.LootDataManager.lambda$scheduleElementParse$4(LootDataManager.java:56) ~[forge-1.20.1-47.4.15_mapped_parchment_2023.09.03-1.20.1.jar%23191!/:?]
	at java.util.HashMap.forEach(HashMap.java:1421) ~[?:?]
	at net.minecraft.world.level.storage.loot.LootDataManager.lambda$scheduleElementParse$5(LootDataManager.java:55) ~[forge-1.20.1-47.4.15_mapped_parchment_2023.09.03-1.20.1.jar%23191!/:?]
	at java.util.concurrent.CompletableFuture$AsyncRun.run(CompletableFuture.java:1804) ~[?:?]
	at java.util.concurrent.CompletableFuture$AsyncRun.exec(CompletableFuture.java:1796) ~[?:?]
	at java.util.concurrent.ForkJoinTask.doExec(ForkJoinTask.java:373) ~[?:?]
	at java.util.concurrent.ForkJoinPool$WorkQueue.topLevelExec(ForkJoinPool.java:1182) ~[?:?]
	at java.util.concurrent.ForkJoinPool.scan(ForkJoinPool.java:1655) ~[?:?]
	at java.util.concurrent.ForkJoinPool.runWorker(ForkJoinPool.java:1622) ~[?:?]
	at java.util.concurrent.ForkJoinWorkerThread.run(ForkJoinWorkerThread.java:165) ~[?:?]
[21Mar2026 17:50:08.418] [Render thread/INFO] [net.minecraft.world.item.crafting.RecipeManager/]: Skipping loading recipe hexcasting:compat/farmersdelight/cutting/akashic_wood as it's serializer returned null
[21Mar2026 17:50:08.442] [Render thread/INFO] [net.minecraft.world.item.crafting.RecipeManager/]: Skipping loading recipe hexcasting:compat/farmersdelight/cutting/edified_log as it's serializer returned null
[21Mar2026 17:50:08.443] [Render thread/INFO] [net.minecraft.world.item.crafting.RecipeManager/]: Skipping loading recipe hexcasting:compat/create/crushing/amethyst_shard as it's serializer returned null
[21Mar2026 17:50:08.449] [Render thread/INFO] [net.minecraft.world.item.crafting.RecipeManager/]: Skipping loading recipe hexcasting:compat/farmersdelight/cutting/edified_log_aventurine as it's serializer returned null
[21Mar2026 17:50:08.450] [Render thread/INFO] [net.minecraft.world.item.crafting.RecipeManager/]: Skipping loading recipe hexcasting:compat/farmersdelight/cutting/edified_log_amethyst as it's serializer returned null
[21Mar2026 17:50:08.454] [Render thread/INFO] [net.minecraft.world.item.crafting.RecipeManager/]: Skipping loading recipe create:crushing/amethyst_cluster as it's serializer returned null
[21Mar2026 17:50:08.455] [Render thread/INFO] [net.minecraft.world.item.crafting.RecipeManager/]: Skipping loading recipe hexcasting:compat/farmersdelight/cutting/akashic_door as it's serializer returned null
[21Mar2026 17:50:08.456] [Render thread/INFO] [net.minecraft.world.item.crafting.RecipeManager/]: Skipping loading recipe hexcasting:compat/farmersdelight/cutting/edified_log_citrine as it's serializer returned null
[21Mar2026 17:50:08.457] [Render thread/INFO] [net.minecraft.world.item.crafting.RecipeManager/]: Skipping loading recipe hexcasting:compat/farmersdelight/cutting/akashic_trapdoor as it's serializer returned null
[21Mar2026 17:50:08.458] [Render thread/INFO] [net.minecraft.world.item.crafting.RecipeManager/]: Skipping loading recipe create:crushing/amethyst_block as it's serializer returned null
[21Mar2026 17:50:08.458] [Render thread/INFO] [net.minecraft.world.item.crafting.RecipeManager/]: Skipping loading recipe hexcasting:compat/farmersdelight/cutting/edified_log_purple as it's serializer returned null
[21Mar2026 17:50:08.458] [Render thread/ERROR] [net.minecraft.world.item.crafting.RecipeManager/]: Parsing error loading recipe oneironaut:create_crushing/crush_pseudocluster
com.google.gson.JsonSyntaxException: Invalid or unsupported recipe type 'create:crushing'
	at net.minecraft.world.item.crafting.RecipeManager.lambda$fromJson$9(RecipeManager.java:170) ~[forge-1.20.1-47.4.15_mapped_parchment_2023.09.03-1.20.1.jar:?]
	at java.util.Optional.orElseThrow(Optional.java:403) ~[?:?]
	at net.minecraft.world.item.crafting.RecipeManager.fromJson(RecipeManager.java:169) ~[forge-1.20.1-47.4.15_mapped_parchment_2023.09.03-1.20.1.jar:?]
	at net.minecraft.world.item.crafting.RecipeManager.apply(RecipeManager.java:67) ~[forge-1.20.1-47.4.15_mapped_parchment_2023.09.03-1.20.1.jar:?]
	at net.minecraft.world.item.crafting.RecipeManager.apply(RecipeManager.java:34) ~[forge-1.20.1-47.4.15_mapped_parchment_2023.09.03-1.20.1.jar:?]
	at net.minecraft.server.packs.resources.SimplePreparableReloadListener.lambda$reload$1(SimplePreparableReloadListener.java:13) ~[forge-1.20.1-47.4.15_mapped_parchment_2023.09.03-1.20.1.jar:?]
	at java.util.concurrent.CompletableFuture$UniAccept.tryFire(CompletableFuture.java:718) ~[?:?]
	at java.util.concurrent.CompletableFuture$Completion.run(CompletableFuture.java:482) ~[?:?]
	at net.minecraft.server.packs.resources.SimpleReloadInstance.lambda$new$3(SimpleReloadInstance.java:69) ~[forge-1.20.1-47.4.15_mapped_parchment_2023.09.03-1.20.1.jar:?]
	at net.minecraft.util.thread.BlockableEventLoop.doRunTask(BlockableEventLoop.java:156) ~[forge-1.20.1-47.4.15_mapped_parchment_2023.09.03-1.20.1.jar:?]
	at net.minecraft.util.thread.ReentrantBlockableEventLoop.doRunTask(ReentrantBlockableEventLoop.java:23) ~[forge-1.20.1-47.4.15_mapped_parchment_2023.09.03-1.20.1.jar:?]
	at net.minecraft.util.thread.BlockableEventLoop.pollTask(BlockableEventLoop.java:130) ~[forge-1.20.1-47.4.15_mapped_parchment_2023.09.03-1.20.1.jar:?]
	at net.minecraft.util.thread.BlockableEventLoop.managedBlock(BlockableEventLoop.java:139) ~[forge-1.20.1-47.4.15_mapped_parchment_2023.09.03-1.20.1.jar:?]
	at net.minecraft.client.gui.screens.worldselection.WorldOpenFlows.loadWorldDataBlocking(WorldOpenFlows.java:163) ~[forge-1.20.1-47.4.15_mapped_parchment_2023.09.03-1.20.1.jar:?]
	at net.minecraft.client.gui.screens.worldselection.WorldOpenFlows.loadWorldStem(WorldOpenFlows.java:113) ~[forge-1.20.1-47.4.15_mapped_parchment_2023.09.03-1.20.1.jar:?]
	at net.minecraft.client.gui.screens.worldselection.WorldOpenFlows.doLoadLevel(WorldOpenFlows.java:181) ~[forge-1.20.1-47.4.15_mapped_parchment_2023.09.03-1.20.1.jar:?]
	at net.minecraft.client.gui.screens.worldselection.WorldOpenFlows.doLoadLevel(WorldOpenFlows.java:169) ~[forge-1.20.1-47.4.15_mapped_parchment_2023.09.03-1.20.1.jar:?]
	at net.minecraft.client.gui.screens.worldselection.WorldOpenFlows.loadLevel(WorldOpenFlows.java:65) ~[forge-1.20.1-47.4.15_mapped_parchment_2023.09.03-1.20.1.jar:?]
	at net.minecraft.client.gui.screens.worldselection.WorldSelectionList$WorldListEntry.loadWorld(WorldSelectionList.java:575) ~[forge-1.20.1-47.4.15_mapped_parchment_2023.09.03-1.20.1.jar:?]
	at net.minecraft.client.gui.screens.worldselection.WorldSelectionList$WorldListEntry.joinWorld(WorldSelectionList.java:474) ~[forge-1.20.1-47.4.15_mapped_parchment_2023.09.03-1.20.1.jar:?]
	at net.minecraft.client.gui.screens.worldselection.WorldSelectionList$WorldListEntry.mouseClicked(WorldSelectionList.java:416) ~[forge-1.20.1-47.4.15_mapped_parchment_2023.09.03-1.20.1.jar:?]
	at net.minecraft.client.gui.components.AbstractSelectionList.mouseClicked(AbstractSelectionList.java:298) ~[forge-1.20.1-47.4.15_mapped_parchment_2023.09.03-1.20.1.jar:?]
	at net.minecraft.client.gui.components.events.ContainerEventHandler.mouseClicked(ContainerEventHandler.java:38) ~[forge-1.20.1-47.4.15_mapped_parchment_2023.09.03-1.20.1.jar:?]
	at net.minecraft.client.MouseHandler.lambda$onPress$0(MouseHandler.java:92) ~[forge-1.20.1-47.4.15_mapped_parchment_2023.09.03-1.20.1.jar:?]
	at net.minecraft.client.gui.screens.Screen.wrapScreenError(Screen.java:437) ~[forge-1.20.1-47.4.15_mapped_parchment_2023.09.03-1.20.1.jar:?]
	at net.minecraft.client.MouseHandler.onPress(MouseHandler.java:89) ~[forge-1.20.1-47.4.15_mapped_parchment_2023.09.03-1.20.1.jar:?]
	at net.minecraft.client.MouseHandler.lambda$setup$4(MouseHandler.java:189) ~[forge-1.20.1-47.4.15_mapped_parchment_2023.09.03-1.20.1.jar:?]
	at net.minecraft.util.thread.BlockableEventLoop.execute(BlockableEventLoop.java:102) ~[forge-1.20.1-47.4.15_mapped_parchment_2023.09.03-1.20.1.jar:?]
	at net.minecraft.client.MouseHandler.lambda$setup$5(MouseHandler.java:188) ~[forge-1.20.1-47.4.15_mapped_parchment_2023.09.03-1.20.1.jar:?]
	at org.lwjgl.glfw.GLFWMouseButtonCallbackI.callback(GLFWMouseButtonCallbackI.java:43) ~[lwjgl-glfw-3.3.1.jar:build 7]
	at org.lwjgl.system.JNI.invokeV(Native Method) ~[lwjgl-3.3.1.jar:build 7]
	at org.lwjgl.glfw.GLFW.glfwWaitEventsTimeout(GLFW.java:3474) ~[lwjgl-glfw-3.3.1.jar:build 7]
	at com.mojang.blaze3d.systems.RenderSystem.limitDisplayFPS(RenderSystem.java:237) ~[forge-1.20.1-47.4.15_mapped_parchment_2023.09.03-1.20.1.jar:?]
	at net.minecraft.client.Minecraft.runTick(Minecraft.java:1173) ~[forge-1.20.1-47.4.15_mapped_parchment_2023.09.03-1.20.1.jar:?]
	at net.minecraft.client.Minecraft.run(Minecraft.java:718) ~[forge-1.20.1-47.4.15_mapped_parchment_2023.09.03-1.20.1.jar:?]
	at net.minecraft.client.main.Main.main(Main.java:218) ~[forge-1.20.1-47.4.15_mapped_parchment_2023.09.03-1.20.1.jar:?]
	at jdk.internal.reflect.NativeMethodAccessorImpl.invoke0(Native Method) ~[?:?]
	at jdk.internal.reflect.NativeMethodAccessorImpl.invoke(NativeMethodAccessorImpl.java:77) ~[?:?]
	at jdk.internal.reflect.DelegatingMethodAccessorImpl.invoke(DelegatingMethodAccessorImpl.java:43) ~[?:?]
	at java.lang.reflect.Method.invoke(Method.java:569) ~[?:?]
	at net.minecraftforge.fml.loading.targets.CommonLaunchHandler.runTarget(CommonLaunchHandler.java:111) ~[fmlloader-1.20.1-47.4.15.jar:?]
	at net.minecraftforge.fml.loading.targets.CommonLaunchHandler.clientService(CommonLaunchHandler.java:99) ~[fmlloader-1.20.1-47.4.15.jar:?]
	at net.minecraftforge.fml.loading.targets.ForgeClientUserdevLaunchHandler.devService(ForgeClientUserdevLaunchHandler.java:19) ~[fmlloader-1.20.1-47.4.15.jar:?]
	at net.minecraftforge.fml.loading.targets.CommonDevLaunchHandler.lambda$makeService$7(CommonDevLaunchHandler.java:135) ~[fmlloader-1.20.1-47.4.15.jar:?]
	at cpw.mods.modlauncher.LaunchServiceHandlerDecorator.launch(LaunchServiceHandlerDecorator.java:30) ~[modlauncher-10.0.9.jar:?]
	at cpw.mods.modlauncher.LaunchServiceHandler.launch(LaunchServiceHandler.java:53) ~[modlauncher-10.0.9.jar:?]
	at cpw.mods.modlauncher.LaunchServiceHandler.launch(LaunchServiceHandler.java:71) ~[modlauncher-10.0.9.jar:?]
	at cpw.mods.modlauncher.Launcher.run(Launcher.java:108) ~[modlauncher-10.0.9.jar:?]
	at cpw.mods.modlauncher.Launcher.main(Launcher.java:78) ~[modlauncher-10.0.9.jar:?]
	at cpw.mods.modlauncher.BootstrapLaunchConsumer.accept(BootstrapLaunchConsumer.java:26) ~[modlauncher-10.0.9.jar:?]
	at cpw.mods.modlauncher.BootstrapLaunchConsumer.accept(BootstrapLaunchConsumer.java:23) ~[modlauncher-10.0.9.jar:?]
	at cpw.mods.bootstraplauncher.BootstrapLauncher.main(BootstrapLauncher.java:141) ~[bootstraplauncher-1.1.2.jar:?]
[21Mar2026 17:50:08.495] [Render thread/INFO] [net.minecraft.world.item.crafting.RecipeManager/]: Loaded 10 recipes
[21Mar2026 17:50:08.551] [Render thread/INFO] [net.minecraft.advancements.AdvancementList/]: Loaded 1440 advancements
[21Mar2026 17:50:10.442] [Render thread/WARN] [net.minecraftforge.common.ForgeHooks/WP]: The following mods have version differences that were not resolved:
oneironaut (version 1.0.3 -> 1.0.4)
Things may not work well.
[21Mar2026 17:50:10.446] [Render thread/INFO] [net.minecraftforge.registries.GameData/REGISTRIES]: Injecting existing registry data into this CLIENT instance
[21Mar2026 17:50:10.935] [Worker-Main-17/ERROR] [net.minecraft.tags.TagLoader/]: Couldn't load tag oneironaut:conceptdecorators as it is missing following references: oneironaut:concept_decorator_color_white (from main), 
	oneironaut:concept_decorator_color_light_gray (from main), 
	oneironaut:concept_decorator_color_black (from main), 
	oneironaut:concept_decorator_color_gray (from main), 
	oneironaut:concept_decorator_color_brown (from main), 
	oneironaut:concept_decorator_color_red (from main), 
	oneironaut:concept_decorator_color_orange (from main), 
	oneironaut:concept_decorator_color_yellow (from main), 
	oneironaut:concept_decorator_color_lime (from main), 
	oneironaut:concept_decorator_color_green (from main), 
	oneironaut:concept_decorator_color_cyan (from main), 
	oneironaut:concept_decorator_color_light_blue (from main), 
	oneironaut:concept_decorator_color_blue (from main), 
	oneironaut:concept_decorator_color_purple (from main), 
	oneironaut:concept_decorator_color_magenta (from main), 
	oneironaut:concept_decorator_color_pink (from main)
[21Mar2026 17:50:11.337] [Worker-Main-10/ERROR] [net.minecraftforge.common.ForgeHooks/]: Couldn't parse element loot_tables:oneironaut:blocks/concept_decorator_color/cyan
com.google.gson.JsonSyntaxException: Expected name to be an item, was unknown string 'oneironaut:concept_decorator_color_cyan'
	at net.minecraft.util.GsonHelper.lambda$convertToItem$0(GsonHelper.java:145) ~[forge-1.20.1-47.4.15_mapped_parchment_2023.09.03-1.20.1.jar%23191!/:?]
	at java.util.Optional.orElseThrow(Optional.java:403) ~[?:?]
	at net.minecraft.util.GsonHelper.convertToItem(GsonHelper.java:145) ~[forge-1.20.1-47.4.15_mapped_parchment_2023.09.03-1.20.1.jar%23191!/:?]
	at net.minecraft.util.GsonHelper.getAsItem(GsonHelper.java:153) ~[forge-1.20.1-47.4.15_mapped_parchment_2023.09.03-1.20.1.jar%23191!/:?]
	at net.minecraft.world.level.storage.loot.entries.LootItem$Serializer.deserialize(LootItem.java:55) ~[forge-1.20.1-47.4.15_mapped_parchment_2023.09.03-1.20.1.jar%23191!/:?]
	at net.minecraft.world.level.storage.loot.entries.LootItem$Serializer.deserialize(LootItem.java:40) ~[forge-1.20.1-47.4.15_mapped_parchment_2023.09.03-1.20.1.jar%23191!/:?]
	at net.minecraft.world.level.storage.loot.entries.LootPoolSingletonContainer$Serializer.deserializeCustom(LootPoolSingletonContainer.java:151) ~[forge-1.20.1-47.4.15_mapped_parchment_2023.09.03-1.20.1.jar%23191!/:?]
	at net.minecraft.world.level.storage.loot.entries.LootPoolSingletonContainer$Serializer.deserializeCustom(LootPoolSingletonContainer.java:129) ~[forge-1.20.1-47.4.15_mapped_parchment_2023.09.03-1.20.1.jar%23191!/:?]
	at net.minecraft.world.level.storage.loot.entries.LootPoolEntryContainer$Serializer.deserialize(LootPoolEntryContainer.java:86) ~[forge-1.20.1-47.4.15_mapped_parchment_2023.09.03-1.20.1.jar%23191!/:?]
	at net.minecraft.world.level.storage.loot.entries.LootPoolEntryContainer$Serializer.deserialize(LootPoolEntryContainer.java:74) ~[forge-1.20.1-47.4.15_mapped_parchment_2023.09.03-1.20.1.jar%23191!/:?]
	at net.minecraft.world.level.storage.loot.GsonAdapterFactory$JsonAdapter.deserialize(GsonAdapterFactory.java:102) ~[forge-1.20.1-47.4.15_mapped_parchment_2023.09.03-1.20.1.jar%23191!/:?]
	at com.google.gson.internal.bind.TreeTypeAdapter.read(TreeTypeAdapter.java:76) ~[gson-2.10.jar%23131!/:?]
	at com.google.gson.internal.bind.TypeAdapterRuntimeTypeWrapper.read(TypeAdapterRuntimeTypeWrapper.java:40) ~[gson-2.10.jar%23131!/:?]
	at com.google.gson.internal.bind.ArrayTypeAdapter.read(ArrayTypeAdapter.java:72) ~[gson-2.10.jar%23131!/:?]
	at com.google.gson.Gson.fromJson(Gson.java:1214) ~[gson-2.10.jar%23131!/:?]
	at com.google.gson.Gson.fromJson(Gson.java:1319) ~[gson-2.10.jar%23131!/:?]
	at com.google.gson.Gson.fromJson(Gson.java:1290) ~[gson-2.10.jar%23131!/:?]
	at com.google.gson.internal.bind.TreeTypeAdapter$GsonContextImpl.deserialize(TreeTypeAdapter.java:179) ~[gson-2.10.jar%23131!/:?]
	at net.minecraft.util.GsonHelper.convertToObject(GsonHelper.java:463) ~[forge-1.20.1-47.4.15_mapped_parchment_2023.09.03-1.20.1.jar%23191!/:?]
	at net.minecraft.util.GsonHelper.getAsObject(GsonHelper.java:471) ~[forge-1.20.1-47.4.15_mapped_parchment_2023.09.03-1.20.1.jar%23191!/:?]
	at net.minecraft.world.level.storage.loot.LootPool$Serializer.deserialize(LootPool.java:192) ~[forge-1.20.1-47.4.15_mapped_parchment_2023.09.03-1.20.1.jar%23191!/:?]
	at net.minecraft.world.level.storage.loot.LootPool$Serializer.deserialize(LootPool.java:189) ~[forge-1.20.1-47.4.15_mapped_parchment_2023.09.03-1.20.1.jar%23191!/:?]
	at com.google.gson.internal.bind.TreeTypeAdapter.read(TreeTypeAdapter.java:76) ~[gson-2.10.jar%23131!/:?]
	at com.google.gson.internal.bind.TypeAdapterRuntimeTypeWrapper.read(TypeAdapterRuntimeTypeWrapper.java:40) ~[gson-2.10.jar%23131!/:?]
	at com.google.gson.internal.bind.ArrayTypeAdapter.read(ArrayTypeAdapter.java:72) ~[gson-2.10.jar%23131!/:?]
	at com.google.gson.Gson.fromJson(Gson.java:1214) ~[gson-2.10.jar%23131!/:?]
	at com.google.gson.Gson.fromJson(Gson.java:1319) ~[gson-2.10.jar%23131!/:?]
	at com.google.gson.Gson.fromJson(Gson.java:1290) ~[gson-2.10.jar%23131!/:?]
	at com.google.gson.internal.bind.TreeTypeAdapter$GsonContextImpl.deserialize(TreeTypeAdapter.java:179) ~[gson-2.10.jar%23131!/:?]
	at net.minecraft.util.GsonHelper.convertToObject(GsonHelper.java:463) ~[forge-1.20.1-47.4.15_mapped_parchment_2023.09.03-1.20.1.jar%23191!/:?]
	at net.minecraft.util.GsonHelper.getAsObject(GsonHelper.java:481) ~[forge-1.20.1-47.4.15_mapped_parchment_2023.09.03-1.20.1.jar%23191!/:?]
	at net.minecraft.world.level.storage.loot.LootTable$Serializer.deserialize(LootTable.java:294) ~[forge-1.20.1-47.4.15_mapped_parchment_2023.09.03-1.20.1.jar%23191!/:?]
	at net.minecraft.world.level.storage.loot.LootTable$Serializer.deserialize(LootTable.java:291) ~[forge-1.20.1-47.4.15_mapped_parchment_2023.09.03-1.20.1.jar%23191!/:?]
	at com.google.gson.internal.bind.TreeTypeAdapter.read(TreeTypeAdapter.java:76) ~[gson-2.10.jar%23131!/:?]
	at com.google.gson.Gson.fromJson(Gson.java:1214) ~[gson-2.10.jar%23131!/:?]
	at com.google.gson.Gson.fromJson(Gson.java:1319) ~[gson-2.10.jar%23131!/:?]
	at com.google.gson.Gson.fromJson(Gson.java:1261) ~[gson-2.10.jar%23131!/:?]
	at net.minecraftforge.common.ForgeHooks.loadLootTable(ForgeHooks.java:872) ~[forge-1.20.1-47.4.15_mapped_parchment_2023.09.03-1.20.1.jar%23190%23197!/:?]
	at net.minecraftforge.common.ForgeHooks.lambda$getLootTableDeserializer$3(ForgeHooks.java:849) ~[forge-1.20.1-47.4.15_mapped_parchment_2023.09.03-1.20.1.jar%23190%23197!/:?]
	at net.minecraft.world.level.storage.loot.LootDataType.deserialize(LootDataType.java:45) ~[forge-1.20.1-47.4.15_mapped_parchment_2023.09.03-1.20.1.jar%23191!/:?]
	at net.minecraft.world.level.storage.loot.LootDataManager.lambda$scheduleElementParse$4(LootDataManager.java:56) ~[forge-1.20.1-47.4.15_mapped_parchment_2023.09.03-1.20.1.jar%23191!/:?]
	at java.util.HashMap.forEach(HashMap.java:1421) ~[?:?]
	at net.minecraft.world.level.storage.loot.LootDataManager.lambda$scheduleElementParse$5(LootDataManager.java:55) ~[forge-1.20.1-47.4.15_mapped_parchment_2023.09.03-1.20.1.jar%23191!/:?]
	at java.util.concurrent.CompletableFuture$AsyncRun.run(CompletableFuture.java:1804) ~[?:?]
	at java.util.concurrent.CompletableFuture$AsyncRun.exec(CompletableFuture.java:1796) ~[?:?]
	at java.util.concurrent.ForkJoinTask.doExec(ForkJoinTask.java:373) ~[?:?]
	at java.util.concurrent.ForkJoinPool$WorkQueue.topLevelExec(ForkJoinPool.java:1182) ~[?:?]
	at java.util.concurrent.ForkJoinPool.scan(ForkJoinPool.java:1655) ~[?:?]
	at java.util.concurrent.ForkJoinPool.runWorker(ForkJoinPool.java:1622) ~[?:?]
	at java.util.concurrent.ForkJoinWorkerThread.run(ForkJoinWorkerThread.java:165) ~[?:?]
[21Mar2026 17:50:11.341] [Worker-Main-10/ERROR] [net.minecraftforge.common.ForgeHooks/]: Couldn't parse element loot_tables:oneironaut:blocks/concept_decorator_color/red
com.google.gson.JsonSyntaxException: Expected name to be an item, was unknown string 'oneironaut:concept_decorator_color_red'
	at net.minecraft.util.GsonHelper.lambda$convertToItem$0(GsonHelper.java:145) ~[forge-1.20.1-47.4.15_mapped_parchment_2023.09.03-1.20.1.jar%23191!/:?]
	at java.util.Optional.orElseThrow(Optional.java:403) ~[?:?]
	at net.minecraft.util.GsonHelper.convertToItem(GsonHelper.java:145) ~[forge-1.20.1-47.4.15_mapped_parchment_2023.09.03-1.20.1.jar%23191!/:?]
	at net.minecraft.util.GsonHelper.getAsItem(GsonHelper.java:153) ~[forge-1.20.1-47.4.15_mapped_parchment_2023.09.03-1.20.1.jar%23191!/:?]
	at net.minecraft.world.level.storage.loot.entries.LootItem$Serializer.deserialize(LootItem.java:55) ~[forge-1.20.1-47.4.15_mapped_parchment_2023.09.03-1.20.1.jar%23191!/:?]
	at net.minecraft.world.level.storage.loot.entries.LootItem$Serializer.deserialize(LootItem.java:40) ~[forge-1.20.1-47.4.15_mapped_parchment_2023.09.03-1.20.1.jar%23191!/:?]
	at net.minecraft.world.level.storage.loot.entries.LootPoolSingletonContainer$Serializer.deserializeCustom(LootPoolSingletonContainer.java:151) ~[forge-1.20.1-47.4.15_mapped_parchment_2023.09.03-1.20.1.jar%23191!/:?]
	at net.minecraft.world.level.storage.loot.entries.LootPoolSingletonContainer$Serializer.deserializeCustom(LootPoolSingletonContainer.java:129) ~[forge-1.20.1-47.4.15_mapped_parchment_2023.09.03-1.20.1.jar%23191!/:?]
	at net.minecraft.world.level.storage.loot.entries.LootPoolEntryContainer$Serializer.deserialize(LootPoolEntryContainer.java:86) ~[forge-1.20.1-47.4.15_mapped_parchment_2023.09.03-1.20.1.jar%23191!/:?]
	at net.minecraft.world.level.storage.loot.entries.LootPoolEntryContainer$Serializer.deserialize(LootPoolEntryContainer.java:74) ~[forge-1.20.1-47.4.15_mapped_parchment_2023.09.03-1.20.1.jar%23191!/:?]
	at net.minecraft.world.level.storage.loot.GsonAdapterFactory$JsonAdapter.deserialize(GsonAdapterFactory.java:102) ~[forge-1.20.1-47.4.15_mapped_parchment_2023.09.03-1.20.1.jar%23191!/:?]
	at com.google.gson.internal.bind.TreeTypeAdapter.read(TreeTypeAdapter.java:76) ~[gson-2.10.jar%23131!/:?]
	at com.google.gson.internal.bind.TypeAdapterRuntimeTypeWrapper.read(TypeAdapterRuntimeTypeWrapper.java:40) ~[gson-2.10.jar%23131!/:?]
	at com.google.gson.internal.bind.ArrayTypeAdapter.read(ArrayTypeAdapter.java:72) ~[gson-2.10.jar%23131!/:?]
	at com.google.gson.Gson.fromJson(Gson.java:1214) ~[gson-2.10.jar%23131!/:?]
	at com.google.gson.Gson.fromJson(Gson.java:1319) ~[gson-2.10.jar%23131!/:?]
	at com.google.gson.Gson.fromJson(Gson.java:1290) ~[gson-2.10.jar%23131!/:?]
	at com.google.gson.internal.bind.TreeTypeAdapter$GsonContextImpl.deserialize(TreeTypeAdapter.java:179) ~[gson-2.10.jar%23131!/:?]
	at net.minecraft.util.GsonHelper.convertToObject(GsonHelper.java:463) ~[forge-1.20.1-47.4.15_mapped_parchment_2023.09.03-1.20.1.jar%23191!/:?]
	at net.minecraft.util.GsonHelper.getAsObject(GsonHelper.java:471) ~[forge-1.20.1-47.4.15_mapped_parchment_2023.09.03-1.20.1.jar%23191!/:?]
	at net.minecraft.world.level.storage.loot.LootPool$Serializer.deserialize(LootPool.java:192) ~[forge-1.20.1-47.4.15_mapped_parchment_2023.09.03-1.20.1.jar%23191!/:?]
	at net.minecraft.world.level.storage.loot.LootPool$Serializer.deserialize(LootPool.java:189) ~[forge-1.20.1-47.4.15_mapped_parchment_2023.09.03-1.20.1.jar%23191!/:?]
	at com.google.gson.internal.bind.TreeTypeAdapter.read(TreeTypeAdapter.java:76) ~[gson-2.10.jar%23131!/:?]
	at com.google.gson.internal.bind.TypeAdapterRuntimeTypeWrapper.read(TypeAdapterRuntimeTypeWrapper.java:40) ~[gson-2.10.jar%23131!/:?]
	at com.google.gson.internal.bind.ArrayTypeAdapter.read(ArrayTypeAdapter.java:72) ~[gson-2.10.jar%23131!/:?]
	at com.google.gson.Gson.fromJson(Gson.java:1214) ~[gson-2.10.jar%23131!/:?]
	at com.google.gson.Gson.fromJson(Gson.java:1319) ~[gson-2.10.jar%23131!/:?]
	at com.google.gson.Gson.fromJson(Gson.java:1290) ~[gson-2.10.jar%23131!/:?]
	at com.google.gson.internal.bind.TreeTypeAdapter$GsonContextImpl.deserialize(TreeTypeAdapter.java:179) ~[gson-2.10.jar%23131!/:?]
	at net.minecraft.util.GsonHelper.convertToObject(GsonHelper.java:463) ~[forge-1.20.1-47.4.15_mapped_parchment_2023.09.03-1.20.1.jar%23191!/:?]
	at net.minecraft.util.GsonHelper.getAsObject(GsonHelper.java:481) ~[forge-1.20.1-47.4.15_mapped_parchment_2023.09.03-1.20.1.jar%23191!/:?]
	at net.minecraft.world.level.storage.loot.LootTable$Serializer.deserialize(LootTable.java:294) ~[forge-1.20.1-47.4.15_mapped_parchment_2023.09.03-1.20.1.jar%23191!/:?]
	at net.minecraft.world.level.storage.loot.LootTable$Serializer.deserialize(LootTable.java:291) ~[forge-1.20.1-47.4.15_mapped_parchment_2023.09.03-1.20.1.jar%23191!/:?]
	at com.google.gson.internal.bind.TreeTypeAdapter.read(TreeTypeAdapter.java:76) ~[gson-2.10.jar%23131!/:?]
	at com.google.gson.Gson.fromJson(Gson.java:1214) ~[gson-2.10.jar%23131!/:?]
	at com.google.gson.Gson.fromJson(Gson.java:1319) ~[gson-2.10.jar%23131!/:?]
	at com.google.gson.Gson.fromJson(Gson.java:1261) ~[gson-2.10.jar%23131!/:?]
	at net.minecraftforge.common.ForgeHooks.loadLootTable(ForgeHooks.java:872) ~[forge-1.20.1-47.4.15_mapped_parchment_2023.09.03-1.20.1.jar%23190%23197!/:?]
	at net.minecraftforge.common.ForgeHooks.lambda$getLootTableDeserializer$3(ForgeHooks.java:849) ~[forge-1.20.1-47.4.15_mapped_parchment_2023.09.03-1.20.1.jar%23190%23197!/:?]
	at net.minecraft.world.level.storage.loot.LootDataType.deserialize(LootDataType.java:45) ~[forge-1.20.1-47.4.15_mapped_parchment_2023.09.03-1.20.1.jar%23191!/:?]
	at net.minecraft.world.level.storage.loot.LootDataManager.lambda$scheduleElementParse$4(LootDataManager.java:56) ~[forge-1.20.1-47.4.15_mapped_parchment_2023.09.03-1.20.1.jar%23191!/:?]
	at java.util.HashMap.forEach(HashMap.java:1421) ~[?:?]
	at net.minecraft.world.level.storage.loot.LootDataManager.lambda$scheduleElementParse$5(LootDataManager.java:55) ~[forge-1.20.1-47.4.15_mapped_parchment_2023.09.03-1.20.1.jar%23191!/:?]
	at java.util.concurrent.CompletableFuture$AsyncRun.run(CompletableFuture.java:1804) ~[?:?]
	at java.util.concurrent.CompletableFuture$AsyncRun.exec(CompletableFuture.java:1796) ~[?:?]
	at java.util.concurrent.ForkJoinTask.doExec(ForkJoinTask.java:373) ~[?:?]
	at java.util.concurrent.ForkJoinPool$WorkQueue.topLevelExec(ForkJoinPool.java:1182) ~[?:?]
	at java.util.concurrent.ForkJoinPool.scan(ForkJoinPool.java:1655) ~[?:?]
	at java.util.concurrent.ForkJoinPool.runWorker(ForkJoinPool.java:1622) ~[?:?]
	at java.util.concurrent.ForkJoinWorkerThread.run(ForkJoinWorkerThread.java:165) ~[?:?]
[21Mar2026 17:50:11.358] [Worker-Main-10/ERROR] [net.minecraftforge.common.ForgeHooks/]: Couldn't parse element loot_tables:oneironaut:blocks/concept_decorator_color/white
com.google.gson.JsonSyntaxException: Expected name to be an item, was unknown string 'oneironaut:concept_decorator_color_white'
	at net.minecraft.util.GsonHelper.lambda$convertToItem$0(GsonHelper.java:145) ~[forge-1.20.1-47.4.15_mapped_parchment_2023.09.03-1.20.1.jar%23191!/:?]
	at java.util.Optional.orElseThrow(Optional.java:403) ~[?:?]
	at net.minecraft.util.GsonHelper.convertToItem(GsonHelper.java:145) ~[forge-1.20.1-47.4.15_mapped_parchment_2023.09.03-1.20.1.jar%23191!/:?]
	at net.minecraft.util.GsonHelper.getAsItem(GsonHelper.java:153) ~[forge-1.20.1-47.4.15_mapped_parchment_2023.09.03-1.20.1.jar%23191!/:?]
	at net.minecraft.world.level.storage.loot.entries.LootItem$Serializer.deserialize(LootItem.java:55) ~[forge-1.20.1-47.4.15_mapped_parchment_2023.09.03-1.20.1.jar%23191!/:?]
	at net.minecraft.world.level.storage.loot.entries.LootItem$Serializer.deserialize(LootItem.java:40) ~[forge-1.20.1-47.4.15_mapped_parchment_2023.09.03-1.20.1.jar%23191!/:?]
	at net.minecraft.world.level.storage.loot.entries.LootPoolSingletonContainer$Serializer.deserializeCustom(LootPoolSingletonContainer.java:151) ~[forge-1.20.1-47.4.15_mapped_parchment_2023.09.03-1.20.1.jar%23191!/:?]
	at net.minecraft.world.level.storage.loot.entries.LootPoolSingletonContainer$Serializer.deserializeCustom(LootPoolSingletonContainer.java:129) ~[forge-1.20.1-47.4.15_mapped_parchment_2023.09.03-1.20.1.jar%23191!/:?]
	at net.minecraft.world.level.storage.loot.entries.LootPoolEntryContainer$Serializer.deserialize(LootPoolEntryContainer.java:86) ~[forge-1.20.1-47.4.15_mapped_parchment_2023.09.03-1.20.1.jar%23191!/:?]
	at net.minecraft.world.level.storage.loot.entries.LootPoolEntryContainer$Serializer.deserialize(LootPoolEntryContainer.java:74) ~[forge-1.20.1-47.4.15_mapped_parchment_2023.09.03-1.20.1.jar%23191!/:?]
	at net.minecraft.world.level.storage.loot.GsonAdapterFactory$JsonAdapter.deserialize(GsonAdapterFactory.java:102) ~[forge-1.20.1-47.4.15_mapped_parchment_2023.09.03-1.20.1.jar%23191!/:?]
	at com.google.gson.internal.bind.TreeTypeAdapter.read(TreeTypeAdapter.java:76) ~[gson-2.10.jar%23131!/:?]
	at com.google.gson.internal.bind.TypeAdapterRuntimeTypeWrapper.read(TypeAdapterRuntimeTypeWrapper.java:40) ~[gson-2.10.jar%23131!/:?]
	at com.google.gson.internal.bind.ArrayTypeAdapter.read(ArrayTypeAdapter.java:72) ~[gson-2.10.jar%23131!/:?]
	at com.google.gson.Gson.fromJson(Gson.java:1214) ~[gson-2.10.jar%23131!/:?]
	at com.google.gson.Gson.fromJson(Gson.java:1319) ~[gson-2.10.jar%23131!/:?]
	at com.google.gson.Gson.fromJson(Gson.java:1290) ~[gson-2.10.jar%23131!/:?]
	at com.google.gson.internal.bind.TreeTypeAdapter$GsonContextImpl.deserialize(TreeTypeAdapter.java:179) ~[gson-2.10.jar%23131!/:?]
	at net.minecraft.util.GsonHelper.convertToObject(GsonHelper.java:463) ~[forge-1.20.1-47.4.15_mapped_parchment_2023.09.03-1.20.1.jar%23191!/:?]
	at net.minecraft.util.GsonHelper.getAsObject(GsonHelper.java:471) ~[forge-1.20.1-47.4.15_mapped_parchment_2023.09.03-1.20.1.jar%23191!/:?]
	at net.minecraft.world.level.storage.loot.LootPool$Serializer.deserialize(LootPool.java:192) ~[forge-1.20.1-47.4.15_mapped_parchment_2023.09.03-1.20.1.jar%23191!/:?]
	at net.minecraft.world.level.storage.loot.LootPool$Serializer.deserialize(LootPool.java:189) ~[forge-1.20.1-47.4.15_mapped_parchment_2023.09.03-1.20.1.jar%23191!/:?]
	at com.google.gson.internal.bind.TreeTypeAdapter.read(TreeTypeAdapter.java:76) ~[gson-2.10.jar%23131!/:?]
	at com.google.gson.internal.bind.TypeAdapterRuntimeTypeWrapper.read(TypeAdapterRuntimeTypeWrapper.java:40) ~[gson-2.10.jar%23131!/:?]
	at com.google.gson.internal.bind.ArrayTypeAdapter.read(ArrayTypeAdapter.java:72) ~[gson-2.10.jar%23131!/:?]
	at com.google.gson.Gson.fromJson(Gson.java:1214) ~[gson-2.10.jar%23131!/:?]
	at com.google.gson.Gson.fromJson(Gson.java:1319) ~[gson-2.10.jar%23131!/:?]
	at com.google.gson.Gson.fromJson(Gson.java:1290) ~[gson-2.10.jar%23131!/:?]
	at com.google.gson.internal.bind.TreeTypeAdapter$GsonContextImpl.deserialize(TreeTypeAdapter.java:179) ~[gson-2.10.jar%23131!/:?]
	at net.minecraft.util.GsonHelper.convertToObject(GsonHelper.java:463) ~[forge-1.20.1-47.4.15_mapped_parchment_2023.09.03-1.20.1.jar%23191!/:?]
	at net.minecraft.util.GsonHelper.getAsObject(GsonHelper.java:481) ~[forge-1.20.1-47.4.15_mapped_parchment_2023.09.03-1.20.1.jar%23191!/:?]
	at net.minecraft.world.level.storage.loot.LootTable$Serializer.deserialize(LootTable.java:294) ~[forge-1.20.1-47.4.15_mapped_parchment_2023.09.03-1.20.1.jar%23191!/:?]
	at net.minecraft.world.level.storage.loot.LootTable$Serializer.deserialize(LootTable.java:291) ~[forge-1.20.1-47.4.15_mapped_parchment_2023.09.03-1.20.1.jar%23191!/:?]
	at com.google.gson.internal.bind.TreeTypeAdapter.read(TreeTypeAdapter.java:76) ~[gson-2.10.jar%23131!/:?]
	at com.google.gson.Gson.fromJson(Gson.java:1214) ~[gson-2.10.jar%23131!/:?]
	at com.google.gson.Gson.fromJson(Gson.java:1319) ~[gson-2.10.jar%23131!/:?]
	at com.google.gson.Gson.fromJson(Gson.java:1261) ~[gson-2.10.jar%23131!/:?]
	at net.minecraftforge.common.ForgeHooks.loadLootTable(ForgeHooks.java:872) ~[forge-1.20.1-47.4.15_mapped_parchment_2023.09.03-1.20.1.jar%23190%23197!/:?]
	at net.minecraftforge.common.ForgeHooks.lambda$getLootTableDeserializer$3(ForgeHooks.java:849) ~[forge-1.20.1-47.4.15_mapped_parchment_2023.09.03-1.20.1.jar%23190%23197!/:?]
	at net.minecraft.world.level.storage.loot.LootDataType.deserialize(LootDataType.java:45) ~[forge-1.20.1-47.4.15_mapped_parchment_2023.09.03-1.20.1.jar%23191!/:?]
	at net.minecraft.world.level.storage.loot.LootDataManager.lambda$scheduleElementParse$4(LootDataManager.java:56) ~[forge-1.20.1-47.4.15_mapped_parchment_2023.09.03-1.20.1.jar%23191!/:?]
	at java.util.HashMap.forEach(HashMap.java:1421) ~[?:?]
	at net.minecraft.world.level.storage.loot.LootDataManager.lambda$scheduleElementParse$5(LootDataManager.java:55) ~[forge-1.20.1-47.4.15_mapped_parchment_2023.09.03-1.20.1.jar%23191!/:?]
	at java.util.concurrent.CompletableFuture$AsyncRun.run(CompletableFuture.java:1804) ~[?:?]
	at java.util.concurrent.CompletableFuture$AsyncRun.exec(CompletableFuture.java:1796) ~[?:?]
	at java.util.concurrent.ForkJoinTask.doExec(ForkJoinTask.java:373) ~[?:?]
	at java.util.concurrent.ForkJoinPool$WorkQueue.topLevelExec(ForkJoinPool.java:1182) ~[?:?]
	at java.util.concurrent.ForkJoinPool.scan(ForkJoinPool.java:1655) ~[?:?]
	at java.util.concurrent.ForkJoinPool.runWorker(ForkJoinPool.java:1622) ~[?:?]
	at java.util.concurrent.ForkJoinWorkerThread.run(ForkJoinWorkerThread.java:165) ~[?:?]
[21Mar2026 17:50:11.362] [Worker-Main-10/ERROR] [net.minecraftforge.common.ForgeHooks/]: Couldn't parse element loot_tables:oneironaut:blocks/concept_decorator_color/orange
com.google.gson.JsonSyntaxException: Expected name to be an item, was unknown string 'oneironaut:concept_decorator_color_orange'
	at net.minecraft.util.GsonHelper.lambda$convertToItem$0(GsonHelper.java:145) ~[forge-1.20.1-47.4.15_mapped_parchment_2023.09.03-1.20.1.jar%23191!/:?]
	at java.util.Optional.orElseThrow(Optional.java:403) ~[?:?]
	at net.minecraft.util.GsonHelper.convertToItem(GsonHelper.java:145) ~[forge-1.20.1-47.4.15_mapped_parchment_2023.09.03-1.20.1.jar%23191!/:?]
	at net.minecraft.util.GsonHelper.getAsItem(GsonHelper.java:153) ~[forge-1.20.1-47.4.15_mapped_parchment_2023.09.03-1.20.1.jar%23191!/:?]
	at net.minecraft.world.level.storage.loot.entries.LootItem$Serializer.deserialize(LootItem.java:55) ~[forge-1.20.1-47.4.15_mapped_parchment_2023.09.03-1.20.1.jar%23191!/:?]
	at net.minecraft.world.level.storage.loot.entries.LootItem$Serializer.deserialize(LootItem.java:40) ~[forge-1.20.1-47.4.15_mapped_parchment_2023.09.03-1.20.1.jar%23191!/:?]
	at net.minecraft.world.level.storage.loot.entries.LootPoolSingletonContainer$Serializer.deserializeCustom(LootPoolSingletonContainer.java:151) ~[forge-1.20.1-47.4.15_mapped_parchment_2023.09.03-1.20.1.jar%23191!/:?]
	at net.minecraft.world.level.storage.loot.entries.LootPoolSingletonContainer$Serializer.deserializeCustom(LootPoolSingletonContainer.java:129) ~[forge-1.20.1-47.4.15_mapped_parchment_2023.09.03-1.20.1.jar%23191!/:?]
	at net.minecraft.world.level.storage.loot.entries.LootPoolEntryContainer$Serializer.deserialize(LootPoolEntryContainer.java:86) ~[forge-1.20.1-47.4.15_mapped_parchment_2023.09.03-1.20.1.jar%23191!/:?]
	at net.minecraft.world.level.storage.loot.entries.LootPoolEntryContainer$Serializer.deserialize(LootPoolEntryContainer.java:74) ~[forge-1.20.1-47.4.15_mapped_parchment_2023.09.03-1.20.1.jar%23191!/:?]
	at net.minecraft.world.level.storage.loot.GsonAdapterFactory$JsonAdapter.deserialize(GsonAdapterFactory.java:102) ~[forge-1.20.1-47.4.15_mapped_parchment_2023.09.03-1.20.1.jar%23191!/:?]
	at com.google.gson.internal.bind.TreeTypeAdapter.read(TreeTypeAdapter.java:76) ~[gson-2.10.jar%23131!/:?]
	at com.google.gson.internal.bind.TypeAdapterRuntimeTypeWrapper.read(TypeAdapterRuntimeTypeWrapper.java:40) ~[gson-2.10.jar%23131!/:?]
	at com.google.gson.internal.bind.ArrayTypeAdapter.read(ArrayTypeAdapter.java:72) ~[gson-2.10.jar%23131!/:?]
	at com.google.gson.Gson.fromJson(Gson.java:1214) ~[gson-2.10.jar%23131!/:?]
	at com.google.gson.Gson.fromJson(Gson.java:1319) ~[gson-2.10.jar%23131!/:?]
	at com.google.gson.Gson.fromJson(Gson.java:1290) ~[gson-2.10.jar%23131!/:?]
	at com.google.gson.internal.bind.TreeTypeAdapter$GsonContextImpl.deserialize(TreeTypeAdapter.java:179) ~[gson-2.10.jar%23131!/:?]
	at net.minecraft.util.GsonHelper.convertToObject(GsonHelper.java:463) ~[forge-1.20.1-47.4.15_mapped_parchment_2023.09.03-1.20.1.jar%23191!/:?]
	at net.minecraft.util.GsonHelper.getAsObject(GsonHelper.java:471) ~[forge-1.20.1-47.4.15_mapped_parchment_2023.09.03-1.20.1.jar%23191!/:?]
	at net.minecraft.world.level.storage.loot.LootPool$Serializer.deserialize(LootPool.java:192) ~[forge-1.20.1-47.4.15_mapped_parchment_2023.09.03-1.20.1.jar%23191!/:?]
	at net.minecraft.world.level.storage.loot.LootPool$Serializer.deserialize(LootPool.java:189) ~[forge-1.20.1-47.4.15_mapped_parchment_2023.09.03-1.20.1.jar%23191!/:?]
	at com.google.gson.internal.bind.TreeTypeAdapter.read(TreeTypeAdapter.java:76) ~[gson-2.10.jar%23131!/:?]
	at com.google.gson.internal.bind.TypeAdapterRuntimeTypeWrapper.read(TypeAdapterRuntimeTypeWrapper.java:40) ~[gson-2.10.jar%23131!/:?]
	at com.google.gson.internal.bind.ArrayTypeAdapter.read(ArrayTypeAdapter.java:72) ~[gson-2.10.jar%23131!/:?]
	at com.google.gson.Gson.fromJson(Gson.java:1214) ~[gson-2.10.jar%23131!/:?]
	at com.google.gson.Gson.fromJson(Gson.java:1319) ~[gson-2.10.jar%23131!/:?]
	at com.google.gson.Gson.fromJson(Gson.java:1290) ~[gson-2.10.jar%23131!/:?]
	at com.google.gson.internal.bind.TreeTypeAdapter$GsonContextImpl.deserialize(TreeTypeAdapter.java:179) ~[gson-2.10.jar%23131!/:?]
	at net.minecraft.util.GsonHelper.convertToObject(GsonHelper.java:463) ~[forge-1.20.1-47.4.15_mapped_parchment_2023.09.03-1.20.1.jar%23191!/:?]
	at net.minecraft.util.GsonHelper.getAsObject(GsonHelper.java:481) ~[forge-1.20.1-47.4.15_mapped_parchment_2023.09.03-1.20.1.jar%23191!/:?]
	at net.minecraft.world.level.storage.loot.LootTable$Serializer.deserialize(LootTable.java:294) ~[forge-1.20.1-47.4.15_mapped_parchment_2023.09.03-1.20.1.jar%23191!/:?]
	at net.minecraft.world.level.storage.loot.LootTable$Serializer.deserialize(LootTable.java:291) ~[forge-1.20.1-47.4.15_mapped_parchment_2023.09.03-1.20.1.jar%23191!/:?]
	at com.google.gson.internal.bind.TreeTypeAdapter.read(TreeTypeAdapter.java:76) ~[gson-2.10.jar%23131!/:?]
	at com.google.gson.Gson.fromJson(Gson.java:1214) ~[gson-2.10.jar%23131!/:?]
	at com.google.gson.Gson.fromJson(Gson.java:1319) ~[gson-2.10.jar%23131!/:?]
	at com.google.gson.Gson.fromJson(Gson.java:1261) ~[gson-2.10.jar%23131!/:?]
	at net.minecraftforge.common.ForgeHooks.loadLootTable(ForgeHooks.java:872) ~[forge-1.20.1-47.4.15_mapped_parchment_2023.09.03-1.20.1.jar%23190%23197!/:?]
	at net.minecraftforge.common.ForgeHooks.lambda$getLootTableDeserializer$3(ForgeHooks.java:849) ~[forge-1.20.1-47.4.15_mapped_parchment_2023.09.03-1.20.1.jar%23190%23197!/:?]
	at net.minecraft.world.level.storage.loot.LootDataType.deserialize(LootDataType.java:45) ~[forge-1.20.1-47.4.15_mapped_parchment_2023.09.03-1.20.1.jar%23191!/:?]
	at net.minecraft.world.level.storage.loot.LootDataManager.lambda$scheduleElementParse$4(LootDataManager.java:56) ~[forge-1.20.1-47.4.15_mapped_parchment_2023.09.03-1.20.1.jar%23191!/:?]
	at java.util.HashMap.forEach(HashMap.java:1421) ~[?:?]
	at net.minecraft.world.level.storage.loot.LootDataManager.lambda$scheduleElementParse$5(LootDataManager.java:55) ~[forge-1.20.1-47.4.15_mapped_parchment_2023.09.03-1.20.1.jar%23191!/:?]
	at java.util.concurrent.CompletableFuture$AsyncRun.run(CompletableFuture.java:1804) ~[?:?]
	at java.util.concurrent.CompletableFuture$AsyncRun.exec(CompletableFuture.java:1796) ~[?:?]
	at java.util.concurrent.ForkJoinTask.doExec(ForkJoinTask.java:373) ~[?:?]
	at java.util.concurrent.ForkJoinPool$WorkQueue.topLevelExec(ForkJoinPool.java:1182) ~[?:?]
	at java.util.concurrent.ForkJoinPool.scan(ForkJoinPool.java:1655) ~[?:?]
	at java.util.concurrent.ForkJoinPool.runWorker(ForkJoinPool.java:1622) ~[?:?]
	at java.util.concurrent.ForkJoinWorkerThread.run(ForkJoinWorkerThread.java:165) ~[?:?]
[21Mar2026 17:50:11.370] [Worker-Main-10/ERROR] [net.minecraftforge.common.ForgeHooks/]: Couldn't parse element loot_tables:oneironaut:blocks/concept_decorator_color/purple
com.google.gson.JsonSyntaxException: Expected name to be an item, was unknown string 'oneironaut:concept_decorator_color_purple'
	at net.minecraft.util.GsonHelper.lambda$convertToItem$0(GsonHelper.java:145) ~[forge-1.20.1-47.4.15_mapped_parchment_2023.09.03-1.20.1.jar%23191!/:?]
	at java.util.Optional.orElseThrow(Optional.java:403) ~[?:?]
	at net.minecraft.util.GsonHelper.convertToItem(GsonHelper.java:145) ~[forge-1.20.1-47.4.15_mapped_parchment_2023.09.03-1.20.1.jar%23191!/:?]
	at net.minecraft.util.GsonHelper.getAsItem(GsonHelper.java:153) ~[forge-1.20.1-47.4.15_mapped_parchment_2023.09.03-1.20.1.jar%23191!/:?]
	at net.minecraft.world.level.storage.loot.entries.LootItem$Serializer.deserialize(LootItem.java:55) ~[forge-1.20.1-47.4.15_mapped_parchment_2023.09.03-1.20.1.jar%23191!/:?]
	at net.minecraft.world.level.storage.loot.entries.LootItem$Serializer.deserialize(LootItem.java:40) ~[forge-1.20.1-47.4.15_mapped_parchment_2023.09.03-1.20.1.jar%23191!/:?]
	at net.minecraft.world.level.storage.loot.entries.LootPoolSingletonContainer$Serializer.deserializeCustom(LootPoolSingletonContainer.java:151) ~[forge-1.20.1-47.4.15_mapped_parchment_2023.09.03-1.20.1.jar%23191!/:?]
	at net.minecraft.world.level.storage.loot.entries.LootPoolSingletonContainer$Serializer.deserializeCustom(LootPoolSingletonContainer.java:129) ~[forge-1.20.1-47.4.15_mapped_parchment_2023.09.03-1.20.1.jar%23191!/:?]
	at net.minecraft.world.level.storage.loot.entries.LootPoolEntryContainer$Serializer.deserialize(LootPoolEntryContainer.java:86) ~[forge-1.20.1-47.4.15_mapped_parchment_2023.09.03-1.20.1.jar%23191!/:?]
	at net.minecraft.world.level.storage.loot.entries.LootPoolEntryContainer$Serializer.deserialize(LootPoolEntryContainer.java:74) ~[forge-1.20.1-47.4.15_mapped_parchment_2023.09.03-1.20.1.jar%23191!/:?]
	at net.minecraft.world.level.storage.loot.GsonAdapterFactory$JsonAdapter.deserialize(GsonAdapterFactory.java:102) ~[forge-1.20.1-47.4.15_mapped_parchment_2023.09.03-1.20.1.jar%23191!/:?]
	at com.google.gson.internal.bind.TreeTypeAdapter.read(TreeTypeAdapter.java:76) ~[gson-2.10.jar%23131!/:?]
	at com.google.gson.internal.bind.TypeAdapterRuntimeTypeWrapper.read(TypeAdapterRuntimeTypeWrapper.java:40) ~[gson-2.10.jar%23131!/:?]
	at com.google.gson.internal.bind.ArrayTypeAdapter.read(ArrayTypeAdapter.java:72) ~[gson-2.10.jar%23131!/:?]
	at com.google.gson.Gson.fromJson(Gson.java:1214) ~[gson-2.10.jar%23131!/:?]
	at com.google.gson.Gson.fromJson(Gson.java:1319) ~[gson-2.10.jar%23131!/:?]
	at com.google.gson.Gson.fromJson(Gson.java:1290) ~[gson-2.10.jar%23131!/:?]
	at com.google.gson.internal.bind.TreeTypeAdapter$GsonContextImpl.deserialize(TreeTypeAdapter.java:179) ~[gson-2.10.jar%23131!/:?]
	at net.minecraft.util.GsonHelper.convertToObject(GsonHelper.java:463) ~[forge-1.20.1-47.4.15_mapped_parchment_2023.09.03-1.20.1.jar%23191!/:?]
	at net.minecraft.util.GsonHelper.getAsObject(GsonHelper.java:471) ~[forge-1.20.1-47.4.15_mapped_parchment_2023.09.03-1.20.1.jar%23191!/:?]
	at net.minecraft.world.level.storage.loot.LootPool$Serializer.deserialize(LootPool.java:192) ~[forge-1.20.1-47.4.15_mapped_parchment_2023.09.03-1.20.1.jar%23191!/:?]
	at net.minecraft.world.level.storage.loot.LootPool$Serializer.deserialize(LootPool.java:189) ~[forge-1.20.1-47.4.15_mapped_parchment_2023.09.03-1.20.1.jar%23191!/:?]
	at com.google.gson.internal.bind.TreeTypeAdapter.read(TreeTypeAdapter.java:76) ~[gson-2.10.jar%23131!/:?]
	at com.google.gson.internal.bind.TypeAdapterRuntimeTypeWrapper.read(TypeAdapterRuntimeTypeWrapper.java:40) ~[gson-2.10.jar%23131!/:?]
	at com.google.gson.internal.bind.ArrayTypeAdapter.read(ArrayTypeAdapter.java:72) ~[gson-2.10.jar%23131!/:?]
	at com.google.gson.Gson.fromJson(Gson.java:1214) ~[gson-2.10.jar%23131!/:?]
	at com.google.gson.Gson.fromJson(Gson.java:1319) ~[gson-2.10.jar%23131!/:?]
	at com.google.gson.Gson.fromJson(Gson.java:1290) ~[gson-2.10.jar%23131!/:?]
	at com.google.gson.internal.bind.TreeTypeAdapter$GsonContextImpl.deserialize(TreeTypeAdapter.java:179) ~[gson-2.10.jar%23131!/:?]
	at net.minecraft.util.GsonHelper.convertToObject(GsonHelper.java:463) ~[forge-1.20.1-47.4.15_mapped_parchment_2023.09.03-1.20.1.jar%23191!/:?]
	at net.minecraft.util.GsonHelper.getAsObject(GsonHelper.java:481) ~[forge-1.20.1-47.4.15_mapped_parchment_2023.09.03-1.20.1.jar%23191!/:?]
	at net.minecraft.world.level.storage.loot.LootTable$Serializer.deserialize(LootTable.java:294) ~[forge-1.20.1-47.4.15_mapped_parchment_2023.09.03-1.20.1.jar%23191!/:?]
	at net.minecraft.world.level.storage.loot.LootTable$Serializer.deserialize(LootTable.java:291) ~[forge-1.20.1-47.4.15_mapped_parchment_2023.09.03-1.20.1.jar%23191!/:?]
	at com.google.gson.internal.bind.TreeTypeAdapter.read(TreeTypeAdapter.java:76) ~[gson-2.10.jar%23131!/:?]
	at com.google.gson.Gson.fromJson(Gson.java:1214) ~[gson-2.10.jar%23131!/:?]
	at com.google.gson.Gson.fromJson(Gson.java:1319) ~[gson-2.10.jar%23131!/:?]
	at com.google.gson.Gson.fromJson(Gson.java:1261) ~[gson-2.10.jar%23131!/:?]
	at net.minecraftforge.common.ForgeHooks.loadLootTable(ForgeHooks.java:872) ~[forge-1.20.1-47.4.15_mapped_parchment_2023.09.03-1.20.1.jar%23190%23197!/:?]
	at net.minecraftforge.common.ForgeHooks.lambda$getLootTableDeserializer$3(ForgeHooks.java:849) ~[forge-1.20.1-47.4.15_mapped_parchment_2023.09.03-1.20.1.jar%23190%23197!/:?]
	at net.minecraft.world.level.storage.loot.LootDataType.deserialize(LootDataType.java:45) ~[forge-1.20.1-47.4.15_mapped_parchment_2023.09.03-1.20.1.jar%23191!/:?]
	at net.minecraft.world.level.storage.loot.LootDataManager.lambda$scheduleElementParse$4(LootDataManager.java:56) ~[forge-1.20.1-47.4.15_mapped_parchment_2023.09.03-1.20.1.jar%23191!/:?]
	at java.util.HashMap.forEach(HashMap.java:1421) ~[?:?]
	at net.minecraft.world.level.storage.loot.LootDataManager.lambda$scheduleElementParse$5(LootDataManager.java:55) ~[forge-1.20.1-47.4.15_mapped_parchment_2023.09.03-1.20.1.jar%23191!/:?]
	at java.util.concurrent.CompletableFuture$AsyncRun.run(CompletableFuture.java:1804) ~[?:?]
	at java.util.concurrent.CompletableFuture$AsyncRun.exec(CompletableFuture.java:1796) ~[?:?]
	at java.util.concurrent.ForkJoinTask.doExec(ForkJoinTask.java:373) ~[?:?]
	at java.util.concurrent.ForkJoinPool$WorkQueue.topLevelExec(ForkJoinPool.java:1182) ~[?:?]
	at java.util.concurrent.ForkJoinPool.scan(ForkJoinPool.java:1655) ~[?:?]
	at java.util.concurrent.ForkJoinPool.runWorker(ForkJoinPool.java:1622) ~[?:?]
	at java.util.concurrent.ForkJoinWorkerThread.run(ForkJoinWorkerThread.java:165) ~[?:?]
[21Mar2026 17:50:11.386] [Worker-Main-10/ERROR] [net.minecraftforge.common.ForgeHooks/]: Couldn't parse element loot_tables:oneironaut:blocks/concept_decorator_color/light_blue
com.google.gson.JsonSyntaxException: Expected name to be an item, was unknown string 'oneironaut:concept_decorator_color_light_blue'
	at net.minecraft.util.GsonHelper.lambda$convertToItem$0(GsonHelper.java:145) ~[forge-1.20.1-47.4.15_mapped_parchment_2023.09.03-1.20.1.jar%23191!/:?]
	at java.util.Optional.orElseThrow(Optional.java:403) ~[?:?]
	at net.minecraft.util.GsonHelper.convertToItem(GsonHelper.java:145) ~[forge-1.20.1-47.4.15_mapped_parchment_2023.09.03-1.20.1.jar%23191!/:?]
	at net.minecraft.util.GsonHelper.getAsItem(GsonHelper.java:153) ~[forge-1.20.1-47.4.15_mapped_parchment_2023.09.03-1.20.1.jar%23191!/:?]
	at net.minecraft.world.level.storage.loot.entries.LootItem$Serializer.deserialize(LootItem.java:55) ~[forge-1.20.1-47.4.15_mapped_parchment_2023.09.03-1.20.1.jar%23191!/:?]
	at net.minecraft.world.level.storage.loot.entries.LootItem$Serializer.deserialize(LootItem.java:40) ~[forge-1.20.1-47.4.15_mapped_parchment_2023.09.03-1.20.1.jar%23191!/:?]
	at net.minecraft.world.level.storage.loot.entries.LootPoolSingletonContainer$Serializer.deserializeCustom(LootPoolSingletonContainer.java:151) ~[forge-1.20.1-47.4.15_mapped_parchment_2023.09.03-1.20.1.jar%23191!/:?]
	at net.minecraft.world.level.storage.loot.entries.LootPoolSingletonContainer$Serializer.deserializeCustom(LootPoolSingletonContainer.java:129) ~[forge-1.20.1-47.4.15_mapped_parchment_2023.09.03-1.20.1.jar%23191!/:?]
	at net.minecraft.world.level.storage.loot.entries.LootPoolEntryContainer$Serializer.deserialize(LootPoolEntryContainer.java:86) ~[forge-1.20.1-47.4.15_mapped_parchment_2023.09.03-1.20.1.jar%23191!/:?]
	at net.minecraft.world.level.storage.loot.entries.LootPoolEntryContainer$Serializer.deserialize(LootPoolEntryContainer.java:74) ~[forge-1.20.1-47.4.15_mapped_parchment_2023.09.03-1.20.1.jar%23191!/:?]
	at net.minecraft.world.level.storage.loot.GsonAdapterFactory$JsonAdapter.deserialize(GsonAdapterFactory.java:102) ~[forge-1.20.1-47.4.15_mapped_parchment_2023.09.03-1.20.1.jar%23191!/:?]
	at com.google.gson.internal.bind.TreeTypeAdapter.read(TreeTypeAdapter.java:76) ~[gson-2.10.jar%23131!/:?]
	at com.google.gson.internal.bind.TypeAdapterRuntimeTypeWrapper.read(TypeAdapterRuntimeTypeWrapper.java:40) ~[gson-2.10.jar%23131!/:?]
	at com.google.gson.internal.bind.ArrayTypeAdapter.read(ArrayTypeAdapter.java:72) ~[gson-2.10.jar%23131!/:?]
	at com.google.gson.Gson.fromJson(Gson.java:1214) ~[gson-2.10.jar%23131!/:?]
	at com.google.gson.Gson.fromJson(Gson.java:1319) ~[gson-2.10.jar%23131!/:?]
	at com.google.gson.Gson.fromJson(Gson.java:1290) ~[gson-2.10.jar%23131!/:?]
	at com.google.gson.internal.bind.TreeTypeAdapter$GsonContextImpl.deserialize(TreeTypeAdapter.java:179) ~[gson-2.10.jar%23131!/:?]
	at net.minecraft.util.GsonHelper.convertToObject(GsonHelper.java:463) ~[forge-1.20.1-47.4.15_mapped_parchment_2023.09.03-1.20.1.jar%23191!/:?]
	at net.minecraft.util.GsonHelper.getAsObject(GsonHelper.java:471) ~[forge-1.20.1-47.4.15_mapped_parchment_2023.09.03-1.20.1.jar%23191!/:?]
	at net.minecraft.world.level.storage.loot.LootPool$Serializer.deserialize(LootPool.java:192) ~[forge-1.20.1-47.4.15_mapped_parchment_2023.09.03-1.20.1.jar%23191!/:?]
	at net.minecraft.world.level.storage.loot.LootPool$Serializer.deserialize(LootPool.java:189) ~[forge-1.20.1-47.4.15_mapped_parchment_2023.09.03-1.20.1.jar%23191!/:?]
	at com.google.gson.internal.bind.TreeTypeAdapter.read(TreeTypeAdapter.java:76) ~[gson-2.10.jar%23131!/:?]
	at com.google.gson.internal.bind.TypeAdapterRuntimeTypeWrapper.read(TypeAdapterRuntimeTypeWrapper.java:40) ~[gson-2.10.jar%23131!/:?]
	at com.google.gson.internal.bind.ArrayTypeAdapter.read(ArrayTypeAdapter.java:72) ~[gson-2.10.jar%23131!/:?]
	at com.google.gson.Gson.fromJson(Gson.java:1214) ~[gson-2.10.jar%23131!/:?]
	at com.google.gson.Gson.fromJson(Gson.java:1319) ~[gson-2.10.jar%23131!/:?]
	at com.google.gson.Gson.fromJson(Gson.java:1290) ~[gson-2.10.jar%23131!/:?]
	at com.google.gson.internal.bind.TreeTypeAdapter$GsonContextImpl.deserialize(TreeTypeAdapter.java:179) ~[gson-2.10.jar%23131!/:?]
	at net.minecraft.util.GsonHelper.convertToObject(GsonHelper.java:463) ~[forge-1.20.1-47.4.15_mapped_parchment_2023.09.03-1.20.1.jar%23191!/:?]
	at net.minecraft.util.GsonHelper.getAsObject(GsonHelper.java:481) ~[forge-1.20.1-47.4.15_mapped_parchment_2023.09.03-1.20.1.jar%23191!/:?]
	at net.minecraft.world.level.storage.loot.LootTable$Serializer.deserialize(LootTable.java:294) ~[forge-1.20.1-47.4.15_mapped_parchment_2023.09.03-1.20.1.jar%23191!/:?]
	at net.minecraft.world.level.storage.loot.LootTable$Serializer.deserialize(LootTable.java:291) ~[forge-1.20.1-47.4.15_mapped_parchment_2023.09.03-1.20.1.jar%23191!/:?]
	at com.google.gson.internal.bind.TreeTypeAdapter.read(TreeTypeAdapter.java:76) ~[gson-2.10.jar%23131!/:?]
	at com.google.gson.Gson.fromJson(Gson.java:1214) ~[gson-2.10.jar%23131!/:?]
	at com.google.gson.Gson.fromJson(Gson.java:1319) ~[gson-2.10.jar%23131!/:?]
	at com.google.gson.Gson.fromJson(Gson.java:1261) ~[gson-2.10.jar%23131!/:?]
	at net.minecraftforge.common.ForgeHooks.loadLootTable(ForgeHooks.java:872) ~[forge-1.20.1-47.4.15_mapped_parchment_2023.09.03-1.20.1.jar%23190%23197!/:?]
	at net.minecraftforge.common.ForgeHooks.lambda$getLootTableDeserializer$3(ForgeHooks.java:849) ~[forge-1.20.1-47.4.15_mapped_parchment_2023.09.03-1.20.1.jar%23190%23197!/:?]
	at net.minecraft.world.level.storage.loot.LootDataType.deserialize(LootDataType.java:45) ~[forge-1.20.1-47.4.15_mapped_parchment_2023.09.03-1.20.1.jar%23191!/:?]
	at net.minecraft.world.level.storage.loot.LootDataManager.lambda$scheduleElementParse$4(LootDataManager.java:56) ~[forge-1.20.1-47.4.15_mapped_parchment_2023.09.03-1.20.1.jar%23191!/:?]
	at java.util.HashMap.forEach(HashMap.java:1421) ~[?:?]
	at net.minecraft.world.level.storage.loot.LootDataManager.lambda$scheduleElementParse$5(LootDataManager.java:55) ~[forge-1.20.1-47.4.15_mapped_parchment_2023.09.03-1.20.1.jar%23191!/:?]
	at java.util.concurrent.CompletableFuture$AsyncRun.run(CompletableFuture.java:1804) ~[?:?]
	at java.util.concurrent.CompletableFuture$AsyncRun.exec(CompletableFuture.java:1796) ~[?:?]
	at java.util.concurrent.ForkJoinTask.doExec(ForkJoinTask.java:373) ~[?:?]
	at java.util.concurrent.ForkJoinPool$WorkQueue.topLevelExec(ForkJoinPool.java:1182) ~[?:?]
	at java.util.concurrent.ForkJoinPool.scan(ForkJoinPool.java:1655) ~[?:?]
	at java.util.concurrent.ForkJoinPool.runWorker(ForkJoinPool.java:1622) ~[?:?]
	at java.util.concurrent.ForkJoinWorkerThread.run(ForkJoinWorkerThread.java:165) ~[?:?]
[21Mar2026 17:50:11.393] [Worker-Main-10/ERROR] [net.minecraftforge.common.ForgeHooks/]: Couldn't parse element loot_tables:oneironaut:blocks/concept_decorator_color/brown
com.google.gson.JsonSyntaxException: Expected name to be an item, was unknown string 'oneironaut:concept_decorator_color_brown'
	at net.minecraft.util.GsonHelper.lambda$convertToItem$0(GsonHelper.java:145) ~[forge-1.20.1-47.4.15_mapped_parchment_2023.09.03-1.20.1.jar%23191!/:?]
	at java.util.Optional.orElseThrow(Optional.java:403) ~[?:?]
	at net.minecraft.util.GsonHelper.convertToItem(GsonHelper.java:145) ~[forge-1.20.1-47.4.15_mapped_parchment_2023.09.03-1.20.1.jar%23191!/:?]
	at net.minecraft.util.GsonHelper.getAsItem(GsonHelper.java:153) ~[forge-1.20.1-47.4.15_mapped_parchment_2023.09.03-1.20.1.jar%23191!/:?]
	at net.minecraft.world.level.storage.loot.entries.LootItem$Serializer.deserialize(LootItem.java:55) ~[forge-1.20.1-47.4.15_mapped_parchment_2023.09.03-1.20.1.jar%23191!/:?]
	at net.minecraft.world.level.storage.loot.entries.LootItem$Serializer.deserialize(LootItem.java:40) ~[forge-1.20.1-47.4.15_mapped_parchment_2023.09.03-1.20.1.jar%23191!/:?]
	at net.minecraft.world.level.storage.loot.entries.LootPoolSingletonContainer$Serializer.deserializeCustom(LootPoolSingletonContainer.java:151) ~[forge-1.20.1-47.4.15_mapped_parchment_2023.09.03-1.20.1.jar%23191!/:?]
	at net.minecraft.world.level.storage.loot.entries.LootPoolSingletonContainer$Serializer.deserializeCustom(LootPoolSingletonContainer.java:129) ~[forge-1.20.1-47.4.15_mapped_parchment_2023.09.03-1.20.1.jar%23191!/:?]
	at net.minecraft.world.level.storage.loot.entries.LootPoolEntryContainer$Serializer.deserialize(LootPoolEntryContainer.java:86) ~[forge-1.20.1-47.4.15_mapped_parchment_2023.09.03-1.20.1.jar%23191!/:?]
	at net.minecraft.world.level.storage.loot.entries.LootPoolEntryContainer$Serializer.deserialize(LootPoolEntryContainer.java:74) ~[forge-1.20.1-47.4.15_mapped_parchment_2023.09.03-1.20.1.jar%23191!/:?]
	at net.minecraft.world.level.storage.loot.GsonAdapterFactory$JsonAdapter.deserialize(GsonAdapterFactory.java:102) ~[forge-1.20.1-47.4.15_mapped_parchment_2023.09.03-1.20.1.jar%23191!/:?]
	at com.google.gson.internal.bind.TreeTypeAdapter.read(TreeTypeAdapter.java:76) ~[gson-2.10.jar%23131!/:?]
	at com.google.gson.internal.bind.TypeAdapterRuntimeTypeWrapper.read(TypeAdapterRuntimeTypeWrapper.java:40) ~[gson-2.10.jar%23131!/:?]
	at com.google.gson.internal.bind.ArrayTypeAdapter.read(ArrayTypeAdapter.java:72) ~[gson-2.10.jar%23131!/:?]
	at com.google.gson.Gson.fromJson(Gson.java:1214) ~[gson-2.10.jar%23131!/:?]
	at com.google.gson.Gson.fromJson(Gson.java:1319) ~[gson-2.10.jar%23131!/:?]
	at com.google.gson.Gson.fromJson(Gson.java:1290) ~[gson-2.10.jar%23131!/:?]
	at com.google.gson.internal.bind.TreeTypeAdapter$GsonContextImpl.deserialize(TreeTypeAdapter.java:179) ~[gson-2.10.jar%23131!/:?]
	at net.minecraft.util.GsonHelper.convertToObject(GsonHelper.java:463) ~[forge-1.20.1-47.4.15_mapped_parchment_2023.09.03-1.20.1.jar%23191!/:?]
	at net.minecraft.util.GsonHelper.getAsObject(GsonHelper.java:471) ~[forge-1.20.1-47.4.15_mapped_parchment_2023.09.03-1.20.1.jar%23191!/:?]
	at net.minecraft.world.level.storage.loot.LootPool$Serializer.deserialize(LootPool.java:192) ~[forge-1.20.1-47.4.15_mapped_parchment_2023.09.03-1.20.1.jar%23191!/:?]
	at net.minecraft.world.level.storage.loot.LootPool$Serializer.deserialize(LootPool.java:189) ~[forge-1.20.1-47.4.15_mapped_parchment_2023.09.03-1.20.1.jar%23191!/:?]
	at com.google.gson.internal.bind.TreeTypeAdapter.read(TreeTypeAdapter.java:76) ~[gson-2.10.jar%23131!/:?]
	at com.google.gson.internal.bind.TypeAdapterRuntimeTypeWrapper.read(TypeAdapterRuntimeTypeWrapper.java:40) ~[gson-2.10.jar%23131!/:?]
	at com.google.gson.internal.bind.ArrayTypeAdapter.read(ArrayTypeAdapter.java:72) ~[gson-2.10.jar%23131!/:?]
	at com.google.gson.Gson.fromJson(Gson.java:1214) ~[gson-2.10.jar%23131!/:?]
	at com.google.gson.Gson.fromJson(Gson.java:1319) ~[gson-2.10.jar%23131!/:?]
	at com.google.gson.Gson.fromJson(Gson.java:1290) ~[gson-2.10.jar%23131!/:?]
	at com.google.gson.internal.bind.TreeTypeAdapter$GsonContextImpl.deserialize(TreeTypeAdapter.java:179) ~[gson-2.10.jar%23131!/:?]
	at net.minecraft.util.GsonHelper.convertToObject(GsonHelper.java:463) ~[forge-1.20.1-47.4.15_mapped_parchment_2023.09.03-1.20.1.jar%23191!/:?]
	at net.minecraft.util.GsonHelper.getAsObject(GsonHelper.java:481) ~[forge-1.20.1-47.4.15_mapped_parchment_2023.09.03-1.20.1.jar%23191!/:?]
	at net.minecraft.world.level.storage.loot.LootTable$Serializer.deserialize(LootTable.java:294) ~[forge-1.20.1-47.4.15_mapped_parchment_2023.09.03-1.20.1.jar%23191!/:?]
	at net.minecraft.world.level.storage.loot.LootTable$Serializer.deserialize(LootTable.java:291) ~[forge-1.20.1-47.4.15_mapped_parchment_2023.09.03-1.20.1.jar%23191!/:?]
	at com.google.gson.internal.bind.TreeTypeAdapter.read(TreeTypeAdapter.java:76) ~[gson-2.10.jar%23131!/:?]
	at com.google.gson.Gson.fromJson(Gson.java:1214) ~[gson-2.10.jar%23131!/:?]
	at com.google.gson.Gson.fromJson(Gson.java:1319) ~[gson-2.10.jar%23131!/:?]
	at com.google.gson.Gson.fromJson(Gson.java:1261) ~[gson-2.10.jar%23131!/:?]
	at net.minecraftforge.common.ForgeHooks.loadLootTable(ForgeHooks.java:872) ~[forge-1.20.1-47.4.15_mapped_parchment_2023.09.03-1.20.1.jar%23190%23197!/:?]
	at net.minecraftforge.common.ForgeHooks.lambda$getLootTableDeserializer$3(ForgeHooks.java:849) ~[forge-1.20.1-47.4.15_mapped_parchment_2023.09.03-1.20.1.jar%23190%23197!/:?]
	at net.minecraft.world.level.storage.loot.LootDataType.deserialize(LootDataType.java:45) ~[forge-1.20.1-47.4.15_mapped_parchment_2023.09.03-1.20.1.jar%23191!/:?]
	at net.minecraft.world.level.storage.loot.LootDataManager.lambda$scheduleElementParse$4(LootDataManager.java:56) ~[forge-1.20.1-47.4.15_mapped_parchment_2023.09.03-1.20.1.jar%23191!/:?]
	at java.util.HashMap.forEach(HashMap.java:1421) ~[?:?]
	at net.minecraft.world.level.storage.loot.LootDataManager.lambda$scheduleElementParse$5(LootDataManager.java:55) ~[forge-1.20.1-47.4.15_mapped_parchment_2023.09.03-1.20.1.jar%23191!/:?]
	at java.util.concurrent.CompletableFuture$AsyncRun.run(CompletableFuture.java:1804) ~[?:?]
	at java.util.concurrent.CompletableFuture$AsyncRun.exec(CompletableFuture.java:1796) ~[?:?]
	at java.util.concurrent.ForkJoinTask.doExec(ForkJoinTask.java:373) ~[?:?]
	at java.util.concurrent.ForkJoinPool$WorkQueue.topLevelExec(ForkJoinPool.java:1182) ~[?:?]
	at java.util.concurrent.ForkJoinPool.scan(ForkJoinPool.java:1655) ~[?:?]
	at java.util.concurrent.ForkJoinPool.runWorker(ForkJoinPool.java:1622) ~[?:?]
	at java.util.concurrent.ForkJoinWorkerThread.run(ForkJoinWorkerThread.java:165) ~[?:?]
[21Mar2026 17:50:11.401] [Worker-Main-10/ERROR] [net.minecraftforge.common.ForgeHooks/]: Couldn't parse element loot_tables:oneironaut:blocks/concept_decorator_color/black
com.google.gson.JsonSyntaxException: Expected name to be an item, was unknown string 'oneironaut:concept_decorator_color_black'
	at net.minecraft.util.GsonHelper.lambda$convertToItem$0(GsonHelper.java:145) ~[forge-1.20.1-47.4.15_mapped_parchment_2023.09.03-1.20.1.jar%23191!/:?]
	at java.util.Optional.orElseThrow(Optional.java:403) ~[?:?]
	at net.minecraft.util.GsonHelper.convertToItem(GsonHelper.java:145) ~[forge-1.20.1-47.4.15_mapped_parchment_2023.09.03-1.20.1.jar%23191!/:?]
	at net.minecraft.util.GsonHelper.getAsItem(GsonHelper.java:153) ~[forge-1.20.1-47.4.15_mapped_parchment_2023.09.03-1.20.1.jar%23191!/:?]
	at net.minecraft.world.level.storage.loot.entries.LootItem$Serializer.deserialize(LootItem.java:55) ~[forge-1.20.1-47.4.15_mapped_parchment_2023.09.03-1.20.1.jar%23191!/:?]
	at net.minecraft.world.level.storage.loot.entries.LootItem$Serializer.deserialize(LootItem.java:40) ~[forge-1.20.1-47.4.15_mapped_parchment_2023.09.03-1.20.1.jar%23191!/:?]
	at net.minecraft.world.level.storage.loot.entries.LootPoolSingletonContainer$Serializer.deserializeCustom(LootPoolSingletonContainer.java:151) ~[forge-1.20.1-47.4.15_mapped_parchment_2023.09.03-1.20.1.jar%23191!/:?]
	at net.minecraft.world.level.storage.loot.entries.LootPoolSingletonContainer$Serializer.deserializeCustom(LootPoolSingletonContainer.java:129) ~[forge-1.20.1-47.4.15_mapped_parchment_2023.09.03-1.20.1.jar%23191!/:?]
	at net.minecraft.world.level.storage.loot.entries.LootPoolEntryContainer$Serializer.deserialize(LootPoolEntryContainer.java:86) ~[forge-1.20.1-47.4.15_mapped_parchment_2023.09.03-1.20.1.jar%23191!/:?]
	at net.minecraft.world.level.storage.loot.entries.LootPoolEntryContainer$Serializer.deserialize(LootPoolEntryContainer.java:74) ~[forge-1.20.1-47.4.15_mapped_parchment_2023.09.03-1.20.1.jar%23191!/:?]
	at net.minecraft.world.level.storage.loot.GsonAdapterFactory$JsonAdapter.deserialize(GsonAdapterFactory.java:102) ~[forge-1.20.1-47.4.15_mapped_parchment_2023.09.03-1.20.1.jar%23191!/:?]
	at com.google.gson.internal.bind.TreeTypeAdapter.read(TreeTypeAdapter.java:76) ~[gson-2.10.jar%23131!/:?]
	at com.google.gson.internal.bind.TypeAdapterRuntimeTypeWrapper.read(TypeAdapterRuntimeTypeWrapper.java:40) ~[gson-2.10.jar%23131!/:?]
	at com.google.gson.internal.bind.ArrayTypeAdapter.read(ArrayTypeAdapter.java:72) ~[gson-2.10.jar%23131!/:?]
	at com.google.gson.Gson.fromJson(Gson.java:1214) ~[gson-2.10.jar%23131!/:?]
	at com.google.gson.Gson.fromJson(Gson.java:1319) ~[gson-2.10.jar%23131!/:?]
	at com.google.gson.Gson.fromJson(Gson.java:1290) ~[gson-2.10.jar%23131!/:?]
	at com.google.gson.internal.bind.TreeTypeAdapter$GsonContextImpl.deserialize(TreeTypeAdapter.java:179) ~[gson-2.10.jar%23131!/:?]
	at net.minecraft.util.GsonHelper.convertToObject(GsonHelper.java:463) ~[forge-1.20.1-47.4.15_mapped_parchment_2023.09.03-1.20.1.jar%23191!/:?]
	at net.minecraft.util.GsonHelper.getAsObject(GsonHelper.java:471) ~[forge-1.20.1-47.4.15_mapped_parchment_2023.09.03-1.20.1.jar%23191!/:?]
	at net.minecraft.world.level.storage.loot.LootPool$Serializer.deserialize(LootPool.java:192) ~[forge-1.20.1-47.4.15_mapped_parchment_2023.09.03-1.20.1.jar%23191!/:?]
	at net.minecraft.world.level.storage.loot.LootPool$Serializer.deserialize(LootPool.java:189) ~[forge-1.20.1-47.4.15_mapped_parchment_2023.09.03-1.20.1.jar%23191!/:?]
	at com.google.gson.internal.bind.TreeTypeAdapter.read(TreeTypeAdapter.java:76) ~[gson-2.10.jar%23131!/:?]
	at com.google.gson.internal.bind.TypeAdapterRuntimeTypeWrapper.read(TypeAdapterRuntimeTypeWrapper.java:40) ~[gson-2.10.jar%23131!/:?]
	at com.google.gson.internal.bind.ArrayTypeAdapter.read(ArrayTypeAdapter.java:72) ~[gson-2.10.jar%23131!/:?]
	at com.google.gson.Gson.fromJson(Gson.java:1214) ~[gson-2.10.jar%23131!/:?]
	at com.google.gson.Gson.fromJson(Gson.java:1319) ~[gson-2.10.jar%23131!/:?]
	at com.google.gson.Gson.fromJson(Gson.java:1290) ~[gson-2.10.jar%23131!/:?]
	at com.google.gson.internal.bind.TreeTypeAdapter$GsonContextImpl.deserialize(TreeTypeAdapter.java:179) ~[gson-2.10.jar%23131!/:?]
	at net.minecraft.util.GsonHelper.convertToObject(GsonHelper.java:463) ~[forge-1.20.1-47.4.15_mapped_parchment_2023.09.03-1.20.1.jar%23191!/:?]
	at net.minecraft.util.GsonHelper.getAsObject(GsonHelper.java:481) ~[forge-1.20.1-47.4.15_mapped_parchment_2023.09.03-1.20.1.jar%23191!/:?]
	at net.minecraft.world.level.storage.loot.LootTable$Serializer.deserialize(LootTable.java:294) ~[forge-1.20.1-47.4.15_mapped_parchment_2023.09.03-1.20.1.jar%23191!/:?]
	at net.minecraft.world.level.storage.loot.LootTable$Serializer.deserialize(LootTable.java:291) ~[forge-1.20.1-47.4.15_mapped_parchment_2023.09.03-1.20.1.jar%23191!/:?]
	at com.google.gson.internal.bind.TreeTypeAdapter.read(TreeTypeAdapter.java:76) ~[gson-2.10.jar%23131!/:?]
	at com.google.gson.Gson.fromJson(Gson.java:1214) ~[gson-2.10.jar%23131!/:?]
	at com.google.gson.Gson.fromJson(Gson.java:1319) ~[gson-2.10.jar%23131!/:?]
	at com.google.gson.Gson.fromJson(Gson.java:1261) ~[gson-2.10.jar%23131!/:?]
	at net.minecraftforge.common.ForgeHooks.loadLootTable(ForgeHooks.java:872) ~[forge-1.20.1-47.4.15_mapped_parchment_2023.09.03-1.20.1.jar%23190%23197!/:?]
	at net.minecraftforge.common.ForgeHooks.lambda$getLootTableDeserializer$3(ForgeHooks.java:849) ~[forge-1.20.1-47.4.15_mapped_parchment_2023.09.03-1.20.1.jar%23190%23197!/:?]
	at net.minecraft.world.level.storage.loot.LootDataType.deserialize(LootDataType.java:45) ~[forge-1.20.1-47.4.15_mapped_parchment_2023.09.03-1.20.1.jar%23191!/:?]
	at net.minecraft.world.level.storage.loot.LootDataManager.lambda$scheduleElementParse$4(LootDataManager.java:56) ~[forge-1.20.1-47.4.15_mapped_parchment_2023.09.03-1.20.1.jar%23191!/:?]
	at java.util.HashMap.forEach(HashMap.java:1421) ~[?:?]
	at net.minecraft.world.level.storage.loot.LootDataManager.lambda$scheduleElementParse$5(LootDataManager.java:55) ~[forge-1.20.1-47.4.15_mapped_parchment_2023.09.03-1.20.1.jar%23191!/:?]
	at java.util.concurrent.CompletableFuture$AsyncRun.run(CompletableFuture.java:1804) ~[?:?]
	at java.util.concurrent.CompletableFuture$AsyncRun.exec(CompletableFuture.java:1796) ~[?:?]
	at java.util.concurrent.ForkJoinTask.doExec(ForkJoinTask.java:373) ~[?:?]
	at java.util.concurrent.ForkJoinPool$WorkQueue.topLevelExec(ForkJoinPool.java:1182) ~[?:?]
	at java.util.concurrent.ForkJoinPool.scan(ForkJoinPool.java:1655) ~[?:?]
	at java.util.concurrent.ForkJoinPool.runWorker(ForkJoinPool.java:1622) ~[?:?]
	at java.util.concurrent.ForkJoinWorkerThread.run(ForkJoinWorkerThread.java:165) ~[?:?]
[21Mar2026 17:50:11.427] [Worker-Main-10/ERROR] [net.minecraftforge.common.ForgeHooks/]: Couldn't parse element loot_tables:oneironaut:blocks/concept_decorator_color/yellow
com.google.gson.JsonSyntaxException: Expected name to be an item, was unknown string 'oneironaut:concept_decorator_color_yellow'
	at net.minecraft.util.GsonHelper.lambda$convertToItem$0(GsonHelper.java:145) ~[forge-1.20.1-47.4.15_mapped_parchment_2023.09.03-1.20.1.jar%23191!/:?]
	at java.util.Optional.orElseThrow(Optional.java:403) ~[?:?]
	at net.minecraft.util.GsonHelper.convertToItem(GsonHelper.java:145) ~[forge-1.20.1-47.4.15_mapped_parchment_2023.09.03-1.20.1.jar%23191!/:?]
	at net.minecraft.util.GsonHelper.getAsItem(GsonHelper.java:153) ~[forge-1.20.1-47.4.15_mapped_parchment_2023.09.03-1.20.1.jar%23191!/:?]
	at net.minecraft.world.level.storage.loot.entries.LootItem$Serializer.deserialize(LootItem.java:55) ~[forge-1.20.1-47.4.15_mapped_parchment_2023.09.03-1.20.1.jar%23191!/:?]
	at net.minecraft.world.level.storage.loot.entries.LootItem$Serializer.deserialize(LootItem.java:40) ~[forge-1.20.1-47.4.15_mapped_parchment_2023.09.03-1.20.1.jar%23191!/:?]
	at net.minecraft.world.level.storage.loot.entries.LootPoolSingletonContainer$Serializer.deserializeCustom(LootPoolSingletonContainer.java:151) ~[forge-1.20.1-47.4.15_mapped_parchment_2023.09.03-1.20.1.jar%23191!/:?]
	at net.minecraft.world.level.storage.loot.entries.LootPoolSingletonContainer$Serializer.deserializeCustom(LootPoolSingletonContainer.java:129) ~[forge-1.20.1-47.4.15_mapped_parchment_2023.09.03-1.20.1.jar%23191!/:?]
	at net.minecraft.world.level.storage.loot.entries.LootPoolEntryContainer$Serializer.deserialize(LootPoolEntryContainer.java:86) ~[forge-1.20.1-47.4.15_mapped_parchment_2023.09.03-1.20.1.jar%23191!/:?]
	at net.minecraft.world.level.storage.loot.entries.LootPoolEntryContainer$Serializer.deserialize(LootPoolEntryContainer.java:74) ~[forge-1.20.1-47.4.15_mapped_parchment_2023.09.03-1.20.1.jar%23191!/:?]
	at net.minecraft.world.level.storage.loot.GsonAdapterFactory$JsonAdapter.deserialize(GsonAdapterFactory.java:102) ~[forge-1.20.1-47.4.15_mapped_parchment_2023.09.03-1.20.1.jar%23191!/:?]
	at com.google.gson.internal.bind.TreeTypeAdapter.read(TreeTypeAdapter.java:76) ~[gson-2.10.jar%23131!/:?]
	at com.google.gson.internal.bind.TypeAdapterRuntimeTypeWrapper.read(TypeAdapterRuntimeTypeWrapper.java:40) ~[gson-2.10.jar%23131!/:?]
	at com.google.gson.internal.bind.ArrayTypeAdapter.read(ArrayTypeAdapter.java:72) ~[gson-2.10.jar%23131!/:?]
	at com.google.gson.Gson.fromJson(Gson.java:1214) ~[gson-2.10.jar%23131!/:?]
	at com.google.gson.Gson.fromJson(Gson.java:1319) ~[gson-2.10.jar%23131!/:?]
	at com.google.gson.Gson.fromJson(Gson.java:1290) ~[gson-2.10.jar%23131!/:?]
	at com.google.gson.internal.bind.TreeTypeAdapter$GsonContextImpl.deserialize(TreeTypeAdapter.java:179) ~[gson-2.10.jar%23131!/:?]
	at net.minecraft.util.GsonHelper.convertToObject(GsonHelper.java:463) ~[forge-1.20.1-47.4.15_mapped_parchment_2023.09.03-1.20.1.jar%23191!/:?]
	at net.minecraft.util.GsonHelper.getAsObject(GsonHelper.java:471) ~[forge-1.20.1-47.4.15_mapped_parchment_2023.09.03-1.20.1.jar%23191!/:?]
	at net.minecraft.world.level.storage.loot.LootPool$Serializer.deserialize(LootPool.java:192) ~[forge-1.20.1-47.4.15_mapped_parchment_2023.09.03-1.20.1.jar%23191!/:?]
	at net.minecraft.world.level.storage.loot.LootPool$Serializer.deserialize(LootPool.java:189) ~[forge-1.20.1-47.4.15_mapped_parchment_2023.09.03-1.20.1.jar%23191!/:?]
	at com.google.gson.internal.bind.TreeTypeAdapter.read(TreeTypeAdapter.java:76) ~[gson-2.10.jar%23131!/:?]
	at com.google.gson.internal.bind.TypeAdapterRuntimeTypeWrapper.read(TypeAdapterRuntimeTypeWrapper.java:40) ~[gson-2.10.jar%23131!/:?]
	at com.google.gson.internal.bind.ArrayTypeAdapter.read(ArrayTypeAdapter.java:72) ~[gson-2.10.jar%23131!/:?]
	at com.google.gson.Gson.fromJson(Gson.java:1214) ~[gson-2.10.jar%23131!/:?]
	at com.google.gson.Gson.fromJson(Gson.java:1319) ~[gson-2.10.jar%23131!/:?]
	at com.google.gson.Gson.fromJson(Gson.java:1290) ~[gson-2.10.jar%23131!/:?]
	at com.google.gson.internal.bind.TreeTypeAdapter$GsonContextImpl.deserialize(TreeTypeAdapter.java:179) ~[gson-2.10.jar%23131!/:?]
	at net.minecraft.util.GsonHelper.convertToObject(GsonHelper.java:463) ~[forge-1.20.1-47.4.15_mapped_parchment_2023.09.03-1.20.1.jar%23191!/:?]
	at net.minecraft.util.GsonHelper.getAsObject(GsonHelper.java:481) ~[forge-1.20.1-47.4.15_mapped_parchment_2023.09.03-1.20.1.jar%23191!/:?]
	at net.minecraft.world.level.storage.loot.LootTable$Serializer.deserialize(LootTable.java:294) ~[forge-1.20.1-47.4.15_mapped_parchment_2023.09.03-1.20.1.jar%23191!/:?]
	at net.minecraft.world.level.storage.loot.LootTable$Serializer.deserialize(LootTable.java:291) ~[forge-1.20.1-47.4.15_mapped_parchment_2023.09.03-1.20.1.jar%23191!/:?]
	at com.google.gson.internal.bind.TreeTypeAdapter.read(TreeTypeAdapter.java:76) ~[gson-2.10.jar%23131!/:?]
	at com.google.gson.Gson.fromJson(Gson.java:1214) ~[gson-2.10.jar%23131!/:?]
	at com.google.gson.Gson.fromJson(Gson.java:1319) ~[gson-2.10.jar%23131!/:?]
	at com.google.gson.Gson.fromJson(Gson.java:1261) ~[gson-2.10.jar%23131!/:?]
	at net.minecraftforge.common.ForgeHooks.loadLootTable(ForgeHooks.java:872) ~[forge-1.20.1-47.4.15_mapped_parchment_2023.09.03-1.20.1.jar%23190%23197!/:?]
	at net.minecraftforge.common.ForgeHooks.lambda$getLootTableDeserializer$3(ForgeHooks.java:849) ~[forge-1.20.1-47.4.15_mapped_parchment_2023.09.03-1.20.1.jar%23190%23197!/:?]
	at net.minecraft.world.level.storage.loot.LootDataType.deserialize(LootDataType.java:45) ~[forge-1.20.1-47.4.15_mapped_parchment_2023.09.03-1.20.1.jar%23191!/:?]
	at net.minecraft.world.level.storage.loot.LootDataManager.lambda$scheduleElementParse$4(LootDataManager.java:56) ~[forge-1.20.1-47.4.15_mapped_parchment_2023.09.03-1.20.1.jar%23191!/:?]
	at java.util.HashMap.forEach(HashMap.java:1421) ~[?:?]
	at net.minecraft.world.level.storage.loot.LootDataManager.lambda$scheduleElementParse$5(LootDataManager.java:55) ~[forge-1.20.1-47.4.15_mapped_parchment_2023.09.03-1.20.1.jar%23191!/:?]
	at java.util.concurrent.CompletableFuture$AsyncRun.run(CompletableFuture.java:1804) ~[?:?]
	at java.util.concurrent.CompletableFuture$AsyncRun.exec(CompletableFuture.java:1796) ~[?:?]
	at java.util.concurrent.ForkJoinTask.doExec(ForkJoinTask.java:373) ~[?:?]
	at java.util.concurrent.ForkJoinPool$WorkQueue.topLevelExec(ForkJoinPool.java:1182) ~[?:?]
	at java.util.concurrent.ForkJoinPool.scan(ForkJoinPool.java:1655) ~[?:?]
	at java.util.concurrent.ForkJoinPool.runWorker(ForkJoinPool.java:1622) ~[?:?]
	at java.util.concurrent.ForkJoinWorkerThread.run(ForkJoinWorkerThread.java:165) ~[?:?]
[21Mar2026 17:50:11.443] [Worker-Main-10/ERROR] [net.minecraftforge.common.ForgeHooks/]: Couldn't parse element loot_tables:oneironaut:blocks/concept_decorator_color/green
com.google.gson.JsonSyntaxException: Expected name to be an item, was unknown string 'oneironaut:concept_decorator_color_green'
	at net.minecraft.util.GsonHelper.lambda$convertToItem$0(GsonHelper.java:145) ~[forge-1.20.1-47.4.15_mapped_parchment_2023.09.03-1.20.1.jar%23191!/:?]
	at java.util.Optional.orElseThrow(Optional.java:403) ~[?:?]
	at net.minecraft.util.GsonHelper.convertToItem(GsonHelper.java:145) ~[forge-1.20.1-47.4.15_mapped_parchment_2023.09.03-1.20.1.jar%23191!/:?]
	at net.minecraft.util.GsonHelper.getAsItem(GsonHelper.java:153) ~[forge-1.20.1-47.4.15_mapped_parchment_2023.09.03-1.20.1.jar%23191!/:?]
	at net.minecraft.world.level.storage.loot.entries.LootItem$Serializer.deserialize(LootItem.java:55) ~[forge-1.20.1-47.4.15_mapped_parchment_2023.09.03-1.20.1.jar%23191!/:?]
	at net.minecraft.world.level.storage.loot.entries.LootItem$Serializer.deserialize(LootItem.java:40) ~[forge-1.20.1-47.4.15_mapped_parchment_2023.09.03-1.20.1.jar%23191!/:?]
	at net.minecraft.world.level.storage.loot.entries.LootPoolSingletonContainer$Serializer.deserializeCustom(LootPoolSingletonContainer.java:151) ~[forge-1.20.1-47.4.15_mapped_parchment_2023.09.03-1.20.1.jar%23191!/:?]
	at net.minecraft.world.level.storage.loot.entries.LootPoolSingletonContainer$Serializer.deserializeCustom(LootPoolSingletonContainer.java:129) ~[forge-1.20.1-47.4.15_mapped_parchment_2023.09.03-1.20.1.jar%23191!/:?]
	at net.minecraft.world.level.storage.loot.entries.LootPoolEntryContainer$Serializer.deserialize(LootPoolEntryContainer.java:86) ~[forge-1.20.1-47.4.15_mapped_parchment_2023.09.03-1.20.1.jar%23191!/:?]
	at net.minecraft.world.level.storage.loot.entries.LootPoolEntryContainer$Serializer.deserialize(LootPoolEntryContainer.java:74) ~[forge-1.20.1-47.4.15_mapped_parchment_2023.09.03-1.20.1.jar%23191!/:?]
	at net.minecraft.world.level.storage.loot.GsonAdapterFactory$JsonAdapter.deserialize(GsonAdapterFactory.java:102) ~[forge-1.20.1-47.4.15_mapped_parchment_2023.09.03-1.20.1.jar%23191!/:?]
	at com.google.gson.internal.bind.TreeTypeAdapter.read(TreeTypeAdapter.java:76) ~[gson-2.10.jar%23131!/:?]
	at com.google.gson.internal.bind.TypeAdapterRuntimeTypeWrapper.read(TypeAdapterRuntimeTypeWrapper.java:40) ~[gson-2.10.jar%23131!/:?]
	at com.google.gson.internal.bind.ArrayTypeAdapter.read(ArrayTypeAdapter.java:72) ~[gson-2.10.jar%23131!/:?]
	at com.google.gson.Gson.fromJson(Gson.java:1214) ~[gson-2.10.jar%23131!/:?]
	at com.google.gson.Gson.fromJson(Gson.java:1319) ~[gson-2.10.jar%23131!/:?]
	at com.google.gson.Gson.fromJson(Gson.java:1290) ~[gson-2.10.jar%23131!/:?]
	at com.google.gson.internal.bind.TreeTypeAdapter$GsonContextImpl.deserialize(TreeTypeAdapter.java:179) ~[gson-2.10.jar%23131!/:?]
	at net.minecraft.util.GsonHelper.convertToObject(GsonHelper.java:463) ~[forge-1.20.1-47.4.15_mapped_parchment_2023.09.03-1.20.1.jar%23191!/:?]
	at net.minecraft.util.GsonHelper.getAsObject(GsonHelper.java:471) ~[forge-1.20.1-47.4.15_mapped_parchment_2023.09.03-1.20.1.jar%23191!/:?]
	at net.minecraft.world.level.storage.loot.LootPool$Serializer.deserialize(LootPool.java:192) ~[forge-1.20.1-47.4.15_mapped_parchment_2023.09.03-1.20.1.jar%23191!/:?]
	at net.minecraft.world.level.storage.loot.LootPool$Serializer.deserialize(LootPool.java:189) ~[forge-1.20.1-47.4.15_mapped_parchment_2023.09.03-1.20.1.jar%23191!/:?]
	at com.google.gson.internal.bind.TreeTypeAdapter.read(TreeTypeAdapter.java:76) ~[gson-2.10.jar%23131!/:?]
	at com.google.gson.internal.bind.TypeAdapterRuntimeTypeWrapper.read(TypeAdapterRuntimeTypeWrapper.java:40) ~[gson-2.10.jar%23131!/:?]
	at com.google.gson.internal.bind.ArrayTypeAdapter.read(ArrayTypeAdapter.java:72) ~[gson-2.10.jar%23131!/:?]
	at com.google.gson.Gson.fromJson(Gson.java:1214) ~[gson-2.10.jar%23131!/:?]
	at com.google.gson.Gson.fromJson(Gson.java:1319) ~[gson-2.10.jar%23131!/:?]
	at com.google.gson.Gson.fromJson(Gson.java:1290) ~[gson-2.10.jar%23131!/:?]
	at com.google.gson.internal.bind.TreeTypeAdapter$GsonContextImpl.deserialize(TreeTypeAdapter.java:179) ~[gson-2.10.jar%23131!/:?]
	at net.minecraft.util.GsonHelper.convertToObject(GsonHelper.java:463) ~[forge-1.20.1-47.4.15_mapped_parchment_2023.09.03-1.20.1.jar%23191!/:?]
	at net.minecraft.util.GsonHelper.getAsObject(GsonHelper.java:481) ~[forge-1.20.1-47.4.15_mapped_parchment_2023.09.03-1.20.1.jar%23191!/:?]
	at net.minecraft.world.level.storage.loot.LootTable$Serializer.deserialize(LootTable.java:294) ~[forge-1.20.1-47.4.15_mapped_parchment_2023.09.03-1.20.1.jar%23191!/:?]
	at net.minecraft.world.level.storage.loot.LootTable$Serializer.deserialize(LootTable.java:291) ~[forge-1.20.1-47.4.15_mapped_parchment_2023.09.03-1.20.1.jar%23191!/:?]
	at com.google.gson.internal.bind.TreeTypeAdapter.read(TreeTypeAdapter.java:76) ~[gson-2.10.jar%23131!/:?]
	at com.google.gson.Gson.fromJson(Gson.java:1214) ~[gson-2.10.jar%23131!/:?]
	at com.google.gson.Gson.fromJson(Gson.java:1319) ~[gson-2.10.jar%23131!/:?]
	at com.google.gson.Gson.fromJson(Gson.java:1261) ~[gson-2.10.jar%23131!/:?]
	at net.minecraftforge.common.ForgeHooks.loadLootTable(ForgeHooks.java:872) ~[forge-1.20.1-47.4.15_mapped_parchment_2023.09.03-1.20.1.jar%23190%23197!/:?]
	at net.minecraftforge.common.ForgeHooks.lambda$getLootTableDeserializer$3(ForgeHooks.java:849) ~[forge-1.20.1-47.4.15_mapped_parchment_2023.09.03-1.20.1.jar%23190%23197!/:?]
	at net.minecraft.world.level.storage.loot.LootDataType.deserialize(LootDataType.java:45) ~[forge-1.20.1-47.4.15_mapped_parchment_2023.09.03-1.20.1.jar%23191!/:?]
	at net.minecraft.world.level.storage.loot.LootDataManager.lambda$scheduleElementParse$4(LootDataManager.java:56) ~[forge-1.20.1-47.4.15_mapped_parchment_2023.09.03-1.20.1.jar%23191!/:?]
	at java.util.HashMap.forEach(HashMap.java:1421) ~[?:?]
	at net.minecraft.world.level.storage.loot.LootDataManager.lambda$scheduleElementParse$5(LootDataManager.java:55) ~[forge-1.20.1-47.4.15_mapped_parchment_2023.09.03-1.20.1.jar%23191!/:?]
	at java.util.concurrent.CompletableFuture$AsyncRun.run(CompletableFuture.java:1804) ~[?:?]
	at java.util.concurrent.CompletableFuture$AsyncRun.exec(CompletableFuture.java:1796) ~[?:?]
	at java.util.concurrent.ForkJoinTask.doExec(ForkJoinTask.java:373) ~[?:?]
	at java.util.concurrent.ForkJoinPool$WorkQueue.topLevelExec(ForkJoinPool.java:1182) ~[?:?]
	at java.util.concurrent.ForkJoinPool.scan(ForkJoinPool.java:1655) ~[?:?]
	at java.util.concurrent.ForkJoinPool.runWorker(ForkJoinPool.java:1622) ~[?:?]
	at java.util.concurrent.ForkJoinWorkerThread.run(ForkJoinWorkerThread.java:165) ~[?:?]
[21Mar2026 17:50:11.494] [Worker-Main-10/ERROR] [net.minecraftforge.common.ForgeHooks/]: Couldn't parse element loot_tables:oneironaut:blocks/concept_decorator_color/lime
com.google.gson.JsonSyntaxException: Expected name to be an item, was unknown string 'oneironaut:concept_decorator_color_lime'
	at net.minecraft.util.GsonHelper.lambda$convertToItem$0(GsonHelper.java:145) ~[forge-1.20.1-47.4.15_mapped_parchment_2023.09.03-1.20.1.jar%23191!/:?]
	at java.util.Optional.orElseThrow(Optional.java:403) ~[?:?]
	at net.minecraft.util.GsonHelper.convertToItem(GsonHelper.java:145) ~[forge-1.20.1-47.4.15_mapped_parchment_2023.09.03-1.20.1.jar%23191!/:?]
	at net.minecraft.util.GsonHelper.getAsItem(GsonHelper.java:153) ~[forge-1.20.1-47.4.15_mapped_parchment_2023.09.03-1.20.1.jar%23191!/:?]
	at net.minecraft.world.level.storage.loot.entries.LootItem$Serializer.deserialize(LootItem.java:55) ~[forge-1.20.1-47.4.15_mapped_parchment_2023.09.03-1.20.1.jar%23191!/:?]
	at net.minecraft.world.level.storage.loot.entries.LootItem$Serializer.deserialize(LootItem.java:40) ~[forge-1.20.1-47.4.15_mapped_parchment_2023.09.03-1.20.1.jar%23191!/:?]
	at net.minecraft.world.level.storage.loot.entries.LootPoolSingletonContainer$Serializer.deserializeCustom(LootPoolSingletonContainer.java:151) ~[forge-1.20.1-47.4.15_mapped_parchment_2023.09.03-1.20.1.jar%23191!/:?]
	at net.minecraft.world.level.storage.loot.entries.LootPoolSingletonContainer$Serializer.deserializeCustom(LootPoolSingletonContainer.java:129) ~[forge-1.20.1-47.4.15_mapped_parchment_2023.09.03-1.20.1.jar%23191!/:?]
	at net.minecraft.world.level.storage.loot.entries.LootPoolEntryContainer$Serializer.deserialize(LootPoolEntryContainer.java:86) ~[forge-1.20.1-47.4.15_mapped_parchment_2023.09.03-1.20.1.jar%23191!/:?]
	at net.minecraft.world.level.storage.loot.entries.LootPoolEntryContainer$Serializer.deserialize(LootPoolEntryContainer.java:74) ~[forge-1.20.1-47.4.15_mapped_parchment_2023.09.03-1.20.1.jar%23191!/:?]
	at net.minecraft.world.level.storage.loot.GsonAdapterFactory$JsonAdapter.deserialize(GsonAdapterFactory.java:102) ~[forge-1.20.1-47.4.15_mapped_parchment_2023.09.03-1.20.1.jar%23191!/:?]
	at com.google.gson.internal.bind.TreeTypeAdapter.read(TreeTypeAdapter.java:76) ~[gson-2.10.jar%23131!/:?]
	at com.google.gson.internal.bind.TypeAdapterRuntimeTypeWrapper.read(TypeAdapterRuntimeTypeWrapper.java:40) ~[gson-2.10.jar%23131!/:?]
	at com.google.gson.internal.bind.ArrayTypeAdapter.read(ArrayTypeAdapter.java:72) ~[gson-2.10.jar%23131!/:?]
	at com.google.gson.Gson.fromJson(Gson.java:1214) ~[gson-2.10.jar%23131!/:?]
	at com.google.gson.Gson.fromJson(Gson.java:1319) ~[gson-2.10.jar%23131!/:?]
	at com.google.gson.Gson.fromJson(Gson.java:1290) ~[gson-2.10.jar%23131!/:?]
	at com.google.gson.internal.bind.TreeTypeAdapter$GsonContextImpl.deserialize(TreeTypeAdapter.java:179) ~[gson-2.10.jar%23131!/:?]
	at net.minecraft.util.GsonHelper.convertToObject(GsonHelper.java:463) ~[forge-1.20.1-47.4.15_mapped_parchment_2023.09.03-1.20.1.jar%23191!/:?]
	at net.minecraft.util.GsonHelper.getAsObject(GsonHelper.java:471) ~[forge-1.20.1-47.4.15_mapped_parchment_2023.09.03-1.20.1.jar%23191!/:?]
	at net.minecraft.world.level.storage.loot.LootPool$Serializer.deserialize(LootPool.java:192) ~[forge-1.20.1-47.4.15_mapped_parchment_2023.09.03-1.20.1.jar%23191!/:?]
	at net.minecraft.world.level.storage.loot.LootPool$Serializer.deserialize(LootPool.java:189) ~[forge-1.20.1-47.4.15_mapped_parchment_2023.09.03-1.20.1.jar%23191!/:?]
	at com.google.gson.internal.bind.TreeTypeAdapter.read(TreeTypeAdapter.java:76) ~[gson-2.10.jar%23131!/:?]
	at com.google.gson.internal.bind.TypeAdapterRuntimeTypeWrapper.read(TypeAdapterRuntimeTypeWrapper.java:40) ~[gson-2.10.jar%23131!/:?]
	at com.google.gson.internal.bind.ArrayTypeAdapter.read(ArrayTypeAdapter.java:72) ~[gson-2.10.jar%23131!/:?]
	at com.google.gson.Gson.fromJson(Gson.java:1214) ~[gson-2.10.jar%23131!/:?]
	at com.google.gson.Gson.fromJson(Gson.java:1319) ~[gson-2.10.jar%23131!/:?]
	at com.google.gson.Gson.fromJson(Gson.java:1290) ~[gson-2.10.jar%23131!/:?]
	at com.google.gson.internal.bind.TreeTypeAdapter$GsonContextImpl.deserialize(TreeTypeAdapter.java:179) ~[gson-2.10.jar%23131!/:?]
	at net.minecraft.util.GsonHelper.convertToObject(GsonHelper.java:463) ~[forge-1.20.1-47.4.15_mapped_parchment_2023.09.03-1.20.1.jar%23191!/:?]
	at net.minecraft.util.GsonHelper.getAsObject(GsonHelper.java:481) ~[forge-1.20.1-47.4.15_mapped_parchment_2023.09.03-1.20.1.jar%23191!/:?]
	at net.minecraft.world.level.storage.loot.LootTable$Serializer.deserialize(LootTable.java:294) ~[forge-1.20.1-47.4.15_mapped_parchment_2023.09.03-1.20.1.jar%23191!/:?]
	at net.minecraft.world.level.storage.loot.LootTable$Serializer.deserialize(LootTable.java:291) ~[forge-1.20.1-47.4.15_mapped_parchment_2023.09.03-1.20.1.jar%23191!/:?]
	at com.google.gson.internal.bind.TreeTypeAdapter.read(TreeTypeAdapter.java:76) ~[gson-2.10.jar%23131!/:?]
	at com.google.gson.Gson.fromJson(Gson.java:1214) ~[gson-2.10.jar%23131!/:?]
	at com.google.gson.Gson.fromJson(Gson.java:1319) ~[gson-2.10.jar%23131!/:?]
	at com.google.gson.Gson.fromJson(Gson.java:1261) ~[gson-2.10.jar%23131!/:?]
	at net.minecraftforge.common.ForgeHooks.loadLootTable(ForgeHooks.java:872) ~[forge-1.20.1-47.4.15_mapped_parchment_2023.09.03-1.20.1.jar%23190%23197!/:?]
	at net.minecraftforge.common.ForgeHooks.lambda$getLootTableDeserializer$3(ForgeHooks.java:849) ~[forge-1.20.1-47.4.15_mapped_parchment_2023.09.03-1.20.1.jar%23190%23197!/:?]
	at net.minecraft.world.level.storage.loot.LootDataType.deserialize(LootDataType.java:45) ~[forge-1.20.1-47.4.15_mapped_parchment_2023.09.03-1.20.1.jar%23191!/:?]
	at net.minecraft.world.level.storage.loot.LootDataManager.lambda$scheduleElementParse$4(LootDataManager.java:56) ~[forge-1.20.1-47.4.15_mapped_parchment_2023.09.03-1.20.1.jar%23191!/:?]
	at java.util.HashMap.forEach(HashMap.java:1421) ~[?:?]
	at net.minecraft.world.level.storage.loot.LootDataManager.lambda$scheduleElementParse$5(LootDataManager.java:55) ~[forge-1.20.1-47.4.15_mapped_parchment_2023.09.03-1.20.1.jar%23191!/:?]
	at java.util.concurrent.CompletableFuture$AsyncRun.run(CompletableFuture.java:1804) ~[?:?]
	at java.util.concurrent.CompletableFuture$AsyncRun.exec(CompletableFuture.java:1796) ~[?:?]
	at java.util.concurrent.ForkJoinTask.doExec(ForkJoinTask.java:373) ~[?:?]
	at java.util.concurrent.ForkJoinPool$WorkQueue.topLevelExec(ForkJoinPool.java:1182) ~[?:?]
	at java.util.concurrent.ForkJoinPool.scan(ForkJoinPool.java:1655) ~[?:?]
	at java.util.concurrent.ForkJoinPool.runWorker(ForkJoinPool.java:1622) ~[?:?]
	at java.util.concurrent.ForkJoinWorkerThread.run(ForkJoinWorkerThread.java:165) ~[?:?]
[21Mar2026 17:50:11.506] [Worker-Main-10/ERROR] [net.minecraftforge.common.ForgeHooks/]: Couldn't parse element loot_tables:oneironaut:blocks/concept_decorator_color/blue
com.google.gson.JsonSyntaxException: Expected name to be an item, was unknown string 'oneironaut:concept_decorator_color_blue'
	at net.minecraft.util.GsonHelper.lambda$convertToItem$0(GsonHelper.java:145) ~[forge-1.20.1-47.4.15_mapped_parchment_2023.09.03-1.20.1.jar%23191!/:?]
	at java.util.Optional.orElseThrow(Optional.java:403) ~[?:?]
	at net.minecraft.util.GsonHelper.convertToItem(GsonHelper.java:145) ~[forge-1.20.1-47.4.15_mapped_parchment_2023.09.03-1.20.1.jar%23191!/:?]
	at net.minecraft.util.GsonHelper.getAsItem(GsonHelper.java:153) ~[forge-1.20.1-47.4.15_mapped_parchment_2023.09.03-1.20.1.jar%23191!/:?]
	at net.minecraft.world.level.storage.loot.entries.LootItem$Serializer.deserialize(LootItem.java:55) ~[forge-1.20.1-47.4.15_mapped_parchment_2023.09.03-1.20.1.jar%23191!/:?]
	at net.minecraft.world.level.storage.loot.entries.LootItem$Serializer.deserialize(LootItem.java:40) ~[forge-1.20.1-47.4.15_mapped_parchment_2023.09.03-1.20.1.jar%23191!/:?]
	at net.minecraft.world.level.storage.loot.entries.LootPoolSingletonContainer$Serializer.deserializeCustom(LootPoolSingletonContainer.java:151) ~[forge-1.20.1-47.4.15_mapped_parchment_2023.09.03-1.20.1.jar%23191!/:?]
	at net.minecraft.world.level.storage.loot.entries.LootPoolSingletonContainer$Serializer.deserializeCustom(LootPoolSingletonContainer.java:129) ~[forge-1.20.1-47.4.15_mapped_parchment_2023.09.03-1.20.1.jar%23191!/:?]
	at net.minecraft.world.level.storage.loot.entries.LootPoolEntryContainer$Serializer.deserialize(LootPoolEntryContainer.java:86) ~[forge-1.20.1-47.4.15_mapped_parchment_2023.09.03-1.20.1.jar%23191!/:?]
	at net.minecraft.world.level.storage.loot.entries.LootPoolEntryContainer$Serializer.deserialize(LootPoolEntryContainer.java:74) ~[forge-1.20.1-47.4.15_mapped_parchment_2023.09.03-1.20.1.jar%23191!/:?]
	at net.minecraft.world.level.storage.loot.GsonAdapterFactory$JsonAdapter.deserialize(GsonAdapterFactory.java:102) ~[forge-1.20.1-47.4.15_mapped_parchment_2023.09.03-1.20.1.jar%23191!/:?]
	at com.google.gson.internal.bind.TreeTypeAdapter.read(TreeTypeAdapter.java:76) ~[gson-2.10.jar%23131!/:?]
	at com.google.gson.internal.bind.TypeAdapterRuntimeTypeWrapper.read(TypeAdapterRuntimeTypeWrapper.java:40) ~[gson-2.10.jar%23131!/:?]
	at com.google.gson.internal.bind.ArrayTypeAdapter.read(ArrayTypeAdapter.java:72) ~[gson-2.10.jar%23131!/:?]
	at com.google.gson.Gson.fromJson(Gson.java:1214) ~[gson-2.10.jar%23131!/:?]
	at com.google.gson.Gson.fromJson(Gson.java:1319) ~[gson-2.10.jar%23131!/:?]
	at com.google.gson.Gson.fromJson(Gson.java:1290) ~[gson-2.10.jar%23131!/:?]
	at com.google.gson.internal.bind.TreeTypeAdapter$GsonContextImpl.deserialize(TreeTypeAdapter.java:179) ~[gson-2.10.jar%23131!/:?]
	at net.minecraft.util.GsonHelper.convertToObject(GsonHelper.java:463) ~[forge-1.20.1-47.4.15_mapped_parchment_2023.09.03-1.20.1.jar%23191!/:?]
	at net.minecraft.util.GsonHelper.getAsObject(GsonHelper.java:471) ~[forge-1.20.1-47.4.15_mapped_parchment_2023.09.03-1.20.1.jar%23191!/:?]
	at net.minecraft.world.level.storage.loot.LootPool$Serializer.deserialize(LootPool.java:192) ~[forge-1.20.1-47.4.15_mapped_parchment_2023.09.03-1.20.1.jar%23191!/:?]
	at net.minecraft.world.level.storage.loot.LootPool$Serializer.deserialize(LootPool.java:189) ~[forge-1.20.1-47.4.15_mapped_parchment_2023.09.03-1.20.1.jar%23191!/:?]
	at com.google.gson.internal.bind.TreeTypeAdapter.read(TreeTypeAdapter.java:76) ~[gson-2.10.jar%23131!/:?]
	at com.google.gson.internal.bind.TypeAdapterRuntimeTypeWrapper.read(TypeAdapterRuntimeTypeWrapper.java:40) ~[gson-2.10.jar%23131!/:?]
	at com.google.gson.internal.bind.ArrayTypeAdapter.read(ArrayTypeAdapter.java:72) ~[gson-2.10.jar%23131!/:?]
	at com.google.gson.Gson.fromJson(Gson.java:1214) ~[gson-2.10.jar%23131!/:?]
	at com.google.gson.Gson.fromJson(Gson.java:1319) ~[gson-2.10.jar%23131!/:?]
	at com.google.gson.Gson.fromJson(Gson.java:1290) ~[gson-2.10.jar%23131!/:?]
	at com.google.gson.internal.bind.TreeTypeAdapter$GsonContextImpl.deserialize(TreeTypeAdapter.java:179) ~[gson-2.10.jar%23131!/:?]
	at net.minecraft.util.GsonHelper.convertToObject(GsonHelper.java:463) ~[forge-1.20.1-47.4.15_mapped_parchment_2023.09.03-1.20.1.jar%23191!/:?]
	at net.minecraft.util.GsonHelper.getAsObject(GsonHelper.java:481) ~[forge-1.20.1-47.4.15_mapped_parchment_2023.09.03-1.20.1.jar%23191!/:?]
	at net.minecraft.world.level.storage.loot.LootTable$Serializer.deserialize(LootTable.java:294) ~[forge-1.20.1-47.4.15_mapped_parchment_2023.09.03-1.20.1.jar%23191!/:?]
	at net.minecraft.world.level.storage.loot.LootTable$Serializer.deserialize(LootTable.java:291) ~[forge-1.20.1-47.4.15_mapped_parchment_2023.09.03-1.20.1.jar%23191!/:?]
	at com.google.gson.internal.bind.TreeTypeAdapter.read(TreeTypeAdapter.java:76) ~[gson-2.10.jar%23131!/:?]
	at com.google.gson.Gson.fromJson(Gson.java:1214) ~[gson-2.10.jar%23131!/:?]
	at com.google.gson.Gson.fromJson(Gson.java:1319) ~[gson-2.10.jar%23131!/:?]
	at com.google.gson.Gson.fromJson(Gson.java:1261) ~[gson-2.10.jar%23131!/:?]
	at net.minecraftforge.common.ForgeHooks.loadLootTable(ForgeHooks.java:872) ~[forge-1.20.1-47.4.15_mapped_parchment_2023.09.03-1.20.1.jar%23190%23197!/:?]
	at net.minecraftforge.common.ForgeHooks.lambda$getLootTableDeserializer$3(ForgeHooks.java:849) ~[forge-1.20.1-47.4.15_mapped_parchment_2023.09.03-1.20.1.jar%23190%23197!/:?]
	at net.minecraft.world.level.storage.loot.LootDataType.deserialize(LootDataType.java:45) ~[forge-1.20.1-47.4.15_mapped_parchment_2023.09.03-1.20.1.jar%23191!/:?]
	at net.minecraft.world.level.storage.loot.LootDataManager.lambda$scheduleElementParse$4(LootDataManager.java:56) ~[forge-1.20.1-47.4.15_mapped_parchment_2023.09.03-1.20.1.jar%23191!/:?]
	at java.util.HashMap.forEach(HashMap.java:1421) ~[?:?]
	at net.minecraft.world.level.storage.loot.LootDataManager.lambda$scheduleElementParse$5(LootDataManager.java:55) ~[forge-1.20.1-47.4.15_mapped_parchment_2023.09.03-1.20.1.jar%23191!/:?]
	at java.util.concurrent.CompletableFuture$AsyncRun.run(CompletableFuture.java:1804) ~[?:?]
	at java.util.concurrent.CompletableFuture$AsyncRun.exec(CompletableFuture.java:1796) ~[?:?]
	at java.util.concurrent.ForkJoinTask.doExec(ForkJoinTask.java:373) ~[?:?]
	at java.util.concurrent.ForkJoinPool$WorkQueue.topLevelExec(ForkJoinPool.java:1182) ~[?:?]
	at java.util.concurrent.ForkJoinPool.scan(ForkJoinPool.java:1655) ~[?:?]
	at java.util.concurrent.ForkJoinPool.runWorker(ForkJoinPool.java:1622) ~[?:?]
	at java.util.concurrent.ForkJoinWorkerThread.run(ForkJoinWorkerThread.java:165) ~[?:?]
[21Mar2026 17:50:11.526] [Worker-Main-10/ERROR] [net.minecraftforge.common.ForgeHooks/]: Couldn't parse element loot_tables:oneironaut:blocks/concept_decorator_color/pink
com.google.gson.JsonSyntaxException: Expected name to be an item, was unknown string 'oneironaut:concept_decorator_color_pink'
	at net.minecraft.util.GsonHelper.lambda$convertToItem$0(GsonHelper.java:145) ~[forge-1.20.1-47.4.15_mapped_parchment_2023.09.03-1.20.1.jar%23191!/:?]
	at java.util.Optional.orElseThrow(Optional.java:403) ~[?:?]
	at net.minecraft.util.GsonHelper.convertToItem(GsonHelper.java:145) ~[forge-1.20.1-47.4.15_mapped_parchment_2023.09.03-1.20.1.jar%23191!/:?]
	at net.minecraft.util.GsonHelper.getAsItem(GsonHelper.java:153) ~[forge-1.20.1-47.4.15_mapped_parchment_2023.09.03-1.20.1.jar%23191!/:?]
	at net.minecraft.world.level.storage.loot.entries.LootItem$Serializer.deserialize(LootItem.java:55) ~[forge-1.20.1-47.4.15_mapped_parchment_2023.09.03-1.20.1.jar%23191!/:?]
	at net.minecraft.world.level.storage.loot.entries.LootItem$Serializer.deserialize(LootItem.java:40) ~[forge-1.20.1-47.4.15_mapped_parchment_2023.09.03-1.20.1.jar%23191!/:?]
	at net.minecraft.world.level.storage.loot.entries.LootPoolSingletonContainer$Serializer.deserializeCustom(LootPoolSingletonContainer.java:151) ~[forge-1.20.1-47.4.15_mapped_parchment_2023.09.03-1.20.1.jar%23191!/:?]
	at net.minecraft.world.level.storage.loot.entries.LootPoolSingletonContainer$Serializer.deserializeCustom(LootPoolSingletonContainer.java:129) ~[forge-1.20.1-47.4.15_mapped_parchment_2023.09.03-1.20.1.jar%23191!/:?]
	at net.minecraft.world.level.storage.loot.entries.LootPoolEntryContainer$Serializer.deserialize(LootPoolEntryContainer.java:86) ~[forge-1.20.1-47.4.15_mapped_parchment_2023.09.03-1.20.1.jar%23191!/:?]
	at net.minecraft.world.level.storage.loot.entries.LootPoolEntryContainer$Serializer.deserialize(LootPoolEntryContainer.java:74) ~[forge-1.20.1-47.4.15_mapped_parchment_2023.09.03-1.20.1.jar%23191!/:?]
	at net.minecraft.world.level.storage.loot.GsonAdapterFactory$JsonAdapter.deserialize(GsonAdapterFactory.java:102) ~[forge-1.20.1-47.4.15_mapped_parchment_2023.09.03-1.20.1.jar%23191!/:?]
	at com.google.gson.internal.bind.TreeTypeAdapter.read(TreeTypeAdapter.java:76) ~[gson-2.10.jar%23131!/:?]
	at com.google.gson.internal.bind.TypeAdapterRuntimeTypeWrapper.read(TypeAdapterRuntimeTypeWrapper.java:40) ~[gson-2.10.jar%23131!/:?]
	at com.google.gson.internal.bind.ArrayTypeAdapter.read(ArrayTypeAdapter.java:72) ~[gson-2.10.jar%23131!/:?]
	at com.google.gson.Gson.fromJson(Gson.java:1214) ~[gson-2.10.jar%23131!/:?]
	at com.google.gson.Gson.fromJson(Gson.java:1319) ~[gson-2.10.jar%23131!/:?]
	at com.google.gson.Gson.fromJson(Gson.java:1290) ~[gson-2.10.jar%23131!/:?]
	at com.google.gson.internal.bind.TreeTypeAdapter$GsonContextImpl.deserialize(TreeTypeAdapter.java:179) ~[gson-2.10.jar%23131!/:?]
	at net.minecraft.util.GsonHelper.convertToObject(GsonHelper.java:463) ~[forge-1.20.1-47.4.15_mapped_parchment_2023.09.03-1.20.1.jar%23191!/:?]
	at net.minecraft.util.GsonHelper.getAsObject(GsonHelper.java:471) ~[forge-1.20.1-47.4.15_mapped_parchment_2023.09.03-1.20.1.jar%23191!/:?]
	at net.minecraft.world.level.storage.loot.LootPool$Serializer.deserialize(LootPool.java:192) ~[forge-1.20.1-47.4.15_mapped_parchment_2023.09.03-1.20.1.jar%23191!/:?]
	at net.minecraft.world.level.storage.loot.LootPool$Serializer.deserialize(LootPool.java:189) ~[forge-1.20.1-47.4.15_mapped_parchment_2023.09.03-1.20.1.jar%23191!/:?]
	at com.google.gson.internal.bind.TreeTypeAdapter.read(TreeTypeAdapter.java:76) ~[gson-2.10.jar%23131!/:?]
	at com.google.gson.internal.bind.TypeAdapterRuntimeTypeWrapper.read(TypeAdapterRuntimeTypeWrapper.java:40) ~[gson-2.10.jar%23131!/:?]
	at com.google.gson.internal.bind.ArrayTypeAdapter.read(ArrayTypeAdapter.java:72) ~[gson-2.10.jar%23131!/:?]
	at com.google.gson.Gson.fromJson(Gson.java:1214) ~[gson-2.10.jar%23131!/:?]
	at com.google.gson.Gson.fromJson(Gson.java:1319) ~[gson-2.10.jar%23131!/:?]
	at com.google.gson.Gson.fromJson(Gson.java:1290) ~[gson-2.10.jar%23131!/:?]
	at com.google.gson.internal.bind.TreeTypeAdapter$GsonContextImpl.deserialize(TreeTypeAdapter.java:179) ~[gson-2.10.jar%23131!/:?]
	at net.minecraft.util.GsonHelper.convertToObject(GsonHelper.java:463) ~[forge-1.20.1-47.4.15_mapped_parchment_2023.09.03-1.20.1.jar%23191!/:?]
	at net.minecraft.util.GsonHelper.getAsObject(GsonHelper.java:481) ~[forge-1.20.1-47.4.15_mapped_parchment_2023.09.03-1.20.1.jar%23191!/:?]
	at net.minecraft.world.level.storage.loot.LootTable$Serializer.deserialize(LootTable.java:294) ~[forge-1.20.1-47.4.15_mapped_parchment_2023.09.03-1.20.1.jar%23191!/:?]
	at net.minecraft.world.level.storage.loot.LootTable$Serializer.deserialize(LootTable.java:291) ~[forge-1.20.1-47.4.15_mapped_parchment_2023.09.03-1.20.1.jar%23191!/:?]
	at com.google.gson.internal.bind.TreeTypeAdapter.read(TreeTypeAdapter.java:76) ~[gson-2.10.jar%23131!/:?]
	at com.google.gson.Gson.fromJson(Gson.java:1214) ~[gson-2.10.jar%23131!/:?]
	at com.google.gson.Gson.fromJson(Gson.java:1319) ~[gson-2.10.jar%23131!/:?]
	at com.google.gson.Gson.fromJson(Gson.java:1261) ~[gson-2.10.jar%23131!/:?]
	at net.minecraftforge.common.ForgeHooks.loadLootTable(ForgeHooks.java:872) ~[forge-1.20.1-47.4.15_mapped_parchment_2023.09.03-1.20.1.jar%23190%23197!/:?]
	at net.minecraftforge.common.ForgeHooks.lambda$getLootTableDeserializer$3(ForgeHooks.java:849) ~[forge-1.20.1-47.4.15_mapped_parchment_2023.09.03-1.20.1.jar%23190%23197!/:?]
	at net.minecraft.world.level.storage.loot.LootDataType.deserialize(LootDataType.java:45) ~[forge-1.20.1-47.4.15_mapped_parchment_2023.09.03-1.20.1.jar%23191!/:?]
	at net.minecraft.world.level.storage.loot.LootDataManager.lambda$scheduleElementParse$4(LootDataManager.java:56) ~[forge-1.20.1-47.4.15_mapped_parchment_2023.09.03-1.20.1.jar%23191!/:?]
	at java.util.HashMap.forEach(HashMap.java:1421) ~[?:?]
	at net.minecraft.world.level.storage.loot.LootDataManager.lambda$scheduleElementParse$5(LootDataManager.java:55) ~[forge-1.20.1-47.4.15_mapped_parchment_2023.09.03-1.20.1.jar%23191!/:?]
	at java.util.concurrent.CompletableFuture$AsyncRun.run(CompletableFuture.java:1804) ~[?:?]
	at java.util.concurrent.CompletableFuture$AsyncRun.exec(CompletableFuture.java:1796) ~[?:?]
	at java.util.concurrent.ForkJoinTask.doExec(ForkJoinTask.java:373) ~[?:?]
	at java.util.concurrent.ForkJoinPool$WorkQueue.topLevelExec(ForkJoinPool.java:1182) ~[?:?]
	at java.util.concurrent.ForkJoinPool.scan(ForkJoinPool.java:1655) ~[?:?]
	at java.util.concurrent.ForkJoinPool.runWorker(ForkJoinPool.java:1622) ~[?:?]
	at java.util.concurrent.ForkJoinWorkerThread.run(ForkJoinWorkerThread.java:165) ~[?:?]
[21Mar2026 17:50:11.549] [Worker-Main-10/ERROR] [net.minecraftforge.common.ForgeHooks/]: Couldn't parse element loot_tables:oneironaut:blocks/concept_decorator_color/magenta
com.google.gson.JsonSyntaxException: Expected name to be an item, was unknown string 'oneironaut:concept_decorator_color_magenta'
	at net.minecraft.util.GsonHelper.lambda$convertToItem$0(GsonHelper.java:145) ~[forge-1.20.1-47.4.15_mapped_parchment_2023.09.03-1.20.1.jar%23191!/:?]
	at java.util.Optional.orElseThrow(Optional.java:403) ~[?:?]
	at net.minecraft.util.GsonHelper.convertToItem(GsonHelper.java:145) ~[forge-1.20.1-47.4.15_mapped_parchment_2023.09.03-1.20.1.jar%23191!/:?]
	at net.minecraft.util.GsonHelper.getAsItem(GsonHelper.java:153) ~[forge-1.20.1-47.4.15_mapped_parchment_2023.09.03-1.20.1.jar%23191!/:?]
	at net.minecraft.world.level.storage.loot.entries.LootItem$Serializer.deserialize(LootItem.java:55) ~[forge-1.20.1-47.4.15_mapped_parchment_2023.09.03-1.20.1.jar%23191!/:?]
	at net.minecraft.world.level.storage.loot.entries.LootItem$Serializer.deserialize(LootItem.java:40) ~[forge-1.20.1-47.4.15_mapped_parchment_2023.09.03-1.20.1.jar%23191!/:?]
	at net.minecraft.world.level.storage.loot.entries.LootPoolSingletonContainer$Serializer.deserializeCustom(LootPoolSingletonContainer.java:151) ~[forge-1.20.1-47.4.15_mapped_parchment_2023.09.03-1.20.1.jar%23191!/:?]
	at net.minecraft.world.level.storage.loot.entries.LootPoolSingletonContainer$Serializer.deserializeCustom(LootPoolSingletonContainer.java:129) ~[forge-1.20.1-47.4.15_mapped_parchment_2023.09.03-1.20.1.jar%23191!/:?]
	at net.minecraft.world.level.storage.loot.entries.LootPoolEntryContainer$Serializer.deserialize(LootPoolEntryContainer.java:86) ~[forge-1.20.1-47.4.15_mapped_parchment_2023.09.03-1.20.1.jar%23191!/:?]
	at net.minecraft.world.level.storage.loot.entries.LootPoolEntryContainer$Serializer.deserialize(LootPoolEntryContainer.java:74) ~[forge-1.20.1-47.4.15_mapped_parchment_2023.09.03-1.20.1.jar%23191!/:?]
	at net.minecraft.world.level.storage.loot.GsonAdapterFactory$JsonAdapter.deserialize(GsonAdapterFactory.java:102) ~[forge-1.20.1-47.4.15_mapped_parchment_2023.09.03-1.20.1.jar%23191!/:?]
	at com.google.gson.internal.bind.TreeTypeAdapter.read(TreeTypeAdapter.java:76) ~[gson-2.10.jar%23131!/:?]
	at com.google.gson.internal.bind.TypeAdapterRuntimeTypeWrapper.read(TypeAdapterRuntimeTypeWrapper.java:40) ~[gson-2.10.jar%23131!/:?]
	at com.google.gson.internal.bind.ArrayTypeAdapter.read(ArrayTypeAdapter.java:72) ~[gson-2.10.jar%23131!/:?]
	at com.google.gson.Gson.fromJson(Gson.java:1214) ~[gson-2.10.jar%23131!/:?]
	at com.google.gson.Gson.fromJson(Gson.java:1319) ~[gson-2.10.jar%23131!/:?]
	at com.google.gson.Gson.fromJson(Gson.java:1290) ~[gson-2.10.jar%23131!/:?]
	at com.google.gson.internal.bind.TreeTypeAdapter$GsonContextImpl.deserialize(TreeTypeAdapter.java:179) ~[gson-2.10.jar%23131!/:?]
	at net.minecraft.util.GsonHelper.convertToObject(GsonHelper.java:463) ~[forge-1.20.1-47.4.15_mapped_parchment_2023.09.03-1.20.1.jar%23191!/:?]
	at net.minecraft.util.GsonHelper.getAsObject(GsonHelper.java:471) ~[forge-1.20.1-47.4.15_mapped_parchment_2023.09.03-1.20.1.jar%23191!/:?]
	at net.minecraft.world.level.storage.loot.LootPool$Serializer.deserialize(LootPool.java:192) ~[forge-1.20.1-47.4.15_mapped_parchment_2023.09.03-1.20.1.jar%23191!/:?]
	at net.minecraft.world.level.storage.loot.LootPool$Serializer.deserialize(LootPool.java:189) ~[forge-1.20.1-47.4.15_mapped_parchment_2023.09.03-1.20.1.jar%23191!/:?]
	at com.google.gson.internal.bind.TreeTypeAdapter.read(TreeTypeAdapter.java:76) ~[gson-2.10.jar%23131!/:?]
	at com.google.gson.internal.bind.TypeAdapterRuntimeTypeWrapper.read(TypeAdapterRuntimeTypeWrapper.java:40) ~[gson-2.10.jar%23131!/:?]
	at com.google.gson.internal.bind.ArrayTypeAdapter.read(ArrayTypeAdapter.java:72) ~[gson-2.10.jar%23131!/:?]
	at com.google.gson.Gson.fromJson(Gson.java:1214) ~[gson-2.10.jar%23131!/:?]
	at com.google.gson.Gson.fromJson(Gson.java:1319) ~[gson-2.10.jar%23131!/:?]
	at com.google.gson.Gson.fromJson(Gson.java:1290) ~[gson-2.10.jar%23131!/:?]
	at com.google.gson.internal.bind.TreeTypeAdapter$GsonContextImpl.deserialize(TreeTypeAdapter.java:179) ~[gson-2.10.jar%23131!/:?]
	at net.minecraft.util.GsonHelper.convertToObject(GsonHelper.java:463) ~[forge-1.20.1-47.4.15_mapped_parchment_2023.09.03-1.20.1.jar%23191!/:?]
	at net.minecraft.util.GsonHelper.getAsObject(GsonHelper.java:481) ~[forge-1.20.1-47.4.15_mapped_parchment_2023.09.03-1.20.1.jar%23191!/:?]
	at net.minecraft.world.level.storage.loot.LootTable$Serializer.deserialize(LootTable.java:294) ~[forge-1.20.1-47.4.15_mapped_parchment_2023.09.03-1.20.1.jar%23191!/:?]
	at net.minecraft.world.level.storage.loot.LootTable$Serializer.deserialize(LootTable.java:291) ~[forge-1.20.1-47.4.15_mapped_parchment_2023.09.03-1.20.1.jar%23191!/:?]
	at com.google.gson.internal.bind.TreeTypeAdapter.read(TreeTypeAdapter.java:76) ~[gson-2.10.jar%23131!/:?]
	at com.google.gson.Gson.fromJson(Gson.java:1214) ~[gson-2.10.jar%23131!/:?]
	at com.google.gson.Gson.fromJson(Gson.java:1319) ~[gson-2.10.jar%23131!/:?]
	at com.google.gson.Gson.fromJson(Gson.java:1261) ~[gson-2.10.jar%23131!/:?]
	at net.minecraftforge.common.ForgeHooks.loadLootTable(ForgeHooks.java:872) ~[forge-1.20.1-47.4.15_mapped_parchment_2023.09.03-1.20.1.jar%23190%23197!/:?]
	at net.minecraftforge.common.ForgeHooks.lambda$getLootTableDeserializer$3(ForgeHooks.java:849) ~[forge-1.20.1-47.4.15_mapped_parchment_2023.09.03-1.20.1.jar%23190%23197!/:?]
	at net.minecraft.world.level.storage.loot.LootDataType.deserialize(LootDataType.java:45) ~[forge-1.20.1-47.4.15_mapped_parchment_2023.09.03-1.20.1.jar%23191!/:?]
	at net.minecraft.world.level.storage.loot.LootDataManager.lambda$scheduleElementParse$4(LootDataManager.java:56) ~[forge-1.20.1-47.4.15_mapped_parchment_2023.09.03-1.20.1.jar%23191!/:?]
	at java.util.HashMap.forEach(HashMap.java:1421) ~[?:?]
	at net.minecraft.world.level.storage.loot.LootDataManager.lambda$scheduleElementParse$5(LootDataManager.java:55) ~[forge-1.20.1-47.4.15_mapped_parchment_2023.09.03-1.20.1.jar%23191!/:?]
	at java.util.concurrent.CompletableFuture$AsyncRun.run(CompletableFuture.java:1804) ~[?:?]
	at java.util.concurrent.CompletableFuture$AsyncRun.exec(CompletableFuture.java:1796) ~[?:?]
	at java.util.concurrent.ForkJoinTask.doExec(ForkJoinTask.java:373) ~[?:?]
	at java.util.concurrent.ForkJoinPool$WorkQueue.topLevelExec(ForkJoinPool.java:1182) ~[?:?]
	at java.util.concurrent.ForkJoinPool.scan(ForkJoinPool.java:1655) ~[?:?]
	at java.util.concurrent.ForkJoinPool.runWorker(ForkJoinPool.java:1622) ~[?:?]
	at java.util.concurrent.ForkJoinWorkerThread.run(ForkJoinWorkerThread.java:165) ~[?:?]
[21Mar2026 17:50:11.557] [Worker-Main-10/ERROR] [net.minecraftforge.common.ForgeHooks/]: Couldn't parse element loot_tables:oneironaut:blocks/concept_decorator_color/gray
com.google.gson.JsonSyntaxException: Expected name to be an item, was unknown string 'oneironaut:concept_decorator_color_gray'
	at net.minecraft.util.GsonHelper.lambda$convertToItem$0(GsonHelper.java:145) ~[forge-1.20.1-47.4.15_mapped_parchment_2023.09.03-1.20.1.jar%23191!/:?]
	at java.util.Optional.orElseThrow(Optional.java:403) ~[?:?]
	at net.minecraft.util.GsonHelper.convertToItem(GsonHelper.java:145) ~[forge-1.20.1-47.4.15_mapped_parchment_2023.09.03-1.20.1.jar%23191!/:?]
	at net.minecraft.util.GsonHelper.getAsItem(GsonHelper.java:153) ~[forge-1.20.1-47.4.15_mapped_parchment_2023.09.03-1.20.1.jar%23191!/:?]
	at net.minecraft.world.level.storage.loot.entries.LootItem$Serializer.deserialize(LootItem.java:55) ~[forge-1.20.1-47.4.15_mapped_parchment_2023.09.03-1.20.1.jar%23191!/:?]
	at net.minecraft.world.level.storage.loot.entries.LootItem$Serializer.deserialize(LootItem.java:40) ~[forge-1.20.1-47.4.15_mapped_parchment_2023.09.03-1.20.1.jar%23191!/:?]
	at net.minecraft.world.level.storage.loot.entries.LootPoolSingletonContainer$Serializer.deserializeCustom(LootPoolSingletonContainer.java:151) ~[forge-1.20.1-47.4.15_mapped_parchment_2023.09.03-1.20.1.jar%23191!/:?]
	at net.minecraft.world.level.storage.loot.entries.LootPoolSingletonContainer$Serializer.deserializeCustom(LootPoolSingletonContainer.java:129) ~[forge-1.20.1-47.4.15_mapped_parchment_2023.09.03-1.20.1.jar%23191!/:?]
	at net.minecraft.world.level.storage.loot.entries.LootPoolEntryContainer$Serializer.deserialize(LootPoolEntryContainer.java:86) ~[forge-1.20.1-47.4.15_mapped_parchment_2023.09.03-1.20.1.jar%23191!/:?]
	at net.minecraft.world.level.storage.loot.entries.LootPoolEntryContainer$Serializer.deserialize(LootPoolEntryContainer.java:74) ~[forge-1.20.1-47.4.15_mapped_parchment_2023.09.03-1.20.1.jar%23191!/:?]
	at net.minecraft.world.level.storage.loot.GsonAdapterFactory$JsonAdapter.deserialize(GsonAdapterFactory.java:102) ~[forge-1.20.1-47.4.15_mapped_parchment_2023.09.03-1.20.1.jar%23191!/:?]
	at com.google.gson.internal.bind.TreeTypeAdapter.read(TreeTypeAdapter.java:76) ~[gson-2.10.jar%23131!/:?]
	at com.google.gson.internal.bind.TypeAdapterRuntimeTypeWrapper.read(TypeAdapterRuntimeTypeWrapper.java:40) ~[gson-2.10.jar%23131!/:?]
	at com.google.gson.internal.bind.ArrayTypeAdapter.read(ArrayTypeAdapter.java:72) ~[gson-2.10.jar%23131!/:?]
	at com.google.gson.Gson.fromJson(Gson.java:1214) ~[gson-2.10.jar%23131!/:?]
	at com.google.gson.Gson.fromJson(Gson.java:1319) ~[gson-2.10.jar%23131!/:?]
	at com.google.gson.Gson.fromJson(Gson.java:1290) ~[gson-2.10.jar%23131!/:?]
	at com.google.gson.internal.bind.TreeTypeAdapter$GsonContextImpl.deserialize(TreeTypeAdapter.java:179) ~[gson-2.10.jar%23131!/:?]
	at net.minecraft.util.GsonHelper.convertToObject(GsonHelper.java:463) ~[forge-1.20.1-47.4.15_mapped_parchment_2023.09.03-1.20.1.jar%23191!/:?]
	at net.minecraft.util.GsonHelper.getAsObject(GsonHelper.java:471) ~[forge-1.20.1-47.4.15_mapped_parchment_2023.09.03-1.20.1.jar%23191!/:?]
	at net.minecraft.world.level.storage.loot.LootPool$Serializer.deserialize(LootPool.java:192) ~[forge-1.20.1-47.4.15_mapped_parchment_2023.09.03-1.20.1.jar%23191!/:?]
	at net.minecraft.world.level.storage.loot.LootPool$Serializer.deserialize(LootPool.java:189) ~[forge-1.20.1-47.4.15_mapped_parchment_2023.09.03-1.20.1.jar%23191!/:?]
	at com.google.gson.internal.bind.TreeTypeAdapter.read(TreeTypeAdapter.java:76) ~[gson-2.10.jar%23131!/:?]
	at com.google.gson.internal.bind.TypeAdapterRuntimeTypeWrapper.read(TypeAdapterRuntimeTypeWrapper.java:40) ~[gson-2.10.jar%23131!/:?]
	at com.google.gson.internal.bind.ArrayTypeAdapter.read(ArrayTypeAdapter.java:72) ~[gson-2.10.jar%23131!/:?]
	at com.google.gson.Gson.fromJson(Gson.java:1214) ~[gson-2.10.jar%23131!/:?]
	at com.google.gson.Gson.fromJson(Gson.java:1319) ~[gson-2.10.jar%23131!/:?]
	at com.google.gson.Gson.fromJson(Gson.java:1290) ~[gson-2.10.jar%23131!/:?]
	at com.google.gson.internal.bind.TreeTypeAdapter$GsonContextImpl.deserialize(TreeTypeAdapter.java:179) ~[gson-2.10.jar%23131!/:?]
	at net.minecraft.util.GsonHelper.convertToObject(GsonHelper.java:463) ~[forge-1.20.1-47.4.15_mapped_parchment_2023.09.03-1.20.1.jar%23191!/:?]
	at net.minecraft.util.GsonHelper.getAsObject(GsonHelper.java:481) ~[forge-1.20.1-47.4.15_mapped_parchment_2023.09.03-1.20.1.jar%23191!/:?]
	at net.minecraft.world.level.storage.loot.LootTable$Serializer.deserialize(LootTable.java:294) ~[forge-1.20.1-47.4.15_mapped_parchment_2023.09.03-1.20.1.jar%23191!/:?]
	at net.minecraft.world.level.storage.loot.LootTable$Serializer.deserialize(LootTable.java:291) ~[forge-1.20.1-47.4.15_mapped_parchment_2023.09.03-1.20.1.jar%23191!/:?]
	at com.google.gson.internal.bind.TreeTypeAdapter.read(TreeTypeAdapter.java:76) ~[gson-2.10.jar%23131!/:?]
	at com.google.gson.Gson.fromJson(Gson.java:1214) ~[gson-2.10.jar%23131!/:?]
	at com.google.gson.Gson.fromJson(Gson.java:1319) ~[gson-2.10.jar%23131!/:?]
	at com.google.gson.Gson.fromJson(Gson.java:1261) ~[gson-2.10.jar%23131!/:?]
	at net.minecraftforge.common.ForgeHooks.loadLootTable(ForgeHooks.java:872) ~[forge-1.20.1-47.4.15_mapped_parchment_2023.09.03-1.20.1.jar%23190%23197!/:?]
	at net.minecraftforge.common.ForgeHooks.lambda$getLootTableDeserializer$3(ForgeHooks.java:849) ~[forge-1.20.1-47.4.15_mapped_parchment_2023.09.03-1.20.1.jar%23190%23197!/:?]
	at net.minecraft.world.level.storage.loot.LootDataType.deserialize(LootDataType.java:45) ~[forge-1.20.1-47.4.15_mapped_parchment_2023.09.03-1.20.1.jar%23191!/:?]
	at net.minecraft.world.level.storage.loot.LootDataManager.lambda$scheduleElementParse$4(LootDataManager.java:56) ~[forge-1.20.1-47.4.15_mapped_parchment_2023.09.03-1.20.1.jar%23191!/:?]
	at java.util.HashMap.forEach(HashMap.java:1421) ~[?:?]
	at net.minecraft.world.level.storage.loot.LootDataManager.lambda$scheduleElementParse$5(LootDataManager.java:55) ~[forge-1.20.1-47.4.15_mapped_parchment_2023.09.03-1.20.1.jar%23191!/:?]
	at java.util.concurrent.CompletableFuture$AsyncRun.run(CompletableFuture.java:1804) ~[?:?]
	at java.util.concurrent.CompletableFuture$AsyncRun.exec(CompletableFuture.java:1796) ~[?:?]
	at java.util.concurrent.ForkJoinTask.doExec(ForkJoinTask.java:373) ~[?:?]
	at java.util.concurrent.ForkJoinPool$WorkQueue.topLevelExec(ForkJoinPool.java:1182) ~[?:?]
	at java.util.concurrent.ForkJoinPool.scan(ForkJoinPool.java:1655) ~[?:?]
	at java.util.concurrent.ForkJoinPool.runWorker(ForkJoinPool.java:1622) ~[?:?]
	at java.util.concurrent.ForkJoinWorkerThread.run(ForkJoinWorkerThread.java:165) ~[?:?]
[21Mar2026 17:50:11.558] [Worker-Main-10/ERROR] [net.minecraftforge.common.ForgeHooks/]: Couldn't parse element loot_tables:oneironaut:blocks/concept_decorator_color/light_gray
com.google.gson.JsonSyntaxException: Expected name to be an item, was unknown string 'oneironaut:concept_decorator_color_light_gray'
	at net.minecraft.util.GsonHelper.lambda$convertToItem$0(GsonHelper.java:145) ~[forge-1.20.1-47.4.15_mapped_parchment_2023.09.03-1.20.1.jar%23191!/:?]
	at java.util.Optional.orElseThrow(Optional.java:403) ~[?:?]
	at net.minecraft.util.GsonHelper.convertToItem(GsonHelper.java:145) ~[forge-1.20.1-47.4.15_mapped_parchment_2023.09.03-1.20.1.jar%23191!/:?]
	at net.minecraft.util.GsonHelper.getAsItem(GsonHelper.java:153) ~[forge-1.20.1-47.4.15_mapped_parchment_2023.09.03-1.20.1.jar%23191!/:?]
	at net.minecraft.world.level.storage.loot.entries.LootItem$Serializer.deserialize(LootItem.java:55) ~[forge-1.20.1-47.4.15_mapped_parchment_2023.09.03-1.20.1.jar%23191!/:?]
	at net.minecraft.world.level.storage.loot.entries.LootItem$Serializer.deserialize(LootItem.java:40) ~[forge-1.20.1-47.4.15_mapped_parchment_2023.09.03-1.20.1.jar%23191!/:?]
	at net.minecraft.world.level.storage.loot.entries.LootPoolSingletonContainer$Serializer.deserializeCustom(LootPoolSingletonContainer.java:151) ~[forge-1.20.1-47.4.15_mapped_parchment_2023.09.03-1.20.1.jar%23191!/:?]
	at net.minecraft.world.level.storage.loot.entries.LootPoolSingletonContainer$Serializer.deserializeCustom(LootPoolSingletonContainer.java:129) ~[forge-1.20.1-47.4.15_mapped_parchment_2023.09.03-1.20.1.jar%23191!/:?]
	at net.minecraft.world.level.storage.loot.entries.LootPoolEntryContainer$Serializer.deserialize(LootPoolEntryContainer.java:86) ~[forge-1.20.1-47.4.15_mapped_parchment_2023.09.03-1.20.1.jar%23191!/:?]
	at net.minecraft.world.level.storage.loot.entries.LootPoolEntryContainer$Serializer.deserialize(LootPoolEntryContainer.java:74) ~[forge-1.20.1-47.4.15_mapped_parchment_2023.09.03-1.20.1.jar%23191!/:?]
	at net.minecraft.world.level.storage.loot.GsonAdapterFactory$JsonAdapter.deserialize(GsonAdapterFactory.java:102) ~[forge-1.20.1-47.4.15_mapped_parchment_2023.09.03-1.20.1.jar%23191!/:?]
	at com.google.gson.internal.bind.TreeTypeAdapter.read(TreeTypeAdapter.java:76) ~[gson-2.10.jar%23131!/:?]
	at com.google.gson.internal.bind.TypeAdapterRuntimeTypeWrapper.read(TypeAdapterRuntimeTypeWrapper.java:40) ~[gson-2.10.jar%23131!/:?]
	at com.google.gson.internal.bind.ArrayTypeAdapter.read(ArrayTypeAdapter.java:72) ~[gson-2.10.jar%23131!/:?]
	at com.google.gson.Gson.fromJson(Gson.java:1214) ~[gson-2.10.jar%23131!/:?]
	at com.google.gson.Gson.fromJson(Gson.java:1319) ~[gson-2.10.jar%23131!/:?]
	at com.google.gson.Gson.fromJson(Gson.java:1290) ~[gson-2.10.jar%23131!/:?]
	at com.google.gson.internal.bind.TreeTypeAdapter$GsonContextImpl.deserialize(TreeTypeAdapter.java:179) ~[gson-2.10.jar%23131!/:?]
	at net.minecraft.util.GsonHelper.convertToObject(GsonHelper.java:463) ~[forge-1.20.1-47.4.15_mapped_parchment_2023.09.03-1.20.1.jar%23191!/:?]
	at net.minecraft.util.GsonHelper.getAsObject(GsonHelper.java:471) ~[forge-1.20.1-47.4.15_mapped_parchment_2023.09.03-1.20.1.jar%23191!/:?]
	at net.minecraft.world.level.storage.loot.LootPool$Serializer.deserialize(LootPool.java:192) ~[forge-1.20.1-47.4.15_mapped_parchment_2023.09.03-1.20.1.jar%23191!/:?]
	at net.minecraft.world.level.storage.loot.LootPool$Serializer.deserialize(LootPool.java:189) ~[forge-1.20.1-47.4.15_mapped_parchment_2023.09.03-1.20.1.jar%23191!/:?]
	at com.google.gson.internal.bind.TreeTypeAdapter.read(TreeTypeAdapter.java:76) ~[gson-2.10.jar%23131!/:?]
	at com.google.gson.internal.bind.TypeAdapterRuntimeTypeWrapper.read(TypeAdapterRuntimeTypeWrapper.java:40) ~[gson-2.10.jar%23131!/:?]
	at com.google.gson.internal.bind.ArrayTypeAdapter.read(ArrayTypeAdapter.java:72) ~[gson-2.10.jar%23131!/:?]
	at com.google.gson.Gson.fromJson(Gson.java:1214) ~[gson-2.10.jar%23131!/:?]
	at com.google.gson.Gson.fromJson(Gson.java:1319) ~[gson-2.10.jar%23131!/:?]
	at com.google.gson.Gson.fromJson(Gson.java:1290) ~[gson-2.10.jar%23131!/:?]
	at com.google.gson.internal.bind.TreeTypeAdapter$GsonContextImpl.deserialize(TreeTypeAdapter.java:179) ~[gson-2.10.jar%23131!/:?]
	at net.minecraft.util.GsonHelper.convertToObject(GsonHelper.java:463) ~[forge-1.20.1-47.4.15_mapped_parchment_2023.09.03-1.20.1.jar%23191!/:?]
	at net.minecraft.util.GsonHelper.getAsObject(GsonHelper.java:481) ~[forge-1.20.1-47.4.15_mapped_parchment_2023.09.03-1.20.1.jar%23191!/:?]
	at net.minecraft.world.level.storage.loot.LootTable$Serializer.deserialize(LootTable.java:294) ~[forge-1.20.1-47.4.15_mapped_parchment_2023.09.03-1.20.1.jar%23191!/:?]
	at net.minecraft.world.level.storage.loot.LootTable$Serializer.deserialize(LootTable.java:291) ~[forge-1.20.1-47.4.15_mapped_parchment_2023.09.03-1.20.1.jar%23191!/:?]
	at com.google.gson.internal.bind.TreeTypeAdapter.read(TreeTypeAdapter.java:76) ~[gson-2.10.jar%23131!/:?]
	at com.google.gson.Gson.fromJson(Gson.java:1214) ~[gson-2.10.jar%23131!/:?]
	at com.google.gson.Gson.fromJson(Gson.java:1319) ~[gson-2.10.jar%23131!/:?]
	at com.google.gson.Gson.fromJson(Gson.java:1261) ~[gson-2.10.jar%23131!/:?]
	at net.minecraftforge.common.ForgeHooks.loadLootTable(ForgeHooks.java:872) ~[forge-1.20.1-47.4.15_mapped_parchment_2023.09.03-1.20.1.jar%23190%23197!/:?]
	at net.minecraftforge.common.ForgeHooks.lambda$getLootTableDeserializer$3(ForgeHooks.java:849) ~[forge-1.20.1-47.4.15_mapped_parchment_2023.09.03-1.20.1.jar%23190%23197!/:?]
	at net.minecraft.world.level.storage.loot.LootDataType.deserialize(LootDataType.java:45) ~[forge-1.20.1-47.4.15_mapped_parchment_2023.09.03-1.20.1.jar%23191!/:?]
	at net.minecraft.world.level.storage.loot.LootDataManager.lambda$scheduleElementParse$4(LootDataManager.java:56) ~[forge-1.20.1-47.4.15_mapped_parchment_2023.09.03-1.20.1.jar%23191!/:?]
	at java.util.HashMap.forEach(HashMap.java:1421) ~[?:?]
	at net.minecraft.world.level.storage.loot.LootDataManager.lambda$scheduleElementParse$5(LootDataManager.java:55) ~[forge-1.20.1-47.4.15_mapped_parchment_2023.09.03-1.20.1.jar%23191!/:?]
	at java.util.concurrent.CompletableFuture$AsyncRun.run(CompletableFuture.java:1804) ~[?:?]
	at java.util.concurrent.CompletableFuture$AsyncRun.exec(CompletableFuture.java:1796) ~[?:?]
	at java.util.concurrent.ForkJoinTask.doExec(ForkJoinTask.java:373) ~[?:?]
	at java.util.concurrent.ForkJoinPool$WorkQueue.topLevelExec(ForkJoinPool.java:1182) ~[?:?]
	at java.util.concurrent.ForkJoinPool.scan(ForkJoinPool.java:1655) ~[?:?]
	at java.util.concurrent.ForkJoinPool.runWorker(ForkJoinPool.java:1622) ~[?:?]
	at java.util.concurrent.ForkJoinWorkerThread.run(ForkJoinWorkerThread.java:165) ~[?:?]
[21Mar2026 17:50:11.573] [Render thread/INFO] [net.minecraft.world.item.crafting.RecipeManager/]: Skipping loading recipe hexcasting:compat/farmersdelight/cutting/akashic_wood as it's serializer returned null
[21Mar2026 17:50:11.574] [Render thread/INFO] [net.minecraft.world.item.crafting.RecipeManager/]: Skipping loading recipe hexcasting:compat/farmersdelight/cutting/edified_log as it's serializer returned null
[21Mar2026 17:50:11.576] [Render thread/INFO] [net.minecraft.world.item.crafting.RecipeManager/]: Skipping loading recipe hexcasting:compat/create/crushing/amethyst_shard as it's serializer returned null
[21Mar2026 17:50:11.580] [Render thread/INFO] [net.minecraft.world.item.crafting.RecipeManager/]: Skipping loading recipe hexcasting:compat/farmersdelight/cutting/edified_log_aventurine as it's serializer returned null
[21Mar2026 17:50:11.580] [Render thread/INFO] [net.minecraft.world.item.crafting.RecipeManager/]: Skipping loading recipe hexcasting:compat/farmersdelight/cutting/edified_log_amethyst as it's serializer returned null
[21Mar2026 17:50:11.583] [Render thread/INFO] [net.minecraft.world.item.crafting.RecipeManager/]: Skipping loading recipe create:crushing/amethyst_cluster as it's serializer returned null
[21Mar2026 17:50:11.583] [Render thread/INFO] [net.minecraft.world.item.crafting.RecipeManager/]: Skipping loading recipe hexcasting:compat/farmersdelight/cutting/akashic_door as it's serializer returned null
[21Mar2026 17:50:11.585] [Render thread/INFO] [net.minecraft.world.item.crafting.RecipeManager/]: Skipping loading recipe hexcasting:compat/farmersdelight/cutting/edified_log_citrine as it's serializer returned null
[21Mar2026 17:50:11.587] [Render thread/INFO] [net.minecraft.world.item.crafting.RecipeManager/]: Skipping loading recipe hexcasting:compat/farmersdelight/cutting/akashic_trapdoor as it's serializer returned null
[21Mar2026 17:50:11.587] [Render thread/INFO] [net.minecraft.world.item.crafting.RecipeManager/]: Skipping loading recipe create:crushing/amethyst_block as it's serializer returned null
[21Mar2026 17:50:11.588] [Render thread/INFO] [net.minecraft.world.item.crafting.RecipeManager/]: Skipping loading recipe hexcasting:compat/farmersdelight/cutting/edified_log_purple as it's serializer returned null
[21Mar2026 17:50:11.588] [Render thread/ERROR] [net.minecraft.world.item.crafting.RecipeManager/]: Parsing error loading recipe oneironaut:create_crushing/crush_pseudocluster
com.google.gson.JsonSyntaxException: Invalid or unsupported recipe type 'create:crushing'
	at net.minecraft.world.item.crafting.RecipeManager.lambda$fromJson$9(RecipeManager.java:170) ~[forge-1.20.1-47.4.15_mapped_parchment_2023.09.03-1.20.1.jar:?]
	at java.util.Optional.orElseThrow(Optional.java:403) ~[?:?]
	at net.minecraft.world.item.crafting.RecipeManager.fromJson(RecipeManager.java:169) ~[forge-1.20.1-47.4.15_mapped_parchment_2023.09.03-1.20.1.jar:?]
	at net.minecraft.world.item.crafting.RecipeManager.apply(RecipeManager.java:67) ~[forge-1.20.1-47.4.15_mapped_parchment_2023.09.03-1.20.1.jar:?]
	at net.minecraft.world.item.crafting.RecipeManager.apply(RecipeManager.java:34) ~[forge-1.20.1-47.4.15_mapped_parchment_2023.09.03-1.20.1.jar:?]
	at net.minecraft.server.packs.resources.SimplePreparableReloadListener.lambda$reload$1(SimplePreparableReloadListener.java:13) ~[forge-1.20.1-47.4.15_mapped_parchment_2023.09.03-1.20.1.jar:?]
	at java.util.concurrent.CompletableFuture$UniAccept.tryFire(CompletableFuture.java:718) ~[?:?]
	at java.util.concurrent.CompletableFuture$Completion.run(CompletableFuture.java:482) ~[?:?]
	at net.minecraft.server.packs.resources.SimpleReloadInstance.lambda$new$3(SimpleReloadInstance.java:69) ~[forge-1.20.1-47.4.15_mapped_parchment_2023.09.03-1.20.1.jar:?]
	at net.minecraft.util.thread.BlockableEventLoop.doRunTask(BlockableEventLoop.java:156) ~[forge-1.20.1-47.4.15_mapped_parchment_2023.09.03-1.20.1.jar:?]
	at net.minecraft.util.thread.ReentrantBlockableEventLoop.doRunTask(ReentrantBlockableEventLoop.java:23) ~[forge-1.20.1-47.4.15_mapped_parchment_2023.09.03-1.20.1.jar:?]
	at net.minecraft.util.thread.BlockableEventLoop.pollTask(BlockableEventLoop.java:130) ~[forge-1.20.1-47.4.15_mapped_parchment_2023.09.03-1.20.1.jar:?]
	at net.minecraft.util.thread.BlockableEventLoop.managedBlock(BlockableEventLoop.java:139) ~[forge-1.20.1-47.4.15_mapped_parchment_2023.09.03-1.20.1.jar:?]
	at net.minecraft.client.gui.screens.worldselection.WorldOpenFlows.loadWorldDataBlocking(WorldOpenFlows.java:163) ~[forge-1.20.1-47.4.15_mapped_parchment_2023.09.03-1.20.1.jar:?]
	at net.minecraft.client.gui.screens.worldselection.WorldOpenFlows.loadWorldStem(WorldOpenFlows.java:113) ~[forge-1.20.1-47.4.15_mapped_parchment_2023.09.03-1.20.1.jar:?]
	at net.minecraft.client.gui.screens.worldselection.WorldOpenFlows.doLoadLevel(WorldOpenFlows.java:181) ~[forge-1.20.1-47.4.15_mapped_parchment_2023.09.03-1.20.1.jar:?]
	at net.minecraft.client.gui.screens.worldselection.WorldOpenFlows.lambda$doLoadLevel$12(WorldOpenFlows.java:232) ~[forge-1.20.1-47.4.15_mapped_parchment_2023.09.03-1.20.1.jar:?]
	at net.minecraftforge.client.ForgeHooksClient.lambda$createWorldConfirmationScreen$19(ForgeHooksClient.java:1172) ~[forge-1.20.1-47.4.15_mapped_parchment_2023.09.03-1.20.1.jar:?]
	at net.minecraft.client.gui.screens.ConfirmScreen.lambda$addButtons$0(ConfirmScreen.java:55) ~[forge-1.20.1-47.4.15_mapped_parchment_2023.09.03-1.20.1.jar:?]
	at net.minecraft.client.gui.components.Button.onPress(Button.java:38) ~[forge-1.20.1-47.4.15_mapped_parchment_2023.09.03-1.20.1.jar:?]
	at net.minecraft.client.gui.components.AbstractButton.onClick(AbstractButton.java:55) ~[forge-1.20.1-47.4.15_mapped_parchment_2023.09.03-1.20.1.jar:?]
	at net.minecraft.client.gui.components.AbstractWidget.mouseClicked(AbstractWidget.java:175) ~[forge-1.20.1-47.4.15_mapped_parchment_2023.09.03-1.20.1.jar:?]
	at net.minecraft.client.gui.components.events.ContainerEventHandler.mouseClicked(ContainerEventHandler.java:38) ~[forge-1.20.1-47.4.15_mapped_parchment_2023.09.03-1.20.1.jar:?]
	at net.minecraft.client.MouseHandler.lambda$onPress$0(MouseHandler.java:92) ~[forge-1.20.1-47.4.15_mapped_parchment_2023.09.03-1.20.1.jar:?]
	at net.minecraft.client.gui.screens.Screen.wrapScreenError(Screen.java:437) ~[forge-1.20.1-47.4.15_mapped_parchment_2023.09.03-1.20.1.jar:?]
	at net.minecraft.client.MouseHandler.onPress(MouseHandler.java:89) ~[forge-1.20.1-47.4.15_mapped_parchment_2023.09.03-1.20.1.jar:?]
	at net.minecraft.client.MouseHandler.lambda$setup$4(MouseHandler.java:189) ~[forge-1.20.1-47.4.15_mapped_parchment_2023.09.03-1.20.1.jar:?]
	at net.minecraft.util.thread.BlockableEventLoop.execute(BlockableEventLoop.java:102) ~[forge-1.20.1-47.4.15_mapped_parchment_2023.09.03-1.20.1.jar:?]
	at net.minecraft.client.MouseHandler.lambda$setup$5(MouseHandler.java:188) ~[forge-1.20.1-47.4.15_mapped_parchment_2023.09.03-1.20.1.jar:?]
	at org.lwjgl.glfw.GLFWMouseButtonCallbackI.callback(GLFWMouseButtonCallbackI.java:43) ~[lwjgl-glfw-3.3.1.jar:build 7]
	at org.lwjgl.system.JNI.invokeV(Native Method) ~[lwjgl-3.3.1.jar:build 7]
	at org.lwjgl.glfw.GLFW.glfwWaitEventsTimeout(GLFW.java:3474) ~[lwjgl-glfw-3.3.1.jar:build 7]
	at com.mojang.blaze3d.systems.RenderSystem.limitDisplayFPS(RenderSystem.java:237) ~[forge-1.20.1-47.4.15_mapped_parchment_2023.09.03-1.20.1.jar:?]
	at net.minecraft.client.Minecraft.runTick(Minecraft.java:1173) ~[forge-1.20.1-47.4.15_mapped_parchment_2023.09.03-1.20.1.jar:?]
	at net.minecraft.client.Minecraft.run(Minecraft.java:718) ~[forge-1.20.1-47.4.15_mapped_parchment_2023.09.03-1.20.1.jar:?]
	at net.minecraft.client.main.Main.main(Main.java:218) ~[forge-1.20.1-47.4.15_mapped_parchment_2023.09.03-1.20.1.jar:?]
	at jdk.internal.reflect.NativeMethodAccessorImpl.invoke0(Native Method) ~[?:?]
	at jdk.internal.reflect.NativeMethodAccessorImpl.invoke(NativeMethodAccessorImpl.java:77) ~[?:?]
	at jdk.internal.reflect.DelegatingMethodAccessorImpl.invoke(DelegatingMethodAccessorImpl.java:43) ~[?:?]
	at java.lang.reflect.Method.invoke(Method.java:569) ~[?:?]
	at net.minecraftforge.fml.loading.targets.CommonLaunchHandler.runTarget(CommonLaunchHandler.java:111) ~[fmlloader-1.20.1-47.4.15.jar:?]
	at net.minecraftforge.fml.loading.targets.CommonLaunchHandler.clientService(CommonLaunchHandler.java:99) ~[fmlloader-1.20.1-47.4.15.jar:?]
	at net.minecraftforge.fml.loading.targets.ForgeClientUserdevLaunchHandler.devService(ForgeClientUserdevLaunchHandler.java:19) ~[fmlloader-1.20.1-47.4.15.jar:?]
	at net.minecraftforge.fml.loading.targets.CommonDevLaunchHandler.lambda$makeService$7(CommonDevLaunchHandler.java:135) ~[fmlloader-1.20.1-47.4.15.jar:?]
	at cpw.mods.modlauncher.LaunchServiceHandlerDecorator.launch(LaunchServiceHandlerDecorator.java:30) ~[modlauncher-10.0.9.jar:?]
	at cpw.mods.modlauncher.LaunchServiceHandler.launch(LaunchServiceHandler.java:53) ~[modlauncher-10.0.9.jar:?]
	at cpw.mods.modlauncher.LaunchServiceHandler.launch(LaunchServiceHandler.java:71) ~[modlauncher-10.0.9.jar:?]
	at cpw.mods.modlauncher.Launcher.run(Launcher.java:108) ~[modlauncher-10.0.9.jar:?]
	at cpw.mods.modlauncher.Launcher.main(Launcher.java:78) ~[modlauncher-10.0.9.jar:?]
	at cpw.mods.modlauncher.BootstrapLaunchConsumer.accept(BootstrapLaunchConsumer.java:26) ~[modlauncher-10.0.9.jar:?]
	at cpw.mods.modlauncher.BootstrapLaunchConsumer.accept(BootstrapLaunchConsumer.java:23) ~[modlauncher-10.0.9.jar:?]
	at cpw.mods.bootstraplauncher.BootstrapLauncher.main(BootstrapLauncher.java:141) ~[bootstraplauncher-1.1.2.jar:?]
[21Mar2026 17:50:11.608] [Render thread/INFO] [net.minecraft.world.item.crafting.RecipeManager/]: Loaded 10 recipes
[21Mar2026 17:50:11.701] [Render thread/INFO] [net.minecraft.advancements.AdvancementList/]: Loaded 1440 advancements
[21Mar2026 17:50:12.349] [Server thread/INFO] [net.minecraft.client.server.IntegratedServer/]: Starting integrated minecraft server version 1.20.1
[21Mar2026 17:50:12.349] [Server thread/INFO] [net.minecraft.server.MinecraftServer/]: Generating keypair
[21Mar2026 17:50:13.054] [Server thread/INFO] [net.minecraft.server.MinecraftServer/]: Preparing start region for dimension minecraft:overworld
[21Mar2026 17:50:14.521] [Render thread/INFO] [net.minecraft.server.level.progress.LoggerChunkProgressListener/]: Preparing spawn area: 0%
[21Mar2026 17:50:14.540] [Render thread/INFO] [net.minecraft.server.level.progress.LoggerChunkProgressListener/]: Preparing spawn area: 0%
[21Mar2026 17:50:14.540] [Render thread/INFO] [net.minecraft.server.level.progress.LoggerChunkProgressListener/]: Preparing spawn area: 0%
[21Mar2026 17:50:14.577] [Render thread/INFO] [net.minecraft.server.level.progress.LoggerChunkProgressListener/]: Preparing spawn area: 0%
[21Mar2026 17:50:15.084] [Render thread/INFO] [net.minecraft.server.level.progress.LoggerChunkProgressListener/]: Preparing spawn area: 0%
[21Mar2026 17:50:15.574] [Render thread/INFO] [net.minecraft.server.level.progress.LoggerChunkProgressListener/]: Preparing spawn area: 4%
[21Mar2026 17:50:15.918] [Render thread/INFO] [net.minecraft.server.level.progress.LoggerChunkProgressListener/]: Time elapsed: 2852 ms
[21Mar2026 17:50:15.923] [Server thread/INFO] [net.minecraftforge.server.permission.PermissionAPI/]: Successfully initialized permission handler forge:default_handler
[21Mar2026 17:50:15.934] [Server thread/INFO] [org.arcticquests.dev.oneironaut.oneironautt.Oneironaut/]: Cleaning expired idea entries, current time is 960
[21Mar2026 17:50:15.944] [Server thread/INFO] [org.arcticquests.dev.oneironaut.oneironautt.Oneironaut/]: Reconstructed protection map with 0 entries
[21Mar2026 17:50:15.944] [Server thread/INFO] [org.arcticquests.dev.oneironaut.oneironautt.Oneironaut/]: Disintegration manager found and removed 0 dead entries
[21Mar2026 17:50:15.946] [Server thread/INFO] [org.arcticquests.dev.oneironaut.oneironautt.Oneironaut/]: Removed 0 invalid concept modifiers.
[21Mar2026 17:50:15.968] [Server thread/INFO] [hexcasting/]: We're on the server! Loaded 318 regular actions, 18 per-world actions, and 2 special handlers
[21Mar2026 17:50:15.969] [Server thread/INFO] [patchouli/]: Sending reload packet to clients
[21Mar2026 17:50:16.242] [Server thread/INFO] [net.minecraft.client.server.IntegratedServer/]: Changing view distance to 12, from 10
[21Mar2026 17:50:16.243] [Server thread/INFO] [net.minecraft.client.server.IntegratedServer/]: Changing simulation distance to 12, from 0
[21Mar2026 17:50:16.346] [Render thread/WARN] [io.netty.util.internal.SystemPropertyUtil/]: Unable to parse the boolean system property 'java.net.preferIPv6Addresses':system - using the default value: false
[21Mar2026 17:50:17.044] [Netty Local Client IO #0/INFO] [net.minecraftforge.network.NetworkHooks/]: Connected to a modded server.
[21Mar2026 17:50:17.250] [Server thread/INFO] [net.minecraft.server.players.PlayerList/]: Dev[local:E:4890e45a] logged in with entity id 264 at (-178.29793334160888, 64.0, 68.41297145496858)
[21Mar2026 17:50:17.322] [Server thread/INFO] [net.minecraft.server.MinecraftServer/]: Dev joined the game
[21Mar2026 17:50:17.701] [Render thread/WARN] [hexcasting/]: Inserted ResourceKey[hexcasting:action / oneironaut:resistdetection] which has same signature as ResourceKey[hexcasting:action / oneironaut:resistdetection], overriding it.
[21Mar2026 17:50:17.701] [Render thread/WARN] [hexcasting/]: Inserted ResourceKey[hexcasting:action / hexcasting:get_entity/item] which has same signature as ResourceKey[hexcasting:action / hexcasting:get_entity/item], overriding it.
[21Mar2026 17:50:17.701] [Render thread/WARN] [hexcasting/]: Inserted ResourceKey[hexcasting:action / hexcasting:explode] which has same signature as ResourceKey[hexcasting:action / hexcasting:explode], overriding it.
[21Mar2026 17:50:17.701] [Render thread/WARN] [hexcasting/]: Inserted ResourceKey[hexcasting:action / moreiotas:string/space] which has same signature as ResourceKey[hexcasting:action / moreiotas:string/space], overriding it.
[21Mar2026 17:50:17.701] [Render thread/WARN] [hexcasting/]: Inserted ResourceKey[hexcasting:action / hexcasting:stack_len] which has same signature as ResourceKey[hexcasting:action / hexcasting:stack_len], overriding it.
[21Mar2026 17:50:17.701] [Render thread/WARN] [hexcasting/]: Inserted ResourceKey[hexcasting:action / oneironaut:getdimheight] which has same signature as ResourceKey[hexcasting:action / oneironaut:getdimheight], overriding it.
[21Mar2026 17:50:17.701] [Render thread/WARN] [hexcasting/]: Inserted ResourceKey[hexcasting:action / oneironaut:queryrod] which has same signature as ResourceKey[hexcasting:action / oneironaut:queryrod], overriding it.
[21Mar2026 17:50:17.701] [Render thread/WARN] [hexcasting/]: Inserted ResourceKey[hexcasting:action / oneironaut:resetrod] which has same signature as ResourceKey[hexcasting:action / oneironaut:resetrod], overriding it.
[21Mar2026 17:50:17.701] [Render thread/WARN] [hexcasting/]: Inserted ResourceKey[hexcasting:action / hexcasting:const/vec/nx] which has same signature as ResourceKey[hexcasting:action / hexcasting:const/vec/nx], overriding it.
[21Mar2026 17:50:17.701] [Render thread/WARN] [hexcasting/]: Inserted ResourceKey[hexcasting:action / hexcasting:sub] which has same signature as ResourceKey[hexcasting:action / hexcasting:sub], overriding it.
[21Mar2026 17:50:17.701] [Render thread/WARN] [hexcasting/]: Inserted ResourceKey[hexcasting:action / hexcasting:potion/poison] which has same signature as ResourceKey[hexcasting:action / hexcasting:potion/poison], overriding it.
[21Mar2026 17:50:17.701] [Render thread/WARN] [hexcasting/]: Inserted ResourceKey[hexcasting:action / hexcasting:arccos] which has same signature as ResourceKey[hexcasting:action / hexcasting:arccos], overriding it.
[21Mar2026 17:50:17.701] [Render thread/WARN] [hexcasting/]: Inserted ResourceKey[hexcasting:action / hexcasting:append] which has same signature as ResourceKey[hexcasting:action / hexcasting:append], overriding it.
[21Mar2026 17:50:17.701] [Render thread/WARN] [hexcasting/]: Inserted ResourceKey[hexcasting:action / hexcasting:flight/time] which has same signature as ResourceKey[hexcasting:action / hexcasting:flight/time], overriding it.
[21Mar2026 17:50:17.701] [Render thread/WARN] [hexcasting/]: Inserted ResourceKey[hexcasting:action / hexcasting:random] which has same signature as ResourceKey[hexcasting:action / hexcasting:random], overriding it.
[21Mar2026 17:50:17.701] [Render thread/WARN] [hexcasting/]: Inserted ResourceKey[hexcasting:action / hexal:wisp/transfer/allow] which has same signature as ResourceKey[hexcasting:action / hexal:wisp/transfer/allow], overriding it.
[21Mar2026 17:50:17.701] [Render thread/WARN] [hexcasting/]: Inserted ResourceKey[hexcasting:action / hexal:wisp/move/target/get] which has same signature as ResourceKey[hexcasting:action / hexal:wisp/move/target/get], overriding it.
[21Mar2026 17:50:17.702] [Render thread/WARN] [hexcasting/]: Inserted ResourceKey[hexcasting:action / hexal:mote/use_on] which has same signature as ResourceKey[hexcasting:action / hexal:mote/use_on], overriding it.
[21Mar2026 17:50:17.702] [Render thread/WARN] [hexcasting/]: Inserted ResourceKey[hexcasting:action / hexcasting:const/vec/nz] which has same signature as ResourceKey[hexcasting:action / hexcasting:const/vec/nz], overriding it.
[21Mar2026 17:50:17.702] [Render thread/WARN] [hexcasting/]: Inserted ResourceKey[hexcasting:action / oneironaut:applynotmissing] which has same signature as ResourceKey[hexcasting:action / oneironaut:applynotmissing], overriding it.
[21Mar2026 17:50:17.702] [Render thread/WARN] [hexcasting/]: Inserted ResourceKey[hexcasting:action / hexcasting:fisherman/copy] which has same signature as ResourceKey[hexcasting:action / hexcasting:fisherman/copy], overriding it.
[21Mar2026 17:50:17.702] [Render thread/WARN] [hexcasting/]: Inserted ResourceKey[hexcasting:action / hexcasting:modulo] which has same signature as ResourceKey[hexcasting:action / hexcasting:modulo], overriding it.
[21Mar2026 17:50:17.702] [Render thread/WARN] [hexcasting/]: Inserted ResourceKey[hexcasting:action / hexal:everbook/toggle_macro] which has same signature as ResourceKey[hexcasting:action / hexal:everbook/toggle_macro], overriding it.
[21Mar2026 17:50:17.702] [Render thread/WARN] [hexcasting/]: Inserted ResourceKey[hexcasting:action / hexcasting:arctan] which has same signature as ResourceKey[hexcasting:action / hexcasting:arctan], overriding it.
[21Mar2026 17:50:17.702] [Render thread/WARN] [hexcasting/]: Inserted ResourceKey[hexcasting:action / moreiotas:item/inventory/stacks] which has same signature as ResourceKey[hexcasting:action / moreiotas:item/inventory/stacks], overriding it.
[21Mar2026 17:50:17.702] [Render thread/WARN] [hexcasting/]: Inserted ResourceKey[hexcasting:action / hexal:gate/mark] which has same signature as ResourceKey[hexcasting:action / hexal:gate/mark], overriding it.
[21Mar2026 17:50:17.702] [Render thread/WARN] [hexcasting/]: Inserted ResourceKey[hexcasting:action / hexcasting:empty_list] which has same signature as ResourceKey[hexcasting:action / hexcasting:empty_list], overriding it.
[21Mar2026 17:50:17.702] [Render thread/WARN] [hexcasting/]: Inserted ResourceKey[hexcasting:action / moreiotas:matrix/inverse] which has same signature as ResourceKey[hexcasting:action / moreiotas:matrix/inverse], overriding it.
[21Mar2026 17:50:17.702] [Render thread/WARN] [hexcasting/]: Inserted ResourceKey[hexcasting:action / hexcasting:edify] which has same signature as ResourceKey[hexcasting:action / hexcasting:edify], overriding it.
[21Mar2026 17:50:17.702] [Render thread/WARN] [hexcasting/]: Inserted ResourceKey[hexcasting:action / hexcasting:equals] which has same signature as ResourceKey[hexcasting:action / hexcasting:equals], overriding it.
[21Mar2026 17:50:17.702] [Render thread/WARN] [hexcasting/]: Inserted ResourceKey[hexcasting:action / oneironaut:readidea] which has same signature as ResourceKey[hexcasting:action / oneironaut:readidea], overriding it.
[21Mar2026 17:50:17.702] [Render thread/WARN] [hexcasting/]: Inserted ResourceKey[hexcasting:action / hexcasting:construct] which has same signature as ResourceKey[hexcasting:action / hexcasting:construct], overriding it.
[21Mar2026 17:50:17.702] [Render thread/WARN] [hexcasting/]: Inserted ResourceKey[hexcasting:action / hexal:mote/storage/remaining_capacity/get] which has same signature as ResourceKey[hexcasting:action / hexal:mote/storage/remaining_capacity/get], overriding it.
[21Mar2026 17:50:17.702] [Render thread/WARN] [hexcasting/]: Inserted ResourceKey[hexcasting:action / moreiotas:matrix/determinant] which has same signature as ResourceKey[hexcasting:action / moreiotas:matrix/determinant], overriding it.
[21Mar2026 17:50:17.702] [Render thread/WARN] [hexcasting/]: Inserted ResourceKey[hexcasting:action / hexcasting:coerce_axial] which has same signature as ResourceKey[hexcasting:action / hexcasting:coerce_axial], overriding it.
[21Mar2026 17:50:17.702] [Render thread/WARN] [hexcasting/]: Inserted ResourceKey[hexcasting:action / hexal:mote/contained_type/get] which has same signature as ResourceKey[hexcasting:action / hexal:mote/contained_type/get], overriding it.
[21Mar2026 17:50:17.702] [Render thread/WARN] [hexcasting/]: Inserted ResourceKey[hexcasting:action / oneironaut:infusemedia] which has same signature as ResourceKey[hexcasting:action / oneironaut:infusemedia], overriding it.
[21Mar2026 17:50:17.702] [Render thread/WARN] [hexcasting/]: Inserted ResourceKey[hexcasting:action / oneironaut:advanceautomaton] which has same signature as ResourceKey[hexcasting:action / oneironaut:advanceautomaton], overriding it.
[21Mar2026 17:50:17.702] [Render thread/WARN] [hexcasting/]: Inserted ResourceKey[hexcasting:action / oneironaut:applymindrender] which has same signature as ResourceKey[hexcasting:action / oneironaut:applymindrender], overriding it.
[21Mar2026 17:50:17.702] [Render thread/WARN] [hexcasting/]: Inserted ResourceKey[hexcasting:action / hexcasting:raycast] which has same signature as ResourceKey[hexcasting:action / hexcasting:raycast], overriding it.
[21Mar2026 17:50:17.702] [Render thread/WARN] [hexcasting/]: Inserted ResourceKey[hexcasting:action / hexcasting:circle/impetus_dir] which has same signature as ResourceKey[hexcasting:action / hexcasting:circle/impetus_dir], overriding it.
[21Mar2026 17:50:17.702] [Render thread/WARN] [hexcasting/]: Inserted ResourceKey[hexcasting:action / hexcasting:const/vec/py] which has same signature as ResourceKey[hexcasting:action / hexcasting:const/vec/py], overriding it.
[21Mar2026 17:50:17.702] [Render thread/WARN] [hexcasting/]: Inserted ResourceKey[hexcasting:action / hexal:wisp/move/speed/get] which has same signature as ResourceKey[hexcasting:action / hexal:wisp/move/speed/get], overriding it.
[21Mar2026 17:50:17.702] [Render thread/WARN] [hexcasting/]: Inserted ResourceKey[hexcasting:action / oneironaut:getdim2] which has same signature as ResourceKey[hexcasting:action / oneironaut:getdim2], overriding it.
[21Mar2026 17:50:17.702] [Render thread/WARN] [hexcasting/]: Inserted ResourceKey[hexcasting:action / moreiotas:matrix/unmake/direct] which has same signature as ResourceKey[hexcasting:action / moreiotas:matrix/unmake/direct], overriding it.
[21Mar2026 17:50:17.702] [Render thread/WARN] [hexcasting/]: Inserted ResourceKey[hexcasting:action / hexcasting:zone_entity/item] which has same signature as ResourceKey[hexcasting:action / hexcasting:zone_entity/item], overriding it.
[21Mar2026 17:50:17.702] [Render thread/WARN] [hexcasting/]: Inserted ResourceKey[hexcasting:action / hexcasting:write] which has same signature as ResourceKey[hexcasting:action / hexcasting:write], overriding it.
[21Mar2026 17:50:17.702] [Render thread/WARN] [hexcasting/]: Inserted ResourceKey[hexcasting:action / hexcasting:erase] which has same signature as ResourceKey[hexcasting:action / hexcasting:erase], overriding it.
[21Mar2026 17:50:17.702] [Render thread/WARN] [hexcasting/]: Inserted ResourceKey[hexcasting:action / hexal:zone_entity/not_wisp] which has same signature as ResourceKey[hexcasting:action / hexal:zone_entity/not_wisp], overriding it.
[21Mar2026 17:50:17.702] [Render thread/WARN] [hexcasting/]: Inserted ResourceKey[hexcasting:action / hexcasting:raycast/axis] which has same signature as ResourceKey[hexcasting:action / hexcasting:raycast/axis], overriding it.
[21Mar2026 17:50:17.702] [Render thread/WARN] [hexcasting/]: Inserted ResourceKey[hexcasting:action / hexcasting:potion/wither] which has same signature as ResourceKey[hexcasting:action / hexcasting:potion/wither], overriding it.
[21Mar2026 17:50:17.702] [Render thread/WARN] [hexcasting/]: Inserted ResourceKey[hexcasting:action / hexcasting:get_entity] which has same signature as ResourceKey[hexcasting:action / hexcasting:get_entity], overriding it.
[21Mar2026 17:50:17.702] [Render thread/WARN] [hexcasting/]: Inserted ResourceKey[hexcasting:action / oneironaut:readrodram] which has same signature as ResourceKey[hexcasting:action / oneironaut:readrodram], overriding it.
[21Mar2026 17:50:17.702] [Render thread/WARN] [hexcasting/]: Inserted ResourceKey[hexcasting:action / moreiotas:zone_entity/type] which has same signature as ResourceKey[hexcasting:action / moreiotas:zone_entity/type], overriding it.
[21Mar2026 17:50:17.702] [Render thread/WARN] [hexcasting/]: Inserted ResourceKey[hexcasting:action / hexcasting:beep] which has same signature as ResourceKey[hexcasting:action / hexcasting:beep], overriding it.
[21Mar2026 17:50:17.702] [Render thread/WARN] [hexcasting/]: Inserted ResourceKey[hexcasting:action / moreiotas:matrix/zero] which has same signature as ResourceKey[hexcasting:action / moreiotas:matrix/zero], overriding it.
[21Mar2026 17:50:17.702] [Render thread/WARN] [hexcasting/]: Inserted ResourceKey[hexcasting:action / oneironaut:getdim/nether] which has same signature as ResourceKey[hexcasting:action / oneironaut:getdim/nether], overriding it.
[21Mar2026 17:50:17.702] [Render thread/WARN] [hexcasting/]: Inserted ResourceKey[hexcasting:action / moreiotas:string/iota] which has same signature as ResourceKey[hexcasting:action / moreiotas:string/iota], overriding it.
[21Mar2026 17:50:17.702] [Render thread/WARN] [hexcasting/]: Inserted ResourceKey[hexcasting:action / hexcasting:not] which has same signature as ResourceKey[hexcasting:action / hexcasting:not], overriding it.
[21Mar2026 17:50:17.702] [Render thread/WARN] [hexcasting/]: Inserted ResourceKey[hexcasting:action / hexal:wisp/trigger/tick] which has same signature as ResourceKey[hexcasting:action / hexal:wisp/trigger/tick], overriding it.
[21Mar2026 17:50:17.702] [Render thread/WARN] [hexcasting/]: Inserted ResourceKey[hexcasting:action / hexal:wisp/seon/get] which has same signature as ResourceKey[hexcasting:action / hexal:wisp/seon/get], overriding it.
[21Mar2026 17:50:17.702] [Render thread/WARN] [hexcasting/]: Inserted ResourceKey[hexcasting:action / hexal:wisp/hex] which has same signature as ResourceKey[hexcasting:action / hexal:wisp/hex], overriding it.
[21Mar2026 17:50:17.702] [Render thread/WARN] [hexcasting/]: Inserted ResourceKey[hexcasting:action / hexcasting:akashic/write] which has same signature as ResourceKey[hexcasting:action / hexcasting:akashic/write], overriding it.
[21Mar2026 17:50:17.702] [Render thread/WARN] [hexcasting/]: Inserted ResourceKey[hexcasting:action / hexal:everbook/write] which has same signature as ResourceKey[hexcasting:action / hexal:everbook/write], overriding it.
[21Mar2026 17:50:17.702] [Render thread/WARN] [hexcasting/]: Inserted ResourceKey[hexcasting:action / hexcasting:place_block] which has same signature as ResourceKey[hexcasting:action / hexcasting:place_block], overriding it.
[21Mar2026 17:50:17.702] [Render thread/WARN] [hexcasting/]: Inserted ResourceKey[hexcasting:action / hexal:mote/storage/bind] which has same signature as ResourceKey[hexcasting:action / hexal:mote/storage/bind], overriding it.
[21Mar2026 17:50:17.704] [Render thread/WARN] [hexcasting/]: Inserted ResourceKey[hexcasting:action / hexcasting:div] which has same signature as ResourceKey[hexcasting:action / hexcasting:div], overriding it.
[21Mar2026 17:50:17.704] [Render thread/WARN] [hexcasting/]: Inserted ResourceKey[hexcasting:action / oneironaut:writerodramremote] which has same signature as ResourceKey[hexcasting:action / oneironaut:writerodramremote], overriding it.
[21Mar2026 17:50:17.704] [Render thread/WARN] [hexcasting/]: Inserted ResourceKey[hexcasting:action / oneironaut:delayrod] which has same signature as ResourceKey[hexcasting:action / oneironaut:delayrod], overriding it.
[21Mar2026 17:50:17.704] [Render thread/WARN] [hexcasting/]: Inserted ResourceKey[hexcasting:action / oneironaut:detectshroud] which has same signature as ResourceKey[hexcasting:action / oneironaut:detectshroud], overriding it.
[21Mar2026 17:50:17.704] [Render thread/WARN] [hexcasting/]: Inserted ResourceKey[hexcasting:action / moreiotas:item/off_hand] which has same signature as ResourceKey[hexcasting:action / moreiotas:item/off_hand], overriding it.
[21Mar2026 17:50:17.704] [Render thread/WARN] [hexcasting/]: Inserted ResourceKey[hexcasting:action / hexcasting:for_each] which has same signature as ResourceKey[hexcasting:action / hexcasting:for_each], overriding it.
[21Mar2026 17:50:17.704] [Render thread/WARN] [hexcasting/]: Inserted ResourceKey[hexcasting:action / hexcasting:arcsin] which has same signature as ResourceKey[hexcasting:action / hexcasting:arcsin], overriding it.
[21Mar2026 17:50:17.704] [Render thread/WARN] [hexcasting/]: Inserted ResourceKey[hexcasting:action / oneironaut:shiftsentinel] which has same signature as ResourceKey[hexcasting:action / oneironaut:shiftsentinel], overriding it.
[21Mar2026 17:50:17.704] [Render thread/WARN] [hexcasting/]: Inserted ResourceKey[hexcasting:action / hexcasting:deconstruct] which has same signature as ResourceKey[hexcasting:action / hexcasting:deconstruct], overriding it.
[21Mar2026 17:50:17.704] [Render thread/WARN] [hexcasting/]: Inserted ResourceKey[hexcasting:action / hexal:wisp/trigger/comm] which has same signature as ResourceKey[hexcasting:action / hexal:wisp/trigger/comm], overriding it.
[21Mar2026 17:50:17.704] [Render thread/WARN] [hexcasting/]: Inserted ResourceKey[hexcasting:action / hexcasting:less_eq] which has same signature as ResourceKey[hexcasting:action / hexcasting:less_eq], overriding it.
[21Mar2026 17:50:17.704] [Render thread/WARN] [hexcasting/]: Inserted ResourceKey[hexcasting:action / hexal:wisp/transfer/disallow] which has same signature as ResourceKey[hexcasting:action / hexal:wisp/transfer/disallow], overriding it.
[21Mar2026 17:50:17.704] [Render thread/WARN] [hexcasting/]: Inserted ResourceKey[hexcasting:action / moreiotas:string/block/set] which has same signature as ResourceKey[hexcasting:action / moreiotas:string/block/set], overriding it.
[21Mar2026 17:50:17.704] [Render thread/WARN] [hexcasting/]: Inserted ResourceKey[hexcasting:action / hexcasting:and] which has same signature as ResourceKey[hexcasting:action / hexcasting:and], overriding it.
[21Mar2026 17:50:17.704] [Render thread/WARN] [hexcasting/]: Inserted ResourceKey[hexcasting:action / hexcasting:read/entity] which has same signature as ResourceKey[hexcasting:action / hexcasting:read/entity], overriding it.
[21Mar2026 17:50:17.704] [Render thread/WARN] [hexcasting/]: Inserted ResourceKey[hexcasting:action / hexcasting:get_caster] which has same signature as ResourceKey[hexcasting:action / hexcasting:get_caster], overriding it.
[21Mar2026 17:50:17.704] [Render thread/WARN] [hexcasting/]: Inserted ResourceKey[hexcasting:action / moreiotas:matrix/split/vert] which has same signature as ResourceKey[hexcasting:action / moreiotas:matrix/split/vert], overriding it.
[21Mar2026 17:50:17.704] [Render thread/WARN] [hexcasting/]: Inserted ResourceKey[hexcasting:action / hexcasting:cos] which has same signature as ResourceKey[hexcasting:action / hexcasting:cos], overriding it.
[21Mar2026 17:50:17.704] [Render thread/WARN] [hexcasting/]: Inserted ResourceKey[hexcasting:action / hexcasting:get_entity_height] which has same signature as ResourceKey[hexcasting:action / hexcasting:get_entity_height], overriding it.
[21Mar2026 17:50:17.704] [Render thread/WARN] [hexcasting/]: Inserted ResourceKey[hexcasting:action / hexal:everbook/read] which has same signature as ResourceKey[hexcasting:action / hexal:everbook/read], overriding it.
[21Mar2026 17:50:17.704] [Render thread/WARN] [hexcasting/]: Inserted ResourceKey[hexcasting:action / moreiotas:matrix/rotation] which has same signature as ResourceKey[hexcasting:action / moreiotas:matrix/rotation], overriding it.
[21Mar2026 17:50:17.704] [Render thread/WARN] [hexcasting/]: Inserted ResourceKey[hexcasting:action / oneironaut:craftrod] which has same signature as ResourceKey[hexcasting:action / oneironaut:craftrod], overriding it.
[21Mar2026 17:50:17.704] [Render thread/WARN] [hexcasting/]: Inserted ResourceKey[hexcasting:action / oneironaut:swapspace] which has same signature as ResourceKey[hexcasting:action / oneironaut:swapspace], overriding it.
[21Mar2026 17:50:17.704] [Render thread/WARN] [hexcasting/]: Inserted ResourceKey[hexcasting:action / hexcasting:const/vec/0] which has same signature as ResourceKey[hexcasting:action / hexcasting:const/vec/0], overriding it.
[21Mar2026 17:50:17.704] [Render thread/WARN] [hexcasting/]: Inserted ResourceKey[hexcasting:action / hexcasting:eval] which has same signature as ResourceKey[hexcasting:action / hexcasting:eval], overriding it.
[21Mar2026 17:50:17.704] [Render thread/WARN] [hexcasting/]: Inserted ResourceKey[hexcasting:action / hexcasting:sentinel/destroy] which has same signature as ResourceKey[hexcasting:action / hexcasting:sentinel/destroy], overriding it.
[21Mar2026 17:50:17.704] [Render thread/WARN] [hexcasting/]: Inserted ResourceKey[hexcasting:action / hexcasting:tan] which has same signature as ResourceKey[hexcasting:action / hexcasting:tan], overriding it.
[21Mar2026 17:50:17.704] [Render thread/WARN] [hexcasting/]: Inserted ResourceKey[hexcasting:action / hexcasting:sentinel/create] which has same signature as ResourceKey[hexcasting:action / hexcasting:sentinel/create], overriding it.
[21Mar2026 17:50:17.704] [Render thread/WARN] [hexcasting/]: Inserted ResourceKey[hexcasting:action / hexcasting:last_n_list] which has same signature as ResourceKey[hexcasting:action / hexcasting:last_n_list], overriding it.
[21Mar2026 17:50:17.704] [Render thread/WARN] [hexcasting/]: Inserted ResourceKey[hexcasting:action / hexcasting:2dup] which has same signature as ResourceKey[hexcasting:action / hexcasting:2dup], overriding it.
[21Mar2026 17:50:17.704] [Render thread/WARN] [hexcasting/]: Inserted ResourceKey[hexcasting:action / oneironaut:reviveflayed] which has same signature as ResourceKey[hexcasting:action / oneironaut:reviveflayed], overriding it.
[21Mar2026 17:50:17.704] [Render thread/WARN] [hexcasting/]: Inserted ResourceKey[hexcasting:action / hexcasting:singleton] which has same signature as ResourceKey[hexcasting:action / hexcasting:singleton], overriding it.
[21Mar2026 17:50:17.704] [Render thread/WARN] [hexcasting/]: Inserted ResourceKey[hexcasting:action / hexal:mote/trade/get] which has same signature as ResourceKey[hexcasting:action / hexal:mote/trade/get], overriding it.
[21Mar2026 17:50:17.704] [Render thread/WARN] [hexcasting/]: Inserted ResourceKey[hexcasting:action / hexal:get_entity/wisp] which has same signature as ResourceKey[hexcasting:action / hexal:get_entity/wisp], overriding it.
[21Mar2026 17:50:17.704] [Render thread/WARN] [hexcasting/]: Inserted ResourceKey[hexcasting:action / hexal:breath] which has same signature as ResourceKey[hexcasting:action / hexal:breath], overriding it.
[21Mar2026 17:50:17.705] [Render thread/WARN] [hexcasting/]: Inserted ResourceKey[hexcasting:action / hexcasting:const/vec/ny] which has same signature as ResourceKey[hexcasting:action / hexcasting:const/vec/ny], overriding it.
[21Mar2026 17:50:17.705] [Render thread/WARN] [hexcasting/]: Inserted ResourceKey[hexcasting:action / hexal:mote/storage/set] which has same signature as ResourceKey[hexcasting:action / hexal:mote/storage/set], overriding it.
[21Mar2026 17:50:17.705] [Render thread/WARN] [hexcasting/]: Inserted ResourceKey[hexcasting:action / hexcasting:greater] which has same signature as ResourceKey[hexcasting:action / hexcasting:greater], overriding it.
[21Mar2026 17:50:17.705] [Render thread/WARN] [hexcasting/]: Inserted ResourceKey[hexcasting:action / hexal:link/num] which has same signature as ResourceKey[hexcasting:action / hexal:link/num], overriding it.
[21Mar2026 17:50:17.705] [Render thread/WARN] [hexcasting/]: Inserted ResourceKey[hexcasting:action / hexcasting:break_block] which has same signature as ResourceKey[hexcasting:action / hexcasting:break_block], overriding it.
[21Mar2026 17:50:17.705] [Render thread/WARN] [hexcasting/]: Inserted ResourceKey[hexcasting:action / hexcasting:less] which has same signature as ResourceKey[hexcasting:action / hexcasting:less], overriding it.
[21Mar2026 17:50:17.706] [Render thread/WARN] [hexcasting/]: Inserted ResourceKey[hexcasting:action / hexal:particles] which has same signature as ResourceKey[hexcasting:action / hexal:particles], overriding it.
[21Mar2026 17:50:17.706] [Render thread/WARN] [hexcasting/]: Inserted ResourceKey[hexcasting:action / hexcasting:const/null] which has same signature as ResourceKey[hexcasting:action / hexcasting:const/null], overriding it.
[21Mar2026 17:50:17.706] [Render thread/WARN] [hexcasting/]: Inserted ResourceKey[hexcasting:action / hexcasting:duplicate] which has same signature as ResourceKey[hexcasting:action / hexcasting:duplicate], overriding it.
[21Mar2026 17:50:17.706] [Render thread/WARN] [hexcasting/]: Inserted ResourceKey[hexcasting:action / oneironaut:getrodstamp] which has same signature as ResourceKey[hexcasting:action / oneironaut:getrodstamp], overriding it.
[21Mar2026 17:50:17.706] [Render thread/WARN] [hexcasting/]: Inserted ResourceKey[hexcasting:action / hexcasting:xor] which has same signature as ResourceKey[hexcasting:action / hexcasting:xor], overriding it.
[21Mar2026 17:50:17.706] [Render thread/WARN] [hexcasting/]: Inserted ResourceKey[hexcasting:action / moreiotas:altmul] which has same signature as ResourceKey[hexcasting:action / moreiotas:altmul], overriding it.
[21Mar2026 17:50:17.706] [Render thread/WARN] [hexcasting/]: Inserted ResourceKey[hexcasting:action / oneironaut:getdimscale] which has same signature as ResourceKey[hexcasting:action / oneironaut:getdimscale], overriding it.
[21Mar2026 17:50:17.706] [Render thread/WARN] [hexcasting/]: Inserted ResourceKey[hexcasting:action / hexcasting:const/double/tau] which has same signature as ResourceKey[hexcasting:action / hexcasting:const/double/tau], overriding it.
[21Mar2026 17:50:17.706] [Render thread/WARN] [hexcasting/]: Inserted ResourceKey[hexcasting:action / moreiotas:matrix/unmake] which has same signature as ResourceKey[hexcasting:action / moreiotas:matrix/unmake], overriding it.
[21Mar2026 17:50:17.706] [Render thread/WARN] [hexcasting/]: Inserted ResourceKey[hexcasting:action / oneironaut:signitem] which has same signature as ResourceKey[hexcasting:action / oneironaut:signitem], overriding it.
[21Mar2026 17:50:17.706] [Render thread/WARN] [hexcasting/]: Inserted ResourceKey[hexcasting:action / hexcasting:zone_entity/animal] which has same signature as ResourceKey[hexcasting:action / hexcasting:zone_entity/animal], overriding it.
[21Mar2026 17:50:17.706] [Render thread/WARN] [hexcasting/]: Inserted ResourceKey[hexcasting:action / hexcasting:const/vec/pz] which has same signature as ResourceKey[hexcasting:action / hexcasting:const/vec/pz], overriding it.
[21Mar2026 17:50:17.706] [Render thread/WARN] [hexcasting/]: Inserted ResourceKey[hexcasting:action / moreiotas:matrix/identity] which has same signature as ResourceKey[hexcasting:action / moreiotas:matrix/identity], overriding it.
[21Mar2026 17:50:17.706] [Render thread/WARN] [hexcasting/]: Inserted ResourceKey[hexcasting:action / hexcasting:colorize] which has same signature as ResourceKey[hexcasting:action / hexcasting:colorize], overriding it.
[21Mar2026 17:50:17.706] [Render thread/WARN] [hexcasting/]: Inserted ResourceKey[hexcasting:action / hexcasting:craft/cypher] which has same signature as ResourceKey[hexcasting:action / hexcasting:craft/cypher], overriding it.
[21Mar2026 17:50:17.706] [Render thread/WARN] [hexcasting/]: Inserted ResourceKey[hexcasting:action / hexcasting:rotate] which has same signature as ResourceKey[hexcasting:action / hexcasting:rotate], overriding it.
[21Mar2026 17:50:17.706] [Render thread/WARN] [hexcasting/]: Inserted ResourceKey[hexcasting:action / hexcasting:blink] which has same signature as ResourceKey[hexcasting:action / hexcasting:blink], overriding it.
[21Mar2026 17:50:17.706] [Render thread/WARN] [hexcasting/]: Inserted ResourceKey[hexcasting:action / moreiotas:string/case] which has same signature as ResourceKey[hexcasting:action / moreiotas:string/case], overriding it.
[21Mar2026 17:50:17.706] [Render thread/WARN] [hexcasting/]: Inserted ResourceKey[hexcasting:action / hexal:wisp/move/target/set] which has same signature as ResourceKey[hexcasting:action / hexal:wisp/move/target/set], overriding it.
[21Mar2026 17:50:17.707] [Render thread/WARN] [hexcasting/]: Inserted ResourceKey[hexcasting:action / hexcasting:write/local] which has same signature as ResourceKey[hexcasting:action / hexcasting:write/local], overriding it.
[21Mar2026 17:50:17.707] [Render thread/WARN] [hexcasting/]: Inserted ResourceKey[hexcasting:action / hexcasting:zone_entity/monster] which has same signature as ResourceKey[hexcasting:action / hexcasting:zone_entity/monster], overriding it.
[21Mar2026 17:50:17.707] [Render thread/WARN] [hexcasting/]: Inserted ResourceKey[hexcasting:action / oneironaut:writeidea_entity] which has same signature as ResourceKey[hexcasting:action / oneironaut:writeidea_entity], overriding it.
[21Mar2026 17:50:17.707] [Render thread/WARN] [hexcasting/]: Inserted ResourceKey[hexcasting:action / hexal:zone_entity/wisp] which has same signature as ResourceKey[hexcasting:action / hexal:zone_entity/wisp], overriding it.
[21Mar2026 17:50:17.707] [Render thread/WARN] [hexcasting/]: Inserted ResourceKey[hexcasting:action / moreiotas:string/name/set] which has same signature as ResourceKey[hexcasting:action / moreiotas:string/name/set], overriding it.
[21Mar2026 17:50:17.707] [Render thread/WARN] [hexcasting/]: Inserted ResourceKey[hexcasting:action / moreiotas:matrix/split/hori] which has same signature as ResourceKey[hexcasting:action / moreiotas:matrix/split/hori], overriding it.
[21Mar2026 17:50:17.707] [Render thread/WARN] [hexcasting/]: Inserted ResourceKey[hexcasting:action / hexcasting:read] which has same signature as ResourceKey[hexcasting:action / hexcasting:read], overriding it.
[21Mar2026 17:50:17.707] [Render thread/WARN] [hexcasting/]: Inserted ResourceKey[hexcasting:action / moreiotas:string/chat/prefix/set] which has same signature as ResourceKey[hexcasting:action / moreiotas:string/chat/prefix/set], overriding it.
[21Mar2026 17:50:17.707] [Render thread/WARN] [hexcasting/]: Inserted ResourceKey[hexcasting:action / hexcasting:zone_entity] which has same signature as ResourceKey[hexcasting:action / hexcasting:zone_entity], overriding it.
[21Mar2026 17:50:17.707] [Render thread/WARN] [hexcasting/]: Inserted ResourceKey[hexcasting:action / hexcasting:const/false] which has same signature as ResourceKey[hexcasting:action / hexcasting:const/false], overriding it.
[21Mar2026 17:50:17.707] [Render thread/WARN] [hexcasting/]: Inserted ResourceKey[hexcasting:action / hexcasting:reverse] which has same signature as ResourceKey[hexcasting:action / hexcasting:reverse], overriding it.
[21Mar2026 17:50:17.707] [Render thread/WARN] [hexcasting/]: Inserted ResourceKey[hexcasting:action / hexcasting:sentinel/wayfind] which has same signature as ResourceKey[hexcasting:action / hexcasting:sentinel/wayfind], overriding it.
[21Mar2026 17:50:17.707] [Render thread/WARN] [hexcasting/]: Inserted ResourceKey[hexcasting:action / hexal:wisp/summon/projectile] which has same signature as ResourceKey[hexcasting:action / hexal:wisp/summon/projectile], overriding it.
[21Mar2026 17:50:17.707] [Render thread/WARN] [hexcasting/]: Inserted ResourceKey[hexcasting:action / hexal:wisp/owner] which has same signature as ResourceKey[hexcasting:action / hexal:wisp/owner], overriding it.
[21Mar2026 17:50:17.707] [Render thread/WARN] [hexcasting/]: Inserted ResourceKey[hexcasting:action / hexal:link/comm/num] which has same signature as ResourceKey[hexcasting:action / hexal:link/comm/num], overriding it.
[21Mar2026 17:50:17.707] [Render thread/WARN] [hexcasting/]: Inserted ResourceKey[hexcasting:action / hexcasting:zone_entity/living] which has same signature as ResourceKey[hexcasting:action / hexcasting:zone_entity/living], overriding it.
[21Mar2026 17:50:17.707] [Render thread/WARN] [hexcasting/]: Inserted ResourceKey[hexcasting:action / hexcasting:flight/can_fly] which has same signature as ResourceKey[hexcasting:action / hexcasting:flight/can_fly], overriding it.
[21Mar2026 17:50:17.707] [Render thread/WARN] [hexcasting/]: Inserted ResourceKey[hexcasting:action / hexcasting:zone_entity/not_monster] which has same signature as ResourceKey[hexcasting:action / hexcasting:zone_entity/not_monster], overriding it.
[21Mar2026 17:50:17.707] [Render thread/WARN] [hexcasting/]: Inserted ResourceKey[hexcasting:action / hexal:link/get_index] which has same signature as ResourceKey[hexcasting:action / hexal:link/get_index], overriding it.
[21Mar2026 17:50:17.707] [Render thread/WARN] [hexcasting/]: Inserted ResourceKey[hexcasting:action / hexcasting:entity_pos/foot] which has same signature as ResourceKey[hexcasting:action / hexcasting:entity_pos/foot], overriding it.
[21Mar2026 17:50:17.707] [Render thread/WARN] [hexcasting/]: Inserted ResourceKey[hexcasting:action / oneironaut:writeidea] which has same signature as ResourceKey[hexcasting:action / oneironaut:writeidea], overriding it.
[21Mar2026 17:50:17.708] [Render thread/WARN] [hexcasting/]: Inserted ResourceKey[hexcasting:action / hexcasting:thanatos] which has same signature as ResourceKey[hexcasting:action / hexcasting:thanatos], overriding it.
[21Mar2026 17:50:17.708] [Render thread/WARN] [hexcasting/]: Inserted ResourceKey[hexcasting:action / hexal:link/comm/close_transmit] which has same signature as ResourceKey[hexcasting:action / hexal:link/comm/close_transmit], overriding it.
[21Mar2026 17:50:17.708] [Render thread/WARN] [hexcasting/]: Inserted ResourceKey[hexcasting:action / hexal:wisp/self] which has same signature as ResourceKey[hexcasting:action / hexal:wisp/self], overriding it.
[21Mar2026 17:50:17.708] [Render thread/WARN] [hexcasting/]: Inserted ResourceKey[hexcasting:action / hexcasting:duplicate_n] which has same signature as ResourceKey[hexcasting:action / hexcasting:duplicate_n], overriding it.
[21Mar2026 17:50:17.708] [Render thread/WARN] [hexcasting/]: Inserted ResourceKey[hexcasting:action / hexcasting:get_entity/living] which has same signature as ResourceKey[hexcasting:action / hexcasting:get_entity/living], overriding it.
[21Mar2026 17:50:17.708] [Render thread/WARN] [hexcasting/]: Inserted ResourceKey[hexcasting:action / oneironaut:craftbottomlesstrinket] which has same signature as ResourceKey[hexcasting:action / oneironaut:craftbottomlesstrinket], overriding it.
[21Mar2026 17:50:17.708] [Render thread/WARN] [hexcasting/]: Inserted ResourceKey[hexcasting:action / hexcasting:bool_coerce] which has same signature as ResourceKey[hexcasting:action / hexcasting:bool_coerce], overriding it.
[21Mar2026 17:50:17.708] [Render thread/WARN] [hexcasting/]: Inserted ResourceKey[hexcasting:action / hexal:link/others] which has same signature as ResourceKey[hexcasting:action / hexal:link/others], overriding it.
[21Mar2026 17:50:17.708] [Render thread/WARN] [hexcasting/]: Inserted ResourceKey[hexcasting:action / oneironaut:getrodlook] which has same signature as ResourceKey[hexcasting:action / oneironaut:getrodlook], overriding it.
[21Mar2026 17:50:17.708] [Render thread/WARN] [hexcasting/]: Inserted ResourceKey[hexcasting:action / hexcasting:ceil] which has same signature as ResourceKey[hexcasting:action / hexcasting:ceil], overriding it.
[21Mar2026 17:50:17.708] [Render thread/WARN] [hexcasting/]: Inserted ResourceKey[hexcasting:action / hexal:mote/trade] which has same signature as ResourceKey[hexcasting:action / hexal:mote/trade], overriding it.
[21Mar2026 17:50:17.708] [Render thread/WARN] [hexcasting/]: Inserted ResourceKey[hexcasting:action / hexal:gate/mark/get] which has same signature as ResourceKey[hexcasting:action / hexal:gate/mark/get], overriding it.
[21Mar2026 17:50:17.708] [Render thread/WARN] [hexcasting/]: Inserted ResourceKey[hexcasting:action / moreiotas:string/block/get] which has same signature as ResourceKey[hexcasting:action / moreiotas:string/block/get], overriding it.
[21Mar2026 17:50:17.708] [Render thread/WARN] [hexcasting/]: Inserted ResourceKey[hexcasting:action / hexcasting:print] which has same signature as ResourceKey[hexcasting:action / hexcasting:print], overriding it.
[21Mar2026 17:50:17.708] [Render thread/WARN] [hexcasting/]: Inserted ResourceKey[hexcasting:action / hexcasting:rotate_reverse] which has same signature as ResourceKey[hexcasting:action / hexcasting:rotate_reverse], overriding it.
[21Mar2026 17:50:17.709] [Render thread/WARN] [hexcasting/]: Inserted ResourceKey[hexcasting:action / hexal:link/get] which has same signature as ResourceKey[hexcasting:action / hexal:link/get], overriding it.
[21Mar2026 17:50:17.709] [Render thread/WARN] [hexcasting/]: Inserted ResourceKey[hexcasting:action / hexal:running/sum] which has same signature as ResourceKey[hexcasting:action / hexal:running/sum], overriding it.
[21Mar2026 17:50:17.709] [Render thread/WARN] [hexcasting/]: Inserted ResourceKey[hexcasting:action / oneironaut:readideawriter] which has same signature as ResourceKey[hexcasting:action / oneironaut:readideawriter], overriding it.
[21Mar2026 17:50:17.709] [Render thread/WARN] [hexcasting/]: Inserted ResourceKey[hexcasting:action / hexcasting:or] which has same signature as ResourceKey[hexcasting:action / hexcasting:or], overriding it.
[21Mar2026 17:50:17.709] [Render thread/WARN] [hexcasting/]: Inserted ResourceKey[hexcasting:action / moreiotas:get_entity/type] which has same signature as ResourceKey[hexcasting:action / moreiotas:get_entity/type], overriding it.
[21Mar2026 17:50:17.709] [Render thread/WARN] [hexcasting/]: Inserted ResourceKey[hexcasting:action / moreiotas:string/chat/caster] which has same signature as ResourceKey[hexcasting:action / moreiotas:string/chat/caster], overriding it.
[21Mar2026 17:50:17.709] [Render thread/WARN] [hexcasting/]: Inserted ResourceKey[hexcasting:action / hexcasting:swap] which has same signature as ResourceKey[hexcasting:action / hexcasting:swap], overriding it.
[21Mar2026 17:50:17.709] [Render thread/WARN] [hexcasting/]: Inserted ResourceKey[hexcasting:action / hexal:wisp/transfer/others/allow] which has same signature as ResourceKey[hexcasting:action / hexal:wisp/transfer/others/allow], overriding it.
[21Mar2026 17:50:17.709] [Render thread/WARN] [hexcasting/]: Inserted ResourceKey[hexcasting:action / moreiotas:item/prop/size/set] which has same signature as ResourceKey[hexcasting:action / moreiotas:item/prop/size/set], overriding it.
[21Mar2026 17:50:17.709] [Render thread/WARN] [hexcasting/]: Inserted ResourceKey[hexcasting:action / hexcasting:construct_vec] which has same signature as ResourceKey[hexcasting:action / hexcasting:construct_vec], overriding it.
[21Mar2026 17:50:17.709] [Render thread/WARN] [hexcasting/]: Inserted ResourceKey[hexcasting:action / hexcasting:arctan2] which has same signature as ResourceKey[hexcasting:action / hexcasting:arctan2], overriding it.
[21Mar2026 17:50:17.709] [Render thread/WARN] [hexcasting/]: Inserted ResourceKey[hexcasting:action / hexcasting:readable/entity] which has same signature as ResourceKey[hexcasting:action / hexcasting:readable/entity], overriding it.
[21Mar2026 17:50:17.709] [Render thread/WARN] [hexcasting/]: Inserted ResourceKey[hexcasting:action / hexcasting:zone_entity/not_item] which has same signature as ResourceKey[hexcasting:action / hexcasting:zone_entity/not_item], overriding it.
[21Mar2026 17:50:17.709] [Render thread/WARN] [hexcasting/]: Inserted ResourceKey[hexcasting:action / moreiotas:string/empty] which has same signature as ResourceKey[hexcasting:action / moreiotas:string/empty], overriding it.
[21Mar2026 17:50:17.709] [Render thread/WARN] [hexcasting/]: Inserted ResourceKey[hexcasting:action / moreiotas:altpow] which has same signature as ResourceKey[hexcasting:action / moreiotas:altpow], overriding it.
[21Mar2026 17:50:17.709] [Render thread/WARN] [hexcasting/]: Inserted ResourceKey[hexcasting:action / hexcasting:if] which has same signature as ResourceKey[hexcasting:action / hexcasting:if], overriding it.
[21Mar2026 17:50:17.709] [Render thread/WARN] [hexcasting/]: Inserted ResourceKey[hexcasting:action / hexal:wisp/transfer/others/disallow] which has same signature as ResourceKey[hexcasting:action / hexal:wisp/transfer/others/disallow], overriding it.
[21Mar2026 17:50:17.709] [Render thread/WARN] [hexcasting/]: Inserted ResourceKey[hexcasting:action / moreiotas:type/iota] which has same signature as ResourceKey[hexcasting:action / moreiotas:type/iota], overriding it.
[21Mar2026 17:50:17.709] [Render thread/WARN] [hexcasting/]: Inserted ResourceKey[hexcasting:action / oneironaut:getrodpos] which has same signature as ResourceKey[hexcasting:action / oneironaut:getrodpos], overriding it.
[21Mar2026 17:50:17.709] [Render thread/WARN] [hexcasting/]: Inserted ResourceKey[hexcasting:action / oneironaut:extradimensionaleval] which has same signature as ResourceKey[hexcasting:action / oneironaut:extradimensionaleval], overriding it.
[21Mar2026 17:50:17.709] [Render thread/WARN] [hexcasting/]: Inserted ResourceKey[hexcasting:action / hexcasting:zone_entity/not_living] which has same signature as ResourceKey[hexcasting:action / hexcasting:zone_entity/not_living], overriding it.
[21Mar2026 17:50:17.709] [Render thread/WARN] [hexcasting/]: Inserted ResourceKey[hexcasting:action / hexal:factorial] which has same signature as ResourceKey[hexcasting:action / hexal:factorial], overriding it.
[21Mar2026 17:50:17.709] [Render thread/WARN] [hexcasting/]: Inserted ResourceKey[hexcasting:action / hexcasting:craft/trinket] which has same signature as ResourceKey[hexcasting:action / hexcasting:craft/trinket], overriding it.
[21Mar2026 17:50:17.709] [Render thread/WARN] [hexcasting/]: Inserted ResourceKey[hexcasting:action / hexcasting:writable/entity] which has same signature as ResourceKey[hexcasting:action / hexcasting:writable/entity], overriding it.
[21Mar2026 17:50:17.709] [Render thread/WARN] [hexcasting/]: Inserted ResourceKey[hexcasting:action / hexal:toughness] which has same signature as ResourceKey[hexcasting:action / hexal:toughness], overriding it.
[21Mar2026 17:50:17.709] [Render thread/WARN] [hexcasting/]: Inserted ResourceKey[hexcasting:action / hexcasting:bonemeal] which has same signature as ResourceKey[hexcasting:action / hexcasting:bonemeal], overriding it.
[21Mar2026 17:50:17.709] [Render thread/WARN] [hexcasting/]: Inserted ResourceKey[hexcasting:action / hexal:mote/storage/contains] which has same signature as ResourceKey[hexcasting:action / hexal:mote/storage/contains], overriding it.
[21Mar2026 17:50:17.710] [Render thread/WARN] [hexcasting/]: Inserted ResourceKey[hexcasting:action / moreiotas:matrix/make] which has same signature as ResourceKey[hexcasting:action / moreiotas:matrix/make], overriding it.
[21Mar2026 17:50:17.710] [Render thread/WARN] [hexcasting/]: Inserted ResourceKey[hexcasting:action / moreiotas:zone_entity/not_type] which has same signature as ResourceKey[hexcasting:action / moreiotas:zone_entity/not_type], overriding it.
[21Mar2026 17:50:17.710] [Render thread/WARN] [hexcasting/]: Inserted ResourceKey[hexcasting:action / hexal:light_level] which has same signature as ResourceKey[hexcasting:action / hexal:light_level], overriding it.
[21Mar2026 17:50:17.710] [Render thread/WARN] [hexcasting/]: Inserted ResourceKey[hexcasting:action / hexcasting:abs] which has same signature as ResourceKey[hexcasting:action / hexcasting:abs], overriding it.
[21Mar2026 17:50:17.710] [Render thread/WARN] [hexcasting/]: Inserted ResourceKey[hexcasting:action / moreiotas:string/newline] which has same signature as ResourceKey[hexcasting:action / moreiotas:string/newline], overriding it.
[21Mar2026 17:50:17.710] [Render thread/WARN] [hexcasting/]: Inserted ResourceKey[hexcasting:action / moreiotas:string/comma] which has same signature as ResourceKey[hexcasting:action / moreiotas:string/comma], overriding it.
[21Mar2026 17:50:17.710] [Render thread/WARN] [hexcasting/]: Inserted ResourceKey[hexcasting:action / hexcasting:not_equals] which has same signature as ResourceKey[hexcasting:action / hexcasting:not_equals], overriding it.
[21Mar2026 17:50:17.710] [Render thread/WARN] [hexcasting/]: Inserted ResourceKey[hexcasting:action / hexal:wisp/trigger/move] which has same signature as ResourceKey[hexcasting:action / hexal:wisp/trigger/move], overriding it.
[21Mar2026 17:50:17.710] [Render thread/WARN] [hexcasting/]: Inserted ResourceKey[hexcasting:action / hexcasting:const/double/pi] which has same signature as ResourceKey[hexcasting:action / hexcasting:const/double/pi], overriding it.
[21Mar2026 17:50:17.710] [Render thread/WARN] [hexcasting/]: Inserted ResourceKey[hexcasting:action / hexcasting:potion/levitation] which has same signature as ResourceKey[hexcasting:action / hexcasting:potion/levitation], overriding it.
[21Mar2026 17:50:17.710] [Render thread/WARN] [hexcasting/]: Inserted ResourceKey[hexcasting:action / hexcasting:explode/fire] which has same signature as ResourceKey[hexcasting:action / hexcasting:explode/fire], overriding it.
[21Mar2026 17:50:17.710] [Render thread/WARN] [hexcasting/]: Inserted ResourceKey[hexcasting:action / hexcasting:floor] which has same signature as ResourceKey[hexcasting:action / hexcasting:floor], overriding it.
[21Mar2026 17:50:17.710] [Render thread/WARN] [hexcasting/]: Inserted ResourceKey[hexcasting:action / oneironaut:getsoulprint] which has same signature as ResourceKey[hexcasting:action / oneironaut:getsoulprint], overriding it.
[21Mar2026 17:50:17.710] [Render thread/WARN] [hexcasting/]: Inserted ResourceKey[hexcasting:action / hexcasting:slice] which has same signature as ResourceKey[hexcasting:action / hexcasting:slice], overriding it.
[21Mar2026 17:50:17.710] [Render thread/WARN] [hexcasting/]: Inserted ResourceKey[hexcasting:action / hexcasting:potion/slowness] which has same signature as ResourceKey[hexcasting:action / hexcasting:potion/slowness], overriding it.
[21Mar2026 17:50:17.710] [Render thread/WARN] [hexcasting/]: Inserted ResourceKey[hexcasting:action / hexal:mote/combinable] which has same signature as ResourceKey[hexcasting:action / hexal:mote/combinable], overriding it.
[21Mar2026 17:50:17.710] [Render thread/WARN] [hexcasting/]: Inserted ResourceKey[hexcasting:action / hexcasting:sin] which has same signature as ResourceKey[hexcasting:action / hexcasting:sin], overriding it.
[21Mar2026 17:50:17.710] [Render thread/WARN] [hexcasting/]: Inserted ResourceKey[hexcasting:action / hexcasting:read/local] which has same signature as ResourceKey[hexcasting:action / hexcasting:read/local], overriding it.
[21Mar2026 17:50:17.710] [Render thread/WARN] [hexcasting/]: Inserted ResourceKey[hexcasting:action / hexcasting:circle/bounds/max] which has same signature as ResourceKey[hexcasting:action / hexcasting:circle/bounds/max], overriding it.
[21Mar2026 17:50:17.710] [Render thread/WARN] [hexcasting/]: Inserted ResourceKey[hexcasting:action / hexal:gate/close] which has same signature as ResourceKey[hexcasting:action / hexal:gate/close], overriding it.
[21Mar2026 17:50:17.710] [Render thread/WARN] [hexcasting/]: Inserted ResourceKey[hexcasting:action / hexal:falling_block] which has same signature as ResourceKey[hexcasting:action / hexal:falling_block], overriding it.
[21Mar2026 17:50:17.710] [Render thread/WARN] [hexcasting/]: Inserted ResourceKey[hexcasting:action / oneironaut:haltrod] which has same signature as ResourceKey[hexcasting:action / oneironaut:haltrod], overriding it.
[21Mar2026 17:50:17.710] [Render thread/WARN] [hexcasting/]: Inserted ResourceKey[hexcasting:action / oneironaut:getdim/overworld] which has same signature as ResourceKey[hexcasting:action / oneironaut:getdim/overworld], overriding it.
[21Mar2026 17:50:17.710] [Render thread/WARN] [hexcasting/]: Inserted ResourceKey[hexcasting:action / hexcasting:fisherman] which has same signature as ResourceKey[hexcasting:action / hexcasting:fisherman], overriding it.
[21Mar2026 17:50:17.710] [Render thread/WARN] [hexcasting/]: Inserted ResourceKey[hexcasting:action / hexcasting:raycast/entity] which has same signature as ResourceKey[hexcasting:action / hexcasting:raycast/entity], overriding it.
[21Mar2026 17:50:17.710] [Render thread/WARN] [hexcasting/]: Inserted ResourceKey[hexcasting:action / oneironaut:checksignature] which has same signature as ResourceKey[hexcasting:action / oneironaut:checksignature], overriding it.
[21Mar2026 17:50:17.710] [Render thread/WARN] [hexcasting/]: Inserted ResourceKey[hexcasting:action / hexcasting:tuck] which has same signature as ResourceKey[hexcasting:action / hexcasting:tuck], overriding it.
[21Mar2026 17:50:17.710] [Render thread/WARN] [hexcasting/]: Inserted ResourceKey[hexcasting:action / hexcasting:const/true] which has same signature as ResourceKey[hexcasting:action / hexcasting:const/true], overriding it.
[21Mar2026 17:50:17.710] [Render thread/WARN] [hexcasting/]: Inserted ResourceKey[hexcasting:action / oneironaut:readideatype] which has same signature as ResourceKey[hexcasting:action / oneironaut:readideatype], overriding it.
[21Mar2026 17:50:17.710] [Render thread/WARN] [hexcasting/]: Inserted ResourceKey[hexcasting:action / hexcasting:craft/artifact] which has same signature as ResourceKey[hexcasting:action / hexcasting:craft/artifact], overriding it.
[21Mar2026 17:50:17.710] [Render thread/WARN] [hexcasting/]: Inserted ResourceKey[hexcasting:action / hexcasting:add] which has same signature as ResourceKey[hexcasting:action / hexcasting:add], overriding it.
[21Mar2026 17:50:17.710] [Render thread/WARN] [hexcasting/]: Inserted ResourceKey[hexcasting:action / hexal:mote/villager/level/get] which has same signature as ResourceKey[hexcasting:action / hexal:mote/villager/level/get], overriding it.
[21Mar2026 17:50:17.710] [Render thread/WARN] [hexcasting/]: Inserted ResourceKey[hexcasting:action / oneironaut:writerodram] which has same signature as ResourceKey[hexcasting:action / oneironaut:writerodram], overriding it.
[21Mar2026 17:50:17.710] [Render thread/WARN] [hexcasting/]: Inserted ResourceKey[hexcasting:action / hexcasting:unique] which has same signature as ResourceKey[hexcasting:action / hexcasting:unique], overriding it.
[21Mar2026 17:50:17.710] [Render thread/WARN] [hexcasting/]: Inserted ResourceKey[hexcasting:action / hexal:link/comm/open_transmit] which has same signature as ResourceKey[hexcasting:action / hexal:link/comm/open_transmit], overriding it.
[21Mar2026 17:50:17.710] [Render thread/WARN] [hexcasting/]: Inserted ResourceKey[hexcasting:action / hexcasting:mul] which has same signature as ResourceKey[hexcasting:action / hexcasting:mul], overriding it.
[21Mar2026 17:50:17.710] [Render thread/WARN] [hexcasting/]: Inserted ResourceKey[hexcasting:action / hexal:mote/storage/bind/temp] which has same signature as ResourceKey[hexcasting:action / hexal:mote/storage/bind/temp], overriding it.
[21Mar2026 17:50:17.710] [Render thread/WARN] [hexcasting/]: Inserted ResourceKey[hexcasting:action / hexcasting:get_entity_velocity] which has same signature as ResourceKey[hexcasting:action / hexcasting:get_entity_velocity], overriding it.
[21Mar2026 17:50:17.710] [Render thread/WARN] [hexcasting/]: Inserted ResourceKey[hexcasting:action / hexcasting:const/double/e] which has same signature as ResourceKey[hexcasting:action / hexcasting:const/double/e], overriding it.
[21Mar2026 17:50:17.710] [Render thread/WARN] [hexcasting/]: Inserted ResourceKey[hexcasting:action / hexcasting:destroy_water] which has same signature as ResourceKey[hexcasting:action / hexcasting:destroy_water], overriding it.
[21Mar2026 17:50:17.712] [Render thread/WARN] [hexcasting/]: Inserted ResourceKey[hexcasting:action / moreiotas:altdiv] which has same signature as ResourceKey[hexcasting:action / moreiotas:altdiv], overriding it.
[21Mar2026 17:50:17.712] [Render thread/WARN] [hexcasting/]: Inserted ResourceKey[hexcasting:action / hexal:running/mul] which has same signature as ResourceKey[hexcasting:action / hexal:running/mul], overriding it.
[21Mar2026 17:50:17.712] [Render thread/WARN] [hexcasting/]: Inserted ResourceKey[hexcasting:action / oneironaut:readideatime] which has same signature as ResourceKey[hexcasting:action / oneironaut:readideatime], overriding it.
[21Mar2026 17:50:17.712] [Render thread/WARN] [hexcasting/]: Inserted ResourceKey[hexcasting:action / hexcasting:conjure_light] which has same signature as ResourceKey[hexcasting:action / hexcasting:conjure_light], overriding it.
[21Mar2026 17:50:17.712] [Render thread/WARN] [hexcasting/]: Inserted ResourceKey[hexcasting:action / hexcasting:circle/impetus_pos] which has same signature as ResourceKey[hexcasting:action / hexcasting:circle/impetus_pos], overriding it.
[21Mar2026 17:50:17.712] [Render thread/WARN] [hexcasting/]: Inserted ResourceKey[hexcasting:action / hexcasting:conjure_block] which has same signature as ResourceKey[hexcasting:action / hexcasting:conjure_block], overriding it.
[21Mar2026 17:50:17.712] [Render thread/WARN] [hexcasting/]: Inserted ResourceKey[hexcasting:action / hexal:link/unlink] which has same signature as ResourceKey[hexcasting:action / hexal:link/unlink], overriding it.
[21Mar2026 17:50:17.712] [Render thread/WARN] [hexcasting/]: Inserted ResourceKey[hexcasting:action / oneironaut:readsentinel] which has same signature as ResourceKey[hexcasting:action / oneironaut:readsentinel], overriding it.
[21Mar2026 17:50:17.712] [Render thread/WARN] [hexcasting/]: Inserted ResourceKey[hexcasting:action / hexcasting:get_entity/monster] which has same signature as ResourceKey[hexcasting:action / hexcasting:get_entity/monster], overriding it.
[21Mar2026 17:50:17.712] [Render thread/WARN] [hexcasting/]: Inserted ResourceKey[hexcasting:action / hexal:link/comm/clear] which has same signature as ResourceKey[hexcasting:action / hexal:link/comm/clear], overriding it.
[21Mar2026 17:50:17.712] [Render thread/WARN] [hexcasting/]: Inserted ResourceKey[hexcasting:action / moreiotas:item/inventory/items] which has same signature as ResourceKey[hexcasting:action / moreiotas:item/inventory/items], overriding it.
[21Mar2026 17:50:17.712] [Render thread/WARN] [hexcasting/]: Inserted ResourceKey[hexcasting:action / hexcasting:halt] which has same signature as ResourceKey[hexcasting:action / hexcasting:halt], overriding it.
[21Mar2026 17:50:17.712] [Render thread/WARN] [hexcasting/]: Inserted ResourceKey[hexcasting:action / hexal:mote/make] which has same signature as ResourceKey[hexcasting:action / hexal:mote/make], overriding it.
[21Mar2026 17:50:17.712] [Render thread/WARN] [hexcasting/]: Inserted ResourceKey[hexcasting:action / hexal:link/comm/send] which has same signature as ResourceKey[hexcasting:action / hexal:link/comm/send], overriding it.
[21Mar2026 17:50:17.712] [Render thread/WARN] [hexcasting/]: Inserted ResourceKey[hexcasting:action / hexcasting:write/entity] which has same signature as ResourceKey[hexcasting:action / hexcasting:write/entity], overriding it.
[21Mar2026 17:50:17.712] [Render thread/WARN] [hexcasting/]: Inserted ResourceKey[hexcasting:action / hexal:link/unlink/others] which has same signature as ResourceKey[hexcasting:action / hexal:link/unlink/others], overriding it.
[21Mar2026 17:50:17.712] [Render thread/WARN] [hexcasting/]: Inserted ResourceKey[hexcasting:action / moreiotas:string/parse] which has same signature as ResourceKey[hexcasting:action / moreiotas:string/parse], overriding it.
[21Mar2026 17:50:17.712] [Render thread/WARN] [hexcasting/]: Inserted ResourceKey[hexcasting:action / hexcasting:sentinel/get_pos] which has same signature as ResourceKey[hexcasting:action / hexcasting:sentinel/get_pos], overriding it.
[21Mar2026 17:50:17.712] [Render thread/WARN] [hexcasting/]: Inserted ResourceKey[hexcasting:action / hexcasting:extinguish] which has same signature as ResourceKey[hexcasting:action / hexcasting:extinguish], overriding it.
[21Mar2026 17:50:17.712] [Render thread/WARN] [hexcasting/]: Inserted ResourceKey[hexcasting:action / hexal:place_type] which has same signature as ResourceKey[hexcasting:action / hexal:place_type], overriding it.
[21Mar2026 17:50:17.712] [Render thread/WARN] [hexcasting/]: Inserted ResourceKey[hexcasting:action / moreiotas:string/action] which has same signature as ResourceKey[hexcasting:action / moreiotas:string/action], overriding it.
[21Mar2026 17:50:17.713] [Render thread/WARN] [hexcasting/]: Inserted ResourceKey[hexcasting:action / hexal:wisp/media] which has same signature as ResourceKey[hexcasting:action / hexal:wisp/media], overriding it.
[21Mar2026 17:50:17.713] [Render thread/WARN] [hexcasting/]: Inserted ResourceKey[hexcasting:action / hexal:mote/split] which has same signature as ResourceKey[hexcasting:action / hexal:mote/split], overriding it.
[21Mar2026 17:50:17.713] [Render thread/WARN] [hexcasting/]: Inserted ResourceKey[hexcasting:action / hexcasting:akashic/read] which has same signature as ResourceKey[hexcasting:action / hexcasting:akashic/read], overriding it.
[21Mar2026 17:50:17.713] [Render thread/WARN] [hexcasting/]: Inserted ResourceKey[hexcasting:action / hexcasting:zone_entity/not_player] which has same signature as ResourceKey[hexcasting:action / hexcasting:zone_entity/not_player], overriding it.
[21Mar2026 17:50:17.713] [Render thread/WARN] [hexcasting/]: Inserted ResourceKey[hexcasting:action / hexcasting:entity_pos/eye] which has same signature as ResourceKey[hexcasting:action / hexcasting:entity_pos/eye], overriding it.
[21Mar2026 17:50:17.713] [Render thread/WARN] [hexcasting/]: Inserted ResourceKey[hexcasting:action / hexal:freeze] which has same signature as ResourceKey[hexcasting:action / hexal:freeze], overriding it.
[21Mar2026 17:50:17.713] [Render thread/WARN] [hexcasting/]: Inserted ResourceKey[hexcasting:action / hexcasting:eval/cc] which has same signature as ResourceKey[hexcasting:action / hexcasting:eval/cc], overriding it.
[21Mar2026 17:50:17.713] [Render thread/WARN] [hexcasting/]: Inserted ResourceKey[hexcasting:action / hexcasting:get_entity/animal] which has same signature as ResourceKey[hexcasting:action / hexcasting:get_entity/animal], overriding it.
[21Mar2026 17:50:17.713] [Render thread/WARN] [hexcasting/]: Inserted ResourceKey[hexcasting:action / moreiotas:string/chat/all] which has same signature as ResourceKey[hexcasting:action / moreiotas:string/chat/all], overriding it.
[21Mar2026 17:50:17.713] [Render thread/WARN] [hexcasting/]: Inserted ResourceKey[hexcasting:action / hexal:current_tick] which has same signature as ResourceKey[hexcasting:action / hexal:current_tick], overriding it.
[21Mar2026 17:50:17.713] [Render thread/WARN] [hexcasting/]: Inserted ResourceKey[hexcasting:action / moreiotas:string/name/get] which has same signature as ResourceKey[hexcasting:action / moreiotas:string/name/get], overriding it.
[21Mar2026 17:50:17.713] [Render thread/WARN] [hexcasting/]: Inserted ResourceKey[hexcasting:action / oneironaut:erosionshield] which has same signature as ResourceKey[hexcasting:action / oneironaut:erosionshield], overriding it.
[21Mar2026 17:50:17.714] [Render thread/WARN] [hexcasting/]: Inserted ResourceKey[hexcasting:action / hexal:mote/craft/preview] which has same signature as ResourceKey[hexcasting:action / hexal:mote/craft/preview], overriding it.
[21Mar2026 17:50:17.714] [Render thread/WARN] [hexcasting/]: Inserted ResourceKey[hexcasting:action / oneironaut:getdim1] which has same signature as ResourceKey[hexcasting:action / oneironaut:getdim1], overriding it.
[21Mar2026 17:50:17.714] [Render thread/WARN] [hexcasting/]: Inserted ResourceKey[hexcasting:action / moreiotas:string/chat/prefix/get] which has same signature as ResourceKey[hexcasting:action / moreiotas:string/chat/prefix/get], overriding it.
[21Mar2026 17:50:17.714] [Render thread/WARN] [hexcasting/]: Inserted ResourceKey[hexcasting:action / hexal:mote/contained/get] which has same signature as ResourceKey[hexcasting:action / hexal:mote/contained/get], overriding it.
[21Mar2026 17:50:17.714] [Render thread/WARN] [hexcasting/]: Inserted ResourceKey[hexcasting:action / hexal:wisp/move/speed/set] which has same signature as ResourceKey[hexcasting:action / hexal:wisp/move/speed/set], overriding it.
[21Mar2026 17:50:17.714] [Render thread/WARN] [hexcasting/]: Inserted ResourceKey[hexcasting:action / hexal:link] which has same signature as ResourceKey[hexcasting:action / hexal:link], overriding it.
[21Mar2026 17:50:17.714] [Render thread/WARN] [hexcasting/]: Inserted ResourceKey[hexcasting:action / moreiotas:altadd] which has same signature as ResourceKey[hexcasting:action / moreiotas:altadd], overriding it.
[21Mar2026 17:50:17.714] [Render thread/WARN] [hexcasting/]: Inserted ResourceKey[hexcasting:action / moreiotas:type/entity] which has same signature as ResourceKey[hexcasting:action / moreiotas:type/entity], overriding it.
[21Mar2026 17:50:17.714] [Render thread/WARN] [hexcasting/]: Inserted ResourceKey[hexcasting:action / hexcasting:greater_eq] which has same signature as ResourceKey[hexcasting:action / hexcasting:greater_eq], overriding it.
[21Mar2026 17:50:17.714] [Render thread/WARN] [hexcasting/]: Inserted ResourceKey[hexcasting:action / hexal:armour] which has same signature as ResourceKey[hexcasting:action / hexal:armour], overriding it.
[21Mar2026 17:50:17.714] [Render thread/WARN] [hexcasting/]: Inserted ResourceKey[hexcasting:action / hexcasting:potion/weakness] which has same signature as ResourceKey[hexcasting:action / hexcasting:potion/weakness], overriding it.
[21Mar2026 17:50:17.714] [Render thread/WARN] [hexcasting/]: Inserted ResourceKey[hexcasting:action / hexal:wisp/summon/ticking] which has same signature as ResourceKey[hexcasting:action / hexal:wisp/summon/ticking], overriding it.
[21Mar2026 17:50:17.714] [Render thread/WARN] [hexcasting/]: Inserted ResourceKey[hexcasting:action / hexcasting:circle/bounds/min] which has same signature as ResourceKey[hexcasting:action / hexcasting:circle/bounds/min], overriding it.
[21Mar2026 17:50:17.714] [Render thread/WARN] [hexcasting/]: Inserted ResourceKey[hexcasting:action / hexcasting:const/vec/px] which has same signature as ResourceKey[hexcasting:action / hexcasting:const/vec/px], overriding it.
[21Mar2026 17:50:17.714] [Render thread/WARN] [hexcasting/]: Inserted ResourceKey[hexcasting:action / hexcasting:unappend] which has same signature as ResourceKey[hexcasting:action / hexcasting:unappend], overriding it.
[21Mar2026 17:50:17.714] [Render thread/WARN] [hexcasting/]: Inserted ResourceKey[hexcasting:action / hexcasting:writable] which has same signature as ResourceKey[hexcasting:action / hexcasting:writable], overriding it.
[21Mar2026 17:50:17.714] [Render thread/WARN] [hexcasting/]: Inserted ResourceKey[hexcasting:action / hexcasting:cycle_variant] which has same signature as ResourceKey[hexcasting:action / hexcasting:cycle_variant], overriding it.
[21Mar2026 17:50:17.714] [Render thread/WARN] [hexcasting/]: Inserted ResourceKey[hexcasting:action / hexcasting:add_motion] which has same signature as ResourceKey[hexcasting:action / hexcasting:add_motion], overriding it.
[21Mar2026 17:50:17.714] [Render thread/WARN] [hexcasting/]: Inserted ResourceKey[hexcasting:action / hexcasting:ignite] which has same signature as ResourceKey[hexcasting:action / hexcasting:ignite], overriding it.
[21Mar2026 17:50:17.714] [Render thread/WARN] [hexcasting/]: Inserted ResourceKey[hexcasting:action / hexal:everbook/delete] which has same signature as ResourceKey[hexcasting:action / hexal:everbook/delete], overriding it.
[21Mar2026 17:50:17.714] [Render thread/WARN] [hexcasting/]: Inserted ResourceKey[hexcasting:action / oneironaut:circle] which has same signature as ResourceKey[hexcasting:action / oneironaut:circle], overriding it.
[21Mar2026 17:50:17.714] [Render thread/WARN] [hexcasting/]: Inserted ResourceKey[hexcasting:action / moreiotas:matrix/concat/hori] which has same signature as ResourceKey[hexcasting:action / moreiotas:matrix/concat/hori], overriding it.
[21Mar2026 17:50:17.714] [Render thread/WARN] [hexcasting/]: Inserted ResourceKey[hexcasting:action / hexcasting:readable] which has same signature as ResourceKey[hexcasting:action / hexcasting:readable], overriding it.
[21Mar2026 17:50:17.714] [Render thread/WARN] [hexcasting/]: Inserted ResourceKey[hexcasting:action / hexcasting:get_entity/player] which has same signature as ResourceKey[hexcasting:action / hexcasting:get_entity/player], overriding it.
[21Mar2026 17:50:17.714] [Render thread/WARN] [hexcasting/]: Inserted ResourceKey[hexcasting:action / oneironaut:rodloopactive] which has same signature as ResourceKey[hexcasting:action / oneironaut:rodloopactive], overriding it.
[21Mar2026 17:50:17.714] [Render thread/WARN] [hexcasting/]: Inserted ResourceKey[hexcasting:action / hexcasting:remove_from] which has same signature as ResourceKey[hexcasting:action / hexcasting:remove_from], overriding it.
[21Mar2026 17:50:17.714] [Render thread/WARN] [hexcasting/]: Inserted ResourceKey[hexcasting:action / hexcasting:zone_entity/player] which has same signature as ResourceKey[hexcasting:action / hexcasting:zone_entity/player], overriding it.
[21Mar2026 17:50:17.714] [Render thread/WARN] [hexcasting/]: Inserted ResourceKey[hexcasting:action / hexal:health] which has same signature as ResourceKey[hexcasting:action / hexal:health], overriding it.
[21Mar2026 17:50:17.714] [Render thread/WARN] [hexcasting/]: Inserted ResourceKey[hexcasting:action / moreiotas:type/to_item] which has same signature as ResourceKey[hexcasting:action / moreiotas:type/to_item], overriding it.
[21Mar2026 17:50:17.714] [Render thread/WARN] [hexcasting/]: Inserted ResourceKey[hexcasting:action / moreiotas:matrix/concat/vert] which has same signature as ResourceKey[hexcasting:action / moreiotas:matrix/concat/vert], overriding it.
[21Mar2026 17:50:17.715] [Render thread/WARN] [hexcasting/]: Inserted ResourceKey[hexcasting:action / hexcasting:replace] which has same signature as ResourceKey[hexcasting:action / hexcasting:replace], overriding it.
[21Mar2026 17:50:17.715] [Render thread/WARN] [hexcasting/]: Inserted ResourceKey[hexcasting:action / hexcasting:flight/range] which has same signature as ResourceKey[hexcasting:action / hexcasting:flight/range], overriding it.
[21Mar2026 17:50:17.715] [Render thread/WARN] [hexcasting/]: Inserted ResourceKey[hexcasting:action / hexal:link/comm/read] which has same signature as ResourceKey[hexcasting:action / hexal:link/comm/read], overriding it.
[21Mar2026 17:50:17.715] [Render thread/WARN] [hexcasting/]: Inserted ResourceKey[hexcasting:action / moreiotas:item/main_hand] which has same signature as ResourceKey[hexcasting:action / moreiotas:item/main_hand], overriding it.
[21Mar2026 17:50:17.715] [Render thread/WARN] [hexcasting/]: Inserted ResourceKey[hexcasting:action / hexcasting:logarithm] which has same signature as ResourceKey[hexcasting:action / hexcasting:logarithm], overriding it.
[21Mar2026 17:50:17.715] [Render thread/WARN] [hexcasting/]: Inserted ResourceKey[hexcasting:action / hexcasting:zone_entity/not_animal] which has same signature as ResourceKey[hexcasting:action / hexcasting:zone_entity/not_animal], overriding it.
[21Mar2026 17:50:17.715] [Render thread/WARN] [hexcasting/]: Inserted ResourceKey[hexcasting:action / hexal:mote/storage/get] which has same signature as ResourceKey[hexcasting:action / hexal:mote/storage/get], overriding it.
[21Mar2026 17:50:17.715] [Render thread/WARN] [hexcasting/]: Inserted ResourceKey[hexcasting:action / oneironaut:dimteleport] which has same signature as ResourceKey[hexcasting:action / oneironaut:dimteleport], overriding it.
[21Mar2026 17:50:17.715] [Render thread/WARN] [hexcasting/]: Inserted ResourceKey[hexcasting:action / hexcasting:swizzle] which has same signature as ResourceKey[hexcasting:action / hexcasting:swizzle], overriding it.
[21Mar2026 17:50:17.715] [Render thread/WARN] [hexcasting/]: Inserted ResourceKey[hexcasting:action / hexal:gate/unmark] which has same signature as ResourceKey[hexcasting:action / hexal:gate/unmark], overriding it.
[21Mar2026 17:50:17.715] [Render thread/WARN] [hexcasting/]: Inserted ResourceKey[hexcasting:action / hexcasting:pow] which has same signature as ResourceKey[hexcasting:action / hexcasting:pow], overriding it.
[21Mar2026 17:50:17.715] [Render thread/WARN] [hexcasting/]: Inserted ResourceKey[hexcasting:action / hexcasting:index] which has same signature as ResourceKey[hexcasting:action / hexcasting:index], overriding it.
[21Mar2026 17:50:17.715] [Render thread/WARN] [hexcasting/]: Inserted ResourceKey[hexcasting:action / moreiotas:string/split] which has same signature as ResourceKey[hexcasting:action / moreiotas:string/split], overriding it.
[21Mar2026 17:50:17.715] [Render thread/WARN] [hexcasting/]: Inserted ResourceKey[hexcasting:action / hexal:mote/return] which has same signature as ResourceKey[hexcasting:action / hexal:mote/return], overriding it.
[21Mar2026 17:50:17.715] [Render thread/WARN] [hexcasting/]: Inserted ResourceKey[hexcasting:action / hexcasting:deconstruct_vec] which has same signature as ResourceKey[hexcasting:action / hexcasting:deconstruct_vec], overriding it.
[21Mar2026 17:50:17.715] [Render thread/WARN] [hexcasting/]: Inserted ResourceKey[hexcasting:action / hexcasting:create_water] which has same signature as ResourceKey[hexcasting:action / hexcasting:create_water], overriding it.
[21Mar2026 17:50:17.715] [Render thread/WARN] [hexcasting/]: Inserted ResourceKey[hexcasting:action / oneironaut:releaseidea_entity] which has same signature as ResourceKey[hexcasting:action / oneironaut:releaseidea_entity], overriding it.
[21Mar2026 17:50:17.715] [Render thread/WARN] [hexcasting/]: Inserted ResourceKey[hexcasting:action / hexcasting:get_entity_look] which has same signature as ResourceKey[hexcasting:action / hexcasting:get_entity_look], overriding it.
[21Mar2026 17:50:17.715] [Render thread/WARN] [hexcasting/]: Inserted ResourceKey[hexcasting:action / hexal:smelt] which has same signature as ResourceKey[hexcasting:action / hexal:smelt], overriding it.
[21Mar2026 17:50:17.715] [Render thread/WARN] [hexcasting/]: Inserted ResourceKey[hexcasting:action / oneironaut:readrodramremote] which has same signature as ResourceKey[hexcasting:action / oneironaut:readrodramremote], overriding it.
[21Mar2026 17:50:17.715] [Render thread/WARN] [hexcasting/]: Inserted ResourceKey[hexcasting:action / hexcasting:index_of] which has same signature as ResourceKey[hexcasting:action / hexcasting:index_of], overriding it.
[21Mar2026 17:50:17.715] [Render thread/WARN] [hexcasting/]: Inserted ResourceKey[hexcasting:action / moreiotas:type/item_held] which has same signature as ResourceKey[hexcasting:action / moreiotas:type/item_held], overriding it.
[21Mar2026 17:50:17.715] [Render thread/WARN] [hexcasting/]: Inserted ResourceKey[hexcasting:action / hexcasting:over] which has same signature as ResourceKey[hexcasting:action / hexcasting:over], overriding it.
[21Mar2026 17:50:17.715] [Render thread/WARN] [hexcasting/]: Inserted ResourceKey[hexcasting:action / hexcasting:splat] which has same signature as ResourceKey[hexcasting:action / hexcasting:splat], overriding it.
[21Mar2026 17:50:17.715] [Render thread/WARN] [hexcasting/]: Inserted ResourceKey[hexcasting:action / hexal:mote/craft] which has same signature as ResourceKey[hexcasting:action / hexal:mote/craft], overriding it.
[21Mar2026 17:50:17.716] [Render thread/WARN] [hexcasting/]: Inserted ResourceKey[hexcasting:action / hexcasting:recharge] which has same signature as ResourceKey[hexcasting:action / hexcasting:recharge], overriding it.
[21Mar2026 17:50:17.716] [Render thread/INFO] [hexcasting/]: We're on the client! Loaded 318 regular actions, 18 per-world actions, and 2 special handlers
[21Mar2026 17:50:18.108] [Render thread/INFO] [net.minecraft.advancements.AdvancementList/]: Loaded 11 advancements
[21Mar2026 17:50:18.113] [Render thread/INFO] [patchouli/]: BookContentResourceListenerLoader: Files found in 334.1 μs
[21Mar2026 17:50:18.117] [Render thread/WARN] [patchouli/]: Queried for unknown config flag: hexcasting:any_interop
[21Mar2026 17:50:18.119] [Render thread/INFO] [patchouli/]: BookContentResourceListenerLoader: Files found in 255.9 μs
[21Mar2026 17:50:18.147] [Render thread/WARN] [patchouli/]: Queried for unknown config flag: hexcasting:any_interop
[21Mar2026 17:50:18.148] [Render thread/INFO] [patchouli/]: BookContentResourceListenerLoader: Files found in 134.1 μs
[21Mar2026 17:50:18.418] [Render thread/INFO] [hexal/]: Serialized everbook data of size 273 compressed to size 62
[21Mar2026 17:50:18.420] [Netty Server IO #1/INFO] [hexal/]: Deserializing everbook data of size 62 decompressed to size 273
[21Mar2026 17:50:18.928] [Server thread/INFO] [net.minecraft.client.server.IntegratedServer/]: Saving and pausing game...
[21Mar2026 17:50:18.937] [Server thread/INFO] [net.minecraft.server.MinecraftServer/]: Saving chunks for level 'ServerLevel[New World]'/minecraft:overworld
[21Mar2026 17:50:19.444] [Server thread/INFO] [net.minecraft.server.MinecraftServer/]: Saving chunks for level 'ServerLevel[New World]'/oneironaut:noosphere
[21Mar2026 17:50:19.445] [Server thread/INFO] [net.minecraft.server.MinecraftServer/]: Saving chunks for level 'ServerLevel[New World]'/oneironaut:deep_noosphere
[21Mar2026 17:50:19.446] [Server thread/INFO] [net.minecraft.server.MinecraftServer/]: Saving chunks for level 'ServerLevel[New World]'/minecraft:the_nether
[21Mar2026 17:50:19.448] [Server thread/INFO] [net.minecraft.server.MinecraftServer/]: Saving chunks for level 'ServerLevel[New World]'/minecraft:the_end
[21Mar2026 17:51:57.539] [Render thread/INFO] [net.minecraft.advancements.AdvancementList/]: Loaded 29 advancements
[21Mar2026 17:52:05.429] [Render thread/INFO] [net.minecraft.advancements.AdvancementList/]: Loaded 44 advancements
[21Mar2026 17:52:20.285] [Render thread/WARN] [net.minecraft.client.sounds.SoundEngine/SOUNDS]: Unable to play empty soundEvent: minecraft:entity.salmon.ambient
[21Mar2026 17:52:28.466] [Server thread/INFO] [net.minecraft.server.MinecraftServer/]: Dev has made the advancement [Hexcaster's Memory #4]
[21Mar2026 17:52:28.477] [Render thread/INFO] [net.minecraft.client.gui.components.ChatComponent/]: [System] [CHAT] Dev has made the advancement [Hexcaster's Memory #4]
[21Mar2026 17:52:28.518] [Render thread/INFO] [net.minecraft.advancements.AdvancementList/]: Loaded 64 advancements
[21Mar2026 17:52:28.666] [Server thread/INFO] [net.minecraft.server.MinecraftServer/]: Dev has made the advancement [Scientist's Memory #3]
[21Mar2026 17:52:28.673] [Render thread/INFO] [net.minecraft.client.gui.components.ChatComponent/]: [System] [CHAT] Dev has made the advancement [Scientist's Memory #3]
[21Mar2026 17:52:28.716] [Render thread/INFO] [net.minecraft.advancements.AdvancementList/]: Loaded 65 advancements
[21Mar2026 17:52:28.864] [Server thread/INFO] [net.minecraft.server.MinecraftServer/]: Dev has made the advancement [Hexcaster's Memory #2]
[21Mar2026 17:52:28.869] [Render thread/INFO] [net.minecraft.client.gui.components.ChatComponent/]: [System] [CHAT] Dev has made the advancement [Hexcaster's Memory #2]
[21Mar2026 17:52:28.919] [Render thread/INFO] [net.minecraft.advancements.AdvancementList/]: Loaded 66 advancements
[21Mar2026 17:52:29.065] [Server thread/INFO] [net.minecraft.server.MinecraftServer/]: Dev has made the advancement [Scientist's Memory #1]
[21Mar2026 17:52:29.069] [Render thread/INFO] [net.minecraft.client.gui.components.ChatComponent/]: [System] [CHAT] Dev has made the advancement [Scientist's Memory #1]
[21Mar2026 17:52:29.120] [Render thread/INFO] [net.minecraft.advancements.AdvancementList/]: Loaded 67 advancements
[21Mar2026 17:52:29.264] [Server thread/INFO] [net.minecraft.server.MinecraftServer/]: Dev has made the advancement [Hexcaster's Memory #3]
[21Mar2026 17:52:29.274] [Render thread/INFO] [net.minecraft.client.gui.components.ChatComponent/]: [System] [CHAT] Dev has made the advancement [Hexcaster's Memory #3]
[21Mar2026 17:52:29.315] [Render thread/INFO] [net.minecraft.advancements.AdvancementList/]: Loaded 68 advancements
[21Mar2026 17:52:29.465] [Server thread/INFO] [net.minecraft.server.MinecraftServer/]: Dev has made the advancement [Scientist's Memory #2]
[21Mar2026 17:52:29.466] [Render thread/INFO] [net.minecraft.client.gui.components.ChatComponent/]: [System] [CHAT] Dev has made the advancement [Scientist's Memory #2]
[21Mar2026 17:52:29.517] [Render thread/INFO] [net.minecraft.advancements.AdvancementList/]: Loaded 69 advancements
[21Mar2026 17:52:29.665] [Server thread/INFO] [net.minecraft.server.MinecraftServer/]: Dev has made the advancement [Hexcaster's Memory #1]
[21Mar2026 17:52:29.669] [Render thread/INFO] [net.minecraft.client.gui.components.ChatComponent/]: [System] [CHAT] Dev has made the advancement [Hexcaster's Memory #1]
[21Mar2026 17:52:29.719] [Render thread/INFO] [net.minecraft.advancements.AdvancementList/]: Loaded 70 advancements
[21Mar2026 17:53:02.509] [Server thread/INFO] [net.minecraft.client.server.IntegratedServer/]: Saving and pausing game...
[21Mar2026 17:53:02.513] [Server thread/INFO] [net.minecraft.server.MinecraftServer/]: Saving chunks for level 'ServerLevel[New World]'/minecraft:overworld
[21Mar2026 17:53:02.518] [Server thread/INFO] [net.minecraft.server.MinecraftServer/]: Saving chunks for level 'ServerLevel[New World]'/oneironaut:noosphere
[21Mar2026 17:53:02.519] [Server thread/INFO] [net.minecraft.server.MinecraftServer/]: Saving chunks for level 'ServerLevel[New World]'/oneironaut:deep_noosphere
[21Mar2026 17:53:02.520] [Server thread/INFO] [net.minecraft.server.MinecraftServer/]: Saving chunks for level 'ServerLevel[New World]'/minecraft:the_nether
[21Mar2026 17:53:02.520] [Server thread/INFO] [net.minecraft.server.MinecraftServer/]: Saving chunks for level 'ServerLevel[New World]'/minecraft:the_end
[21Mar2026 17:53:51.759] [Server thread/INFO] [net.minecraft.client.server.IntegratedServer/]: Saving and pausing game...
[21Mar2026 17:53:51.764] [Server thread/INFO] [net.minecraft.server.MinecraftServer/]: Saving chunks for level 'ServerLevel[New World]'/minecraft:overworld
[21Mar2026 17:53:51.770] [Server thread/INFO] [net.minecraft.server.MinecraftServer/]: Saving chunks for level 'ServerLevel[New World]'/oneironaut:noosphere
[21Mar2026 17:53:51.770] [Server thread/INFO] [net.minecraft.server.MinecraftServer/]: Saving chunks for level 'ServerLevel[New World]'/oneironaut:deep_noosphere
[21Mar2026 17:53:51.771] [Server thread/INFO] [net.minecraft.server.MinecraftServer/]: Saving chunks for level 'ServerLevel[New World]'/minecraft:the_nether
[21Mar2026 17:53:51.772] [Server thread/INFO] [net.minecraft.server.MinecraftServer/]: Saving chunks for level 'ServerLevel[New World]'/minecraft:the_end
[21Mar2026 17:53:52.260] [Render thread/INFO] [hexal/]: Saving everbook.
[21Mar2026 17:53:52.318] [Server thread/INFO] [net.minecraft.server.network.ServerGamePacketListenerImpl/]: Dev lost connection: Disconnected
[21Mar2026 17:53:52.318] [Server thread/INFO] [net.minecraft.server.MinecraftServer/]: Dev left the game
[21Mar2026 17:53:52.323] [Server thread/INFO] [net.minecraft.server.network.ServerGamePacketListenerImpl/]: Stopping singleplayer server as player logged out
[21Mar2026 17:53:52.362] [Server thread/INFO] [net.minecraft.server.MinecraftServer/]: Stopping server
[21Mar2026 17:53:52.362] [Server thread/INFO] [net.minecraft.server.MinecraftServer/]: Saving players
[21Mar2026 17:53:52.362] [Server thread/INFO] [net.minecraft.server.MinecraftServer/]: Saving worlds
[21Mar2026 17:53:52.790] [Server thread/INFO] [net.minecraft.server.MinecraftServer/]: Saving chunks for level 'ServerLevel[New World]'/minecraft:overworld
[21Mar2026 17:53:53.057] [Server thread/INFO] [net.minecraft.server.MinecraftServer/]: Saving chunks for level 'ServerLevel[New World]'/oneironaut:noosphere
[21Mar2026 17:53:53.057] [Server thread/INFO] [net.minecraft.server.MinecraftServer/]: Saving chunks for level 'ServerLevel[New World]'/oneironaut:deep_noosphere
[21Mar2026 17:53:53.058] [Server thread/INFO] [net.minecraft.server.MinecraftServer/]: Saving chunks for level 'ServerLevel[New World]'/minecraft:the_nether
[21Mar2026 17:53:53.058] [Server thread/INFO] [net.minecraft.server.MinecraftServer/]: Saving chunks for level 'ServerLevel[New World]'/minecraft:the_end
[21Mar2026 17:53:53.069] [Server thread/INFO] [net.minecraft.server.MinecraftServer/]: ThreadedAnvilChunkStorage (New World): All chunks are saved
[21Mar2026 17:53:53.069] [Server thread/INFO] [net.minecraft.server.MinecraftServer/]: ThreadedAnvilChunkStorage (noosphere): All chunks are saved
[21Mar2026 17:53:53.069] [Server thread/INFO] [net.minecraft.server.MinecraftServer/]: ThreadedAnvilChunkStorage (deep_noosphere): All chunks are saved
[21Mar2026 17:53:53.069] [Server thread/INFO] [net.minecraft.server.MinecraftServer/]: ThreadedAnvilChunkStorage (DIM-1): All chunks are saved
[21Mar2026 17:53:53.069] [Server thread/INFO] [net.minecraft.server.MinecraftServer/]: ThreadedAnvilChunkStorage (DIM1): All chunks are saved
[21Mar2026 17:53:53.069] [Server thread/INFO] [net.minecraft.server.MinecraftServer/]: ThreadedAnvilChunkStorage: All dimensions are saved
[21Mar2026 17:53:54.323] [Render thread/INFO] [net.minecraft.client.Minecraft/]: Stopping!
